// SPDX-License-Identifier: OFL-1.1
// Copyright (C) 2017 IBM Corp.

// Generated by scripts/generate_ui_fonts.py. Do not edit.
// Pillow 12.2.0, FreeType 2.14.2, Raqm 0.10.5
// mono/IBMPlexMono-Regular.ttf sha256: fe11304a5fe956d5744e9b6a246cc83d90425245e75a62230044966ca96a7f50
// sans/IBMPlexSans-Regular.ttf sha256: 975dcda37d80f038dcd143c22e33ca2d97a0cc5a929aace1c749153b0fe1afa5
// sans/IBMPlexSans-SemiBold.ttf sha256: a20caf8286023a6a7a85e40b1d2a4ae9fc3e3b1f9eda8f4c542dd4986af67bb1

use super::{Font, Glyph};

const READY_DATA: &[u8] = &[
    0x6F, 0xFF, 0xA0, 0x6F, 0xFF, 0xA0, 0x6F, 0xFF, 0xA0, 0x6F, 0xFF, 0xA0, 0x6F, 0xFF, 0xA0, 0x6F,
    0xFF, 0xA0, 0x4F, 0xFF, 0x90, 0x2F, 0xFF, 0x60, 0x0E, 0xFF, 0x40, 0x0C, 0xFF, 0x20, 0x0A, 0xFF,
    0x00, 0x08, 0xFD, 0x00, 0x06, 0xFB, 0x00, 0x03, 0xF9, 0x00, 0x00, 0x00, 0x00, 0x00, 0x00, 0x00,
    0x2C, 0xED, 0x40, 0xAF, 0xFF, 0xE0, 0xCF, 0xFF, 0xF1, 0xAF, 0xFF, 0xE0, 0x2C, 0xED, 0x40, 0xCF,
    0xF9, 0x00, 0x7F, 0xFE, 0xCF, 0xF9, 0x00, 0x7F, 0xFE, 0xCF, 0xF9, 0x00, 0x7F, 0xFE, 0xCF, 0xF9,
    0x00, 0x7F, 0xFE, 0xCF, 0xF9, 0x00, 0x7F, 0xFE, 0xCF, 0xF9, 0x00, 0x7F, 0xFE, 0xCF, 0xF9, 0x00,
    0x7F, 0xFE, 0xCF, 0xF9, 0x00, 0x7F, 0xFE, 0xCF, 0xF9, 0x00, 0x7F, 0xFE, 0x45, 0x53, 0x00, 0x35,
    0x55, 0x00, 0x00, 0x00, 0x5F, 0xF3, 0x00, 0x01, 0xFF, 0x70, 0x00, 0x00, 0x00, 0x08, 0xFF, 0x10,
    0x00, 0x3F, 0xF5, 0x00, 0x00, 0x00, 0x00, 0xAF, 0xD0, 0x00, 0x06, 0xFF, 0x30, 0x00, 0x00, 0x00,
    0x0C, 0xFB, 0x00, 0x00, 0x8F, 0xF0, 0x00, 0x00, 0x00, 0x00, 0xFF, 0x80, 0x00, 0x0A, 0xFD, 0x00,
    0x00, 0x00, 0x00, 0x2F, 0xF6, 0x00, 0x00, 0xDF, 0xB0, 0x00, 0x00, 0xEF, 0xFF, 0xFF, 0xFF, 0xFF,
    0xFF, 0xFF, 0xFF, 0xE0, 0x0E, 0xFF, 0xFF, 0xFF, 0xFF, 0xFF, 0xFF, 0xFF, 0xFE, 0x00, 0x00, 0x0B,
    0xFD, 0x00, 0x00, 0x6F, 0xF2, 0x00, 0x00, 0x00, 0x00, 0xDF, 0xA0, 0x00, 0x09, 0xFE, 0x00, 0x00,
    0x00, 0x00, 0x0F, 0xF8, 0x00, 0x00, 0xBF, 0xC0, 0x00, 0x00, 0x00, 0x02, 0xFF, 0x60, 0x00, 0x0D,
    0xFA, 0x00, 0x00, 0x00, 0x00, 0x4F, 0xF4, 0x00, 0x00, 0xFF, 0x80, 0x00, 0x00, 0x00, 0x06, 0xFF,
    0x10, 0x00, 0x2F, 0xF6, 0x00, 0x00, 0x3F, 0xFF, 0xFF, 0xFF, 0xFF, 0xFF, 0xFF, 0xFF, 0xF9, 0x03,
    0xFF, 0xFF, 0xFF, 0xFF, 0xFF, 0xFF, 0xFF, 0xFF, 0x90, 0x00, 0x01, 0xFF, 0x80, 0x00, 0x0B, 0xFC,
    0x00, 0x00, 0x00, 0x00, 0x3F, 0xF5, 0x00, 0x00, 0xEF, 0x90, 0x00, 0x00, 0x00, 0x06, 0xFF, 0x20,
    0x00, 0x2F, 0xF6, 0x00, 0x00, 0x00, 0x00, 0x9F, 0xE0, 0x00, 0x05, 0xFF, 0x30, 0x00, 0x00, 0x00,
    0x0C, 0xFC, 0x00, 0x00, 0x7F, 0xF1, 0x00, 0x00, 0x00, 0x00, 0x00, 0x00, 0x5F, 0xFA, 0x00, 0x00,
    0x00, 0x00, 0x00, 0x00, 0x5F, 0xFA, 0x00, 0x00, 0x00, 0x00, 0x00, 0x00, 0x5F, 0xFA, 0x00, 0x00,
    0x00, 0x00, 0x02, 0x8C, 0xEF, 0xFF, 0xD9, 0x30, 0x00, 0x00, 0x7F, 0xFF, 0xFF, 0xFF, 0xFF, 0xFA,
    0x10, 0x06, 0xFF, 0xFF, 0xFF, 0xFF, 0xFF, 0xFF, 0xC1, 0x0E, 0xFF, 0xF7, 0x2F, 0xF6, 0x5D, 0xFF,
    0x90, 0x3F, 0xFF, 0x80, 0x1F, 0xF6, 0x01, 0xB7, 0x00, 0x4F, 0xFF, 0x70, 0x1F, 0xF6, 0x00, 0x00,
    0x00, 0x2F, 0xFF, 0xD2, 0x1F, 0xF6, 0x00, 0x00, 0x00, 0x0B, 0xFF, 0xFF, 0xCF, 0xF7, 0x00, 0x00,
    0x00, 0x02, 0xDF, 0xFF, 0xFF, 0xFF, 0xD9, 0x30, 0x00, 0x00, 0x19, 0xFF, 0xFF, 0xFF, 0xFF, 0xFA,
    0x10, 0x00, 0x00, 0x15, 0x9F, 0xFF, 0xFF, 0xFF, 0xB0, 0x00, 0x00, 0x00, 0x1F, 0xF8, 0x8F, 0xFF,
    0xF4, 0x00, 0x00, 0x00, 0x1F, 0xF6, 0x05, 0xFF, 0xF8, 0x00, 0x40, 0x00, 0x1F, 0xF6, 0x01, 0xFF,
    0xF8, 0x08, 0xF9, 0x00, 0x1F, 0xF6, 0x05, 0xFF, 0xF6, 0x8F, 0xFF, 0xD6, 0x2F, 0xF7, 0x7E, 0xFF,
    0xF2, 0x2E, 0xFF, 0xFF, 0xFF, 0xFF, 0xFF, 0xFF, 0x70, 0x01, 0xAF, 0xFF, 0xFF, 0xFF, 0xFF, 0xF7,
    0x00, 0x00, 0x03, 0x9C, 0xEF, 0xFE, 0xB7, 0x20, 0x00, 0x00, 0x00, 0x00, 0x5F, 0xFA, 0x00, 0x00,
    0x00, 0x00, 0x00, 0x00, 0x5F, 0xFA, 0x00, 0x00, 0x00, 0x00, 0x00, 0x00, 0x5F, 0xFA, 0x00, 0x00,
    0x00, 0x00, 0x18, 0xDF, 0xEC, 0x60, 0x00, 0x00, 0x00, 0x00, 0x6F, 0xFE, 0x20, 0x00, 0x00, 0x1D,
    0xFF, 0xFF, 0xFF, 0x90, 0x00, 0x00, 0x00, 0x2E, 0xFF, 0x50, 0x00, 0x00, 0x0A, 0xFF, 0xB1, 0x3E,
    0xFF, 0x50, 0x00, 0x00, 0x0C, 0xFF, 0xA0, 0x00, 0x00, 0x01, 0xFF, 0xF3, 0x00, 0x8F, 0xFA, 0x00,
    0x00, 0x07, 0xFF, 0xE1, 0x00, 0x00, 0x00, 0x4F, 0xFF, 0x00, 0x05, 0xFF, 0xE0, 0x00, 0x03, 0xFF,
    0xF4, 0x00, 0x00, 0x00, 0x05, 0xFF, 0xF0, 0x00, 0x4F, 0xFF, 0x00, 0x01, 0xDF, 0xF9, 0x00, 0x00,
    0x00, 0x00, 0x5F, 0xFF, 0x00, 0x04, 0xFF, 0xF0, 0x00, 0x9F, 0xFD, 0x10, 0x00, 0x00, 0x00, 0x04,
    0xFF, 0xF0, 0x00, 0x5F, 0xFE, 0x00, 0x4F, 0xFF, 0x30, 0x00, 0x00, 0x00, 0x00, 0x1F, 0xFF, 0x30,
    0x08, 0xFF, 0xA0, 0x1D, 0xFF, 0x80, 0x00, 0x00, 0x00, 0x00, 0x00, 0xAF, 0xFB, 0x13, 0xEF, 0xF5,
    0x0A, 0xFF, 0xC0, 0x17, 0xCE, 0xEC, 0x70, 0x00, 0x01, 0xDF, 0xFF, 0xFF, 0xF9, 0x05, 0xFF, 0xF3,
    0x1C, 0xFF, 0xFF, 0xFF, 0xB0, 0x00, 0x01, 0x8D, 0xFE, 0xC6, 0x01, 0xEF, 0xF7, 0x08, 0xFF, 0xC2,
    0x2D, 0xFF, 0x70, 0x00, 0x00, 0x00, 0x00, 0x00, 0xBF, 0xFB, 0x00, 0xEF, 0xF5, 0x00, 0x6F, 0xFD,
    0x00, 0x00, 0x00, 0x00, 0x00, 0x6F, 0xFE, 0x20, 0x2F, 0xFF, 0x20, 0x04, 0xFF, 0xF1, 0x00, 0x00,
    0x00, 0x00, 0x2E, 0xFF, 0x60, 0x03, 0xFF, 0xF1, 0x00, 0x3F, 0xFF, 0x20, 0x00, 0x00, 0x00, 0x0C,
    0xFF, 0xA0, 0x00, 0x3F, 0xFF, 0x10, 0x03, 0xFF, 0xF2, 0x00, 0x00, 0x00, 0x07, 0xFF, 0xE1, 0x00,
    0x02, 0xFF, 0xF2, 0x00, 0x4F, 0xFF, 0x10, 0x00, 0x00, 0x03, 0xFF, 0xF4, 0x00, 0x00, 0x0E, 0xFF,
    0x50, 0x06, 0xFF, 0xD0, 0x00, 0x00, 0x00, 0xDF, 0xF9, 0x00, 0x00, 0x00, 0x8F, 0xFC, 0x22, 0xDF,
    0xF7, 0x00, 0x00, 0x00, 0x8F, 0xFD, 0x10, 0x00, 0x00, 0x01, 0xCF, 0xFF, 0xFF, 0xFB, 0x00, 0x00,
    0x00, 0x4F, 0xFF, 0x30, 0x00, 0x00, 0x00, 0x01, 0x7C, 0xEE, 0xC7, 0x00, 0x00, 0x00, 0x00, 0x05,
    0xBE, 0xFE, 0xB6, 0x00, 0x00, 0x00, 0x00, 0x00, 0x00, 0x1B, 0xFF, 0xFF, 0xFF, 0xFD, 0x20, 0x00,
    0x00, 0x00, 0x00, 0x0B, 0xFF, 0xFF, 0xFF, 0xFF, 0xFB, 0x00, 0x00, 0x00, 0x00, 0x03, 0xFF, 0xFD,
    0x31, 0x4D, 0xFF, 0xF2, 0x00, 0x00, 0x00, 0x00, 0x6F, 0xFF, 0x50, 0x00, 0x6F, 0xFF, 0x40, 0x00,
    0x00, 0x00, 0x05, 0xFF, 0xF5, 0x00, 0x06, 0xFF, 0xF3, 0x00, 0x00, 0x00, 0x00, 0x2F, 0xFF, 0xB0,
    0x01, 0xDF, 0xFD, 0x00, 0x00, 0x00, 0x00, 0x00, 0xAF, 0xFF, 0x83, 0xDF, 0xFF, 0x40, 0x00, 0x00,
    0x00, 0x00, 0x01, 0xEF, 0xFF, 0xFF, 0xFF, 0x50, 0x00, 0x00, 0x00, 0x00, 0x00, 0x05, 0xFF, 0xFF,
    0xFC, 0x30, 0x00, 0x00, 0x00, 0x00, 0x00, 0x06, 0xEF, 0xFF, 0xFF, 0x50, 0x00, 0x8F, 0xFF, 0xF4,
    0x00, 0x08, 0xFF, 0xFE, 0xFF, 0xFF, 0x50, 0x0A, 0xFF, 0xFF, 0x40, 0x06, 0xFF, 0xFB, 0x17, 0xFF,
    0xFF, 0x40, 0xDF, 0xFF, 0xF4, 0x00, 0xEF, 0xFE, 0x10, 0x08, 0xFF, 0xFE, 0x6F, 0xFF, 0x20, 0x00,
    0x3F, 0xFF, 0xA0, 0x00, 0x08, 0xFF, 0xFF, 0xFF, 0xD0, 0x00, 0x04, 0xFF, 0xFA, 0x00, 0x00, 0x09,
    0xFF, 0xFF, 0xF6, 0x00, 0x00, 0x3F, 0xFF, 0xE1, 0x00, 0x00, 0x0B, 0xFF, 0xFF, 0x30, 0x00, 0x00,
    0xDF, 0xFF, 0xC4, 0x10, 0x39, 0xFF, 0xFF, 0xFD, 0x10, 0x00, 0x05, 0xFF, 0xFF, 0xFF, 0xFF, 0xFF,
    0xFE, 0xFF, 0xFC, 0x10, 0x00, 0x06, 0xEF, 0xFF, 0xFF, 0xFF, 0xF9, 0x1C, 0xFF, 0xFB, 0x00, 0x00,
    0x01, 0x7C, 0xEF, 0xEC, 0x83, 0x00, 0x2E, 0xFF, 0xFA, 0x00, 0xCF, 0xF9, 0xCF, 0xF9, 0xCF, 0xF9,
    0xCF, 0xF9, 0xCF, 0xF9, 0xCF, 0xF9, 0xCF, 0xF9, 0xCF, 0xF9, 0xCF, 0xF9, 0x45, 0x53, 0x00, 0x00,
    0x0A, 0xFF, 0xD1, 0x00, 0x00, 0x9F, 0xFE, 0x20, 0x00, 0x06, 0xFF, 0xF4, 0x00, 0x00, 0x1E, 0xFF,
    0x90, 0x00, 0x00, 0x8F, 0xFE, 0x10, 0x00, 0x00, 0xEF, 0xF8, 0x00, 0x00, 0x05, 0xFF, 0xF2, 0x00,
    0x00, 0x0A, 0xFF, 0xC0, 0x00, 0x00, 0x0D, 0xFF, 0x80, 0x00, 0x00, 0x2F, 0xFF, 0x50, 0x00, 0x00,
    0x4F, 0xFF, 0x30, 0x00, 0x00, 0x6F, 0xFF, 0x20, 0x00, 0x00, 0x7F, 0xFF, 0x10, 0x00, 0x00, 0x7F,
    0xFF, 0x10, 0x00, 0x00, 0x7F, 0xFF, 0x10, 0x00, 0x00, 0x6F, 0xFF, 0x20, 0x00, 0x00, 0x4F, 0xFF,
    0x30, 0x00, 0x00, 0x2F, 0xFF, 0x50, 0x00, 0x00, 0x0D, 0xFF, 0x80, 0x00, 0x00, 0x0A, 0xFF, 0xC0,
    0x00, 0x00, 0x05, 0xFF, 0xF2, 0x00, 0x00, 0x00, 0xEF, 0xF8, 0x00, 0x00, 0x00, 0x7F, 0xFE, 0x20,
    0x00, 0x00, 0x1E, 0xFF, 0xA0, 0x00, 0x00, 0x06, 0xFF, 0xF4, 0x00, 0x00, 0x00, 0xAF, 0xFD, 0x10,
    0x00, 0x00, 0x0B, 0xFF, 0xC1, 0x1C, 0xFF, 0xC1, 0x00, 0x00, 0x01, 0xDF, 0xFB, 0x00, 0x00, 0x00,
    0x3F, 0xFF, 0x70, 0x00, 0x00, 0x07, 0xFF, 0xE2, 0x00, 0x00, 0x00, 0xDF, 0xF9, 0x00, 0x00, 0x00,
    0x7F, 0xFF, 0x10, 0x00, 0x00, 0x1F, 0xFF, 0x60, 0x00, 0x00, 0x0B, 0xFF, 0xB0, 0x00, 0x00, 0x07,
    0xFF, 0xF0, 0x00, 0x00, 0x04, 0xFF, 0xF3, 0x00, 0x00, 0x01, 0xFF, 0xF6, 0x00, 0x00, 0x00, 0xFF,
    0xF8, 0x00, 0x00, 0x00, 0xFF, 0xF8, 0x00, 0x00, 0x00, 0xFF, 0xF9, 0x00, 0x00, 0x00, 0xFF, 0xF8,
    0x00, 0x00, 0x00, 0xFF, 0xF8, 0x00, 0x00, 0x01, 0xFF, 0xF6, 0x00, 0x00, 0x04, 0xFF, 0xF3, 0x00,
    0x00, 0x06, 0xFF, 0xF0, 0x00, 0x00, 0x0A, 0xFF, 0xB0, 0x00, 0x00, 0x1F, 0xFF, 0x60, 0x00, 0x00,
    0x7F, 0xFF, 0x10, 0x00, 0x00, 0xDF, 0xF9, 0x00, 0x00, 0x07, 0xFF, 0xE2, 0x00, 0x00, 0x2E, 0xFF,
    0x70, 0x00, 0x01, 0xCF, 0xFB, 0x00, 0x00, 0x1B, 0xFF, 0xC1, 0x00, 0x00, 0x00, 0x00, 0x05, 0xFF,
    0xF0, 0x00, 0x00, 0x00, 0x00, 0x00, 0x4F, 0xFE, 0x00, 0x00, 0x00, 0x00, 0x00, 0x03, 0xFF, 0xE0,
    0x00, 0x00, 0x01, 0x71, 0x00, 0x2F, 0xFD, 0x00, 0x03, 0x70, 0x6F, 0xFA, 0x42, 0xFF, 0xC1, 0x6C,
    0xFF, 0x1B, 0xFF, 0xFF, 0xDF, 0xFE, 0xEF, 0xFF, 0xF6, 0x7C, 0xFF, 0xFF, 0xFF, 0xFF, 0xFF, 0xEA,
    0x40, 0x01, 0x5A, 0xFF, 0xFF, 0xE8, 0x40, 0x00, 0x00, 0x00, 0x6F, 0xFF, 0xFE, 0x20, 0x00, 0x00,
    0x00, 0x4F, 0xFF, 0xCF, 0xFD, 0x10, 0x00, 0x00, 0x2E, 0xFF, 0x91, 0xDF, 0xFB, 0x00, 0x00, 0x1C,
    0xFF, 0xE1, 0x04, 0xFF, 0xF8, 0x00, 0x01, 0xAF, 0xF5, 0x00, 0x09, 0xFF, 0x70, 0x00, 0x00, 0x69,
    0x00, 0x00, 0x1A, 0x30, 0x00, 0x00, 0x00, 0x08, 0xCC, 0x80, 0x00, 0x00, 0x00, 0x00, 0x0A, 0xFF,
    0xA0, 0x00, 0x00, 0x00, 0x00, 0x0A, 0xFF, 0xA0, 0x00, 0x00, 0x00, 0x00, 0x0A, 0xFF, 0xA0, 0x00,
    0x00, 0x00, 0x00, 0x0A, 0xFF, 0xA0, 0x00, 0x00, 0x00, 0x00, 0x0A, 0xFF, 0xA0, 0x00, 0x00, 0xFF,
    0xFF, 0xFF, 0xFF, 0xFF, 0xFF, 0xFF, 0xFF, 0xFF, 0xFF, 0xFF, 0xFF, 0xFF, 0xFF, 0xFF, 0xFF, 0xFF,
    0xFF, 0xFF, 0xFF, 0xFF, 0x00, 0x00, 0x0A, 0xFF, 0xA0, 0x00, 0x00, 0x00, 0x00, 0x0A, 0xFF, 0xA0,
    0x00, 0x00, 0x00, 0x00, 0x0A, 0xFF, 0xA0, 0x00, 0x00, 0x00, 0x00, 0x0A, 0xFF, 0xA0, 0x00, 0x00,
    0x00, 0x00, 0x0A, 0xFF, 0xA0, 0x00, 0x00, 0x00, 0x00, 0x08, 0xBB, 0x80, 0x00, 0x00, 0x03, 0xCE,
    0xC2, 0x0C, 0xFF, 0xFB, 0x0E, 0xFF, 0xFD, 0x0C, 0xFF, 0xFC, 0x04, 0xDF, 0xF9, 0x00, 0x5F, 0xF4,
    0x00, 0xDF, 0xC0, 0x08, 0xFF, 0x30, 0x7F, 0xF5, 0x00, 0x4F, 0xFF, 0xFF, 0xFF, 0xF5, 0x4F, 0xFF,
    0xFF, 0xFF, 0xF5, 0x4F, 0xFF, 0xFF, 0xFF, 0xF5, 0x4F, 0xFF, 0xFF, 0xFF, 0xF5, 0x3C, 0xEC, 0x3C,
    0xFF, 0xFB, 0xEF, 0xFF, 0xDC, 0xFF, 0xFB, 0x3C, 0xEC, 0x30, 0x00, 0x00, 0x00, 0x00, 0x6F, 0xFC,
    0x00, 0x00, 0x00, 0x00, 0xBF, 0xF7, 0x00, 0x00, 0x00, 0x01, 0xFF, 0xF3, 0x00, 0x00, 0x00, 0x05,
    0xFF, 0xD0, 0x00, 0x00, 0x00, 0x0A, 0xFF, 0x80, 0x00, 0x00, 0x00, 0x0E, 0xFF, 0x30, 0x00, 0x00,
    0x00, 0x5F, 0xFD, 0x00, 0x00, 0x00, 0x00, 0x9F, 0xF9, 0x00, 0x00, 0x00, 0x00, 0xEF, 0xF4, 0x00,
    0x00, 0x00, 0x04, 0xFF, 0xE0, 0x00, 0x00, 0x00, 0x09, 0xFF, 0x90, 0x00, 0x00, 0x00, 0x0D, 0xFF,
    0x50, 0x00, 0x00, 0x00, 0x3F, 0xFE, 0x00, 0x00, 0x00, 0x00, 0x8F, 0xFA, 0x00, 0x00, 0x00, 0x00,
    0xDF, 0xF5, 0x00, 0x00, 0x00, 0x03, 0xFF, 0xF1, 0x00, 0x00, 0x00, 0x07, 0xFF, 0xB0, 0x00, 0x00,
    0x00, 0x0C, 0xFF, 0x60, 0x00, 0x00, 0x00, 0x2F, 0xFF, 0x10, 0x00, 0x00, 0x00, 0x7F, 0xFB, 0x00,
    0x00, 0x00, 0x00, 0xCF, 0xF6, 0x00, 0x00, 0x00, 0x01, 0xFF, 0xF2, 0x00, 0x00, 0x00, 0x06, 0xFF,
    0xC0, 0x00, 0x00, 0x00, 0x0B, 0xFF, 0x70, 0x00, 0x00, 0x00, 0x1F, 0xFF, 0x20, 0x00, 0x00, 0x00,
    0x6F, 0xFD, 0x00, 0x00, 0x00, 0x00, 0xAF, 0xF8, 0x00, 0x00, 0x00, 0x00, 0x00, 0x00, 0x49, 0xDE,
    0xED, 0x94, 0x00, 0x00, 0x00, 0x09, 0xFF, 0xFF, 0xFF, 0xFF, 0x90, 0x00, 0x00, 0xAF, 0xFF, 0xFF,
    0xFF, 0xFF, 0xFA, 0x00, 0x05, 0xFF, 0xFE, 0x51, 0x15, 0xEF, 0xFF, 0x40, 0x0C, 0xFF, 0xF3, 0x00,
    0x00, 0x4F, 0xFF, 0xC0, 0x2F, 0xFF, 0xC0, 0x00, 0x00, 0x0C, 0xFF, 0xF2, 0x6F, 0xFF, 0x90, 0x00,
    0x00, 0x09, 0xFF, 0xF6, 0x9F, 0xFF, 0x70, 0x00, 0x00, 0x07, 0xFF, 0xF8, 0xBF, 0xFF, 0x60, 0x00,
    0x00, 0x06, 0xFF, 0xFA, 0xBF, 0xFF, 0x60, 0x00, 0x00, 0x06, 0xFF, 0xFB, 0xCF, 0xFF, 0x60, 0x00,
    0x00, 0x06, 0xFF, 0xFC, 0xBF, 0xFF, 0x60, 0x00, 0x00, 0x06, 0xFF, 0xFB, 0xBF, 0xFF, 0x60, 0x00,
    0x00, 0x06, 0xFF, 0xFA, 0x9F, 0xFF, 0x70, 0x00, 0x00, 0x07, 0xFF, 0xF8, 0x6F, 0xFF, 0x90, 0x00,
    0x00, 0x09, 0xFF, 0xF6, 0x3F, 0xFF, 0xC0, 0x00, 0x00, 0x0C, 0xFF, 0xF2, 0x0C, 0xFF, 0xF3, 0x00,
    0x00, 0x4F, 0xFF, 0xC0, 0x05, 0xFF, 0xFD, 0x51, 0x15, 0xEF, 0xFF, 0x40, 0x00, 0xAF, 0xFF, 0xFF,
    0xFF, 0xFF, 0xFA, 0x00, 0x00, 0x0A, 0xFF, 0xFF, 0xFF, 0xFF, 0xA0, 0x00, 0x00, 0x00, 0x49, 0xDE,
    0xED, 0x94, 0x00, 0x00, 0x00, 0x00, 0x2E, 0xFF, 0xFF, 0xF5, 0x00, 0x00, 0x00, 0x00, 0x1D, 0xFF,
    0xFF, 0xFF, 0x50, 0x00, 0x00, 0x00, 0x0B, 0xFF, 0xFE, 0xFF, 0xF5, 0x00, 0x00, 0x00, 0x0A, 0xFF,
    0xFB, 0x8F, 0xFF, 0x50, 0x00, 0x00, 0x08, 0xFF, 0xFE, 0x18, 0xFF, 0xF5, 0x00, 0x00, 0x05, 0xFF,
    0xFF, 0x40, 0x8F, 0xFF, 0x50, 0x00, 0x00, 0x6F, 0xFF, 0x80, 0x08, 0xFF, 0xF5, 0x00, 0x00, 0x00,
    0x9F, 0xB0, 0x00, 0x8F, 0xFF, 0x50, 0x00, 0x00, 0x00, 0xA2, 0x00, 0x08, 0xFF, 0xF5, 0x00, 0x00,
    0x00, 0x00, 0x00, 0x00, 0x8F, 0xFF, 0x50, 0x00, 0x00, 0x00, 0x00, 0x00, 0x08, 0xFF, 0xF5, 0x00,
    0x00, 0x00, 0x00, 0x00, 0x00, 0x8F, 0xFF, 0x50, 0x00, 0x00, 0x00, 0x00, 0x00, 0x08, 0xFF, 0xF5,
    0x00, 0x00, 0x00, 0x00, 0x00, 0x00, 0x8F, 0xFF, 0x50, 0x00, 0x00, 0x00, 0x00, 0x00, 0x08, 0xFF,
    0xF5, 0x00, 0x00, 0x00, 0x00, 0x00, 0x00, 0x8F, 0xFF, 0x50, 0x00, 0x00, 0x00, 0x00, 0x00, 0x08,
    0xFF, 0xF5, 0x00, 0x00, 0x00, 0x00, 0x00, 0x00, 0x8F, 0xFF, 0x50, 0x00, 0x00, 0x04, 0xFF, 0xFF,
    0xFF, 0xFF, 0xFF, 0xFF, 0xFF, 0x20, 0x4F, 0xFF, 0xFF, 0xFF, 0xFF, 0xFF, 0xFF, 0xF2, 0x04, 0xFF,
    0xFF, 0xFF, 0xFF, 0xFF, 0xFF, 0xFF, 0x20, 0x00, 0x01, 0x6B, 0xEF, 0xED, 0x94, 0x00, 0x00, 0x00,
    0x4E, 0xFF, 0xFF, 0xFF, 0xFF, 0xA0, 0x00, 0x04, 0xFF, 0xFF, 0xFF, 0xFF, 0xFF, 0xFA, 0x00, 0x1D,
    0xFF, 0xFA, 0x31, 0x2A, 0xFF, 0xFF, 0x40, 0x5F, 0xFF, 0xA0, 0x00, 0x00, 0xBF, 0xFF, 0x90, 0x03,
    0x9E, 0x20, 0x00, 0x00, 0x6F, 0xFF, 0xC0, 0x00, 0x00, 0x00, 0x00, 0x00, 0x5F, 0xFF, 0xC0, 0x00,
    0x00, 0x00, 0x00, 0x00, 0x7F, 0xFF, 0xA0, 0x00, 0x00, 0x00, 0x00, 0x00, 0xDF, 0xFF, 0x60, 0x00,
    0x00, 0x00, 0x00, 0x06, 0xFF, 0xFD, 0x00, 0x00, 0x00, 0x00, 0x00, 0x3F, 0xFF, 0xF3, 0x00, 0x00,
    0x00, 0x00, 0x03, 0xEF, 0xFF, 0x50, 0x00, 0x00, 0x00, 0x00, 0x4E, 0xFF, 0xF5, 0x00, 0x00, 0x00,
    0x00, 0x06, 0xFF, 0xFE, 0x30, 0x00, 0x00, 0x00, 0x00, 0x8F, 0xFF, 0xD2, 0x00, 0x00, 0x00, 0x00,
    0x0A, 0xFF, 0xFC, 0x10, 0x00, 0x00, 0x00, 0x01, 0xBF, 0xFF, 0xB1, 0x00, 0x00, 0x00, 0x00, 0x1C,
    0xFF, 0xFA, 0x00, 0x00, 0x00, 0x00, 0x00, 0x2F, 0xFF, 0xFF, 0xFF, 0xFF, 0xFF, 0xFF, 0xF6, 0x2F,
    0xFF, 0xFF, 0xFF, 0xFF, 0xFF, 0xFF, 0xF6, 0x2F, 0xFF, 0xFF, 0xFF, 0xFF, 0xFF, 0xFF, 0xF6, 0x00,
    0x00, 0x38, 0xCE, 0xFE, 0xC8, 0x20, 0x00, 0x00, 0x19, 0xFF, 0xFF, 0xFF, 0xFF, 0xF7, 0x00, 0x01,
    0xCF, 0xFF, 0xFF, 0xFF, 0xFF, 0xFF, 0x80, 0x03, 0xEF, 0xFD, 0x62, 0x13, 0xCF, 0xFF, 0xF2, 0x00,
    0x3E, 0xC1, 0x00, 0x00, 0x1E, 0xFF, 0xF6, 0x00, 0x02, 0x10, 0x00, 0x00, 0x0B, 0xFF, 0xF7, 0x00,
    0x00, 0x00, 0x00, 0x00, 0x0A, 0xFF, 0xF6, 0x00, 0x00, 0x00, 0x00, 0x00, 0x1E, 0xFF, 0xE2, 0x00,
    0x00, 0x00, 0x00, 0x14, 0xCF, 0xFF, 0x70, 0x00, 0x00, 0x03, 0xFF, 0xFF, 0xFF, 0xE5, 0x00, 0x00,
    0x00, 0x03, 0xFF, 0xFF, 0xFC, 0x40, 0x00, 0x00, 0x00, 0x03, 0xFF, 0xFF, 0xFF, 0xFC, 0x20, 0x00,
    0x00, 0x00, 0x00, 0x13, 0x9F, 0xFF, 0xD1, 0x00, 0x00, 0x00, 0x00, 0x00, 0x09, 0xFF, 0xF8, 0x00,
    0x00, 0x00, 0x00, 0x00, 0x04, 0xFF, 0xFC, 0x00, 0x2A, 0x00, 0x00, 0x00, 0x05, 0xFF, 0xFD, 0x04,
    0xEF, 0xA0, 0x00, 0x00, 0x0A, 0xFF, 0xFA, 0x1E, 0xFF, 0xFB, 0x41, 0x13, 0xAF, 0xFF, 0xF5, 0x05,
    0xFF, 0xFF, 0xFF, 0xFF, 0xFF, 0xFF, 0xA0, 0x00, 0x4E, 0xFF, 0xFF, 0xFF, 0xFF, 0xF9, 0x00, 0x00,
    0x01, 0x6B, 0xDF, 0xFE, 0xB8, 0x20, 0x00, 0x00, 0x00, 0x00, 0x00, 0x1E, 0xFF, 0xFF, 0x30, 0x00,
    0x00, 0x00, 0x00, 0x09, 0xFF, 0xFF, 0xF3, 0x00, 0x00, 0x00, 0x00, 0x03, 0xFF, 0xFF, 0xFF, 0x30,
    0x00, 0x00, 0x00, 0x00, 0xCF, 0xFE, 0xFF, 0xF3, 0x00, 0x00, 0x00, 0x00, 0x7F, 0xFC, 0x9F, 0xFF,
    0x30, 0x00, 0x00, 0x00, 0x2E, 0xFF, 0x38, 0xFF, 0xF3, 0x00, 0x00, 0x00, 0x0A, 0xFF, 0x90, 0x8F,
    0xFF, 0x30, 0x00, 0x00, 0x04, 0xFF, 0xE1, 0x08, 0xFF, 0xF3, 0x00, 0x00, 0x00, 0xDF, 0xF7, 0x00,
    0x8F, 0xFF, 0x30, 0x00, 0x00, 0x7F, 0xFD, 0x00, 0x08, 0xFF, 0xF3, 0x00, 0x00, 0x2E, 0xFF, 0x40,
    0x00, 0x8F, 0xFF, 0x30, 0x00, 0x0B, 0xFF, 0xA0, 0x00, 0x08, 0xFF, 0xF3, 0x00, 0x05, 0xFF, 0xE2,
    0x00, 0x00, 0x8F, 0xFF, 0x30, 0x00, 0xDF, 0xF7, 0x00, 0x00, 0x08, 0xFF, 0xF3, 0x00, 0x1F, 0xFF,
    0xFF, 0xFF, 0xFF, 0xFF, 0xFF, 0xFF, 0xE1, 0xFF, 0xFF, 0xFF, 0xFF, 0xFF, 0xFF, 0xFF, 0xFE, 0x1F,
    0xFF, 0xFF, 0xFF, 0xFF, 0xFF, 0xFF, 0xFF, 0xE0, 0x00, 0x00, 0x00, 0x00, 0x08, 0xFF, 0xF3, 0x00,
    0x00, 0x00, 0x00, 0x00, 0x00, 0x8F, 0xFF, 0x30, 0x00, 0x00, 0x00, 0x00, 0x00, 0x08, 0xFF, 0xF3,
    0x00, 0x00, 0x00, 0x00, 0x00, 0x00, 0x8F, 0xFF, 0x30, 0x00, 0x00, 0xEF, 0xFF, 0xFF, 0xFF, 0xFF,
    0xFF, 0x70, 0x00, 0xFF, 0xFF, 0xFF, 0xFF, 0xFF, 0xFF, 0x70, 0x01, 0xFF, 0xFF, 0xFF, 0xFF, 0xFF,
    0xFF, 0x70, 0x02, 0xFF, 0xF0, 0x00, 0x00, 0x00, 0x00, 0x00, 0x03, 0xFF, 0xE0, 0x00, 0x00, 0x00,
    0x00, 0x00, 0x04, 0xFF, 0xD0, 0x00, 0x00, 0x00, 0x00, 0x00, 0x05, 0xFF, 0xC0, 0x00, 0x00, 0x00,
    0x00, 0x00, 0x06, 0xFF, 0xB0, 0x4B, 0xEF, 0xD9, 0x20, 0x00, 0x07, 0xFF, 0xA5, 0xFF, 0xFF, 0xFF,
    0xF6, 0x00, 0x08, 0xFF, 0xAE, 0xFF, 0xFF, 0xFF, 0xFF, 0x50, 0x09, 0xFF, 0xFB, 0x41, 0x15, 0xDF,
    0xFF, 0xD0, 0x02, 0x46, 0x70, 0x00, 0x00, 0x3F, 0xFF, 0xF4, 0x00, 0x00, 0x00, 0x00, 0x00, 0x0B,
    0xFF, 0xF7, 0x00, 0x00, 0x00, 0x00, 0x00, 0x08, 0xFF, 0xF9, 0x00, 0x00, 0x00, 0x00, 0x00, 0x09,
    0xFF, 0xF8, 0x00, 0x29, 0x00, 0x00, 0x00, 0x0B, 0xFF, 0xF6, 0x05, 0xEF, 0x80, 0x00, 0x00, 0x3F,
    0xFF, 0xF2, 0x2F, 0xFF, 0xFA, 0x31, 0x15, 0xDF, 0xFF, 0x90, 0x07, 0xFF, 0xFF, 0xFF, 0xFF, 0xFF,
    0xFD, 0x10, 0x00, 0x5E, 0xFF, 0xFF, 0xFF, 0xFF, 0xB1, 0x00, 0x00, 0x01, 0x7B, 0xEF, 0xED, 0x94,
    0x00, 0x00, 0x00, 0x00, 0x00, 0x1A, 0xFF, 0xFF, 0x91, 0x00, 0x00, 0x00, 0x02, 0xCF, 0xFF, 0xF6,
    0x00, 0x00, 0x00, 0x00, 0x2D, 0xFF, 0xFE, 0x40, 0x00, 0x00, 0x00, 0x01, 0xDF, 0xFF, 0xE3, 0x00,
    0x00, 0x00, 0x00, 0x0A, 0xFF, 0xFE, 0x20, 0x00, 0x00, 0x00, 0x00, 0x5F, 0xFF, 0xF4, 0x00, 0x00,
    0x00, 0x00, 0x00, 0xDF, 0xFF, 0x70, 0x00, 0x00, 0x00, 0x00, 0x05, 0xFF, 0xFD, 0x00, 0x00, 0x00,
    0x00, 0x00, 0x0B, 0xFF, 0xF6, 0x19, 0xDF, 0xEA, 0x40, 0x00, 0x1F, 0xFF, 0xE3, 0xEF, 0xFF, 0xFF,
    0xFA, 0x00, 0x4F, 0xFF, 0xBC, 0xFF, 0xFF, 0xFF, 0xFF, 0x90, 0x6F, 0xFF, 0xFD, 0x51, 0x14, 0xCF,
    0xFF, 0xF2, 0x8F, 0xFF, 0xE2, 0x00, 0x00, 0x1D, 0xFF, 0xF7, 0x7F, 0xFF, 0xA0, 0x00, 0x00, 0x08,
    0xFF, 0xF9, 0x6F, 0xFF, 0x80, 0x00, 0x00, 0x06, 0xFF, 0xFA, 0x3F, 0xFF, 0xA0, 0x00, 0x00, 0x08,
    0xFF, 0xF8, 0x0E, 0xFF, 0xE1, 0x00, 0x00, 0x1D, 0xFF, 0xF4, 0x07, 0xFF, 0xFC, 0x41, 0x14, 0xBF,
    0xFF, 0xC0, 0x00, 0xBF, 0xFF, 0xFF, 0xFF, 0xFF, 0xFE, 0x30, 0x00, 0x1A, 0xFF, 0xFF, 0xFF, 0xFF,
    0xD3, 0x00, 0x00, 0x00, 0x39, 0xDE, 0xFD, 0xA5, 0x00, 0x00, 0x4F, 0xFF, 0xFF, 0xFF, 0xFF, 0xFF,
    0xFF, 0xF4, 0x4F, 0xFF, 0xFF, 0xFF, 0xFF, 0xFF, 0xFF, 0xF4, 0x4F, 0xFF, 0xFF, 0xFF, 0xFF, 0xFF,
    0xFF, 0xF4, 0x4F, 0xFF, 0x20, 0x00, 0x00, 0x0D, 0xFF, 0xF2, 0x4F, 0xFF, 0x20, 0x00, 0x00, 0x4F,
    0xFF, 0xC0, 0x4F, 0xFF, 0x20, 0x00, 0x00, 0xAF, 0xFF, 0x60, 0x4F, 0xFF, 0x20, 0x00, 0x01, 0xFF,
    0xFE, 0x10, 0x00, 0x00, 0x00, 0x00, 0x07, 0xFF, 0xF9, 0x00, 0x00, 0x00, 0x00, 0x00, 0x0D, 0xFF,
    0xF3, 0x00, 0x00, 0x00, 0x00, 0x00, 0x4F, 0xFF, 0xC0, 0x00, 0x00, 0x00, 0x00, 0x00, 0xAF, 0xFF,
    0x60, 0x00, 0x00, 0x00, 0x00, 0x02, 0xFF, 0xFE, 0x10, 0x00, 0x00, 0x00, 0x00, 0x07, 0xFF, 0xF9,
    0x00, 0x00, 0x00, 0x00, 0x00, 0x0D, 0xFF, 0xF3, 0x00, 0x00, 0x00, 0x00, 0x00, 0x5F, 0xFF, 0xC0,
    0x00, 0x00, 0x00, 0x00, 0x00, 0xBF, 0xFF, 0x60, 0x00, 0x00, 0x00, 0x00, 0x02, 0xFF, 0xFE, 0x10,
    0x00, 0x00, 0x00, 0x00, 0x08, 0xFF, 0xF9, 0x00, 0x00, 0x00, 0x00, 0x00, 0x0E, 0xFF, 0xF3, 0x00,
    0x00, 0x00, 0x00, 0x00, 0x5F, 0xFF, 0xC0, 0x00, 0x00, 0x00, 0x00, 0x00, 0xBF, 0xFF, 0x60, 0x00,
    0x00, 0x00, 0x00, 0x01, 0x6B, 0xDF, 0xFD, 0xB6, 0x10, 0x00, 0x00, 0x3D, 0xFF, 0xFF, 0xFF, 0xFF,
    0xD3, 0x00, 0x02, 0xEF, 0xFF, 0xFF, 0xFF, 0xFF, 0xFE, 0x20, 0x0A, 0xFF, 0xFC, 0x41, 0x14, 0xCF,
    0xFF, 0x90, 0x0E, 0xFF, 0xE1, 0x00, 0x00, 0x1E, 0xFF, 0xE0, 0x0F, 0xFF, 0xC0, 0x00, 0x00, 0x0C,
    0xFF, 0xF0, 0x0D, 0xFF, 0xC0, 0x00, 0x00, 0x0C, 0xFF, 0xD0, 0x08, 0xFF, 0xE1, 0x00, 0x00, 0x1E,
    0xFF, 0x80, 0x01, 0xDF, 0xFC, 0x41, 0x14, 0xCF, 0xFD, 0x10, 0x00, 0x1A, 0xFF, 0xFF, 0xFF, 0xFF,
    0xA1, 0x00, 0x00, 0x03, 0xCF, 0xFF, 0xFF, 0xFC, 0x30, 0x00, 0x01, 0xAF, 0xFF, 0xFF, 0xFF, 0xFF,
    0xFA, 0x10, 0x0C, 0xFF, 0xFA, 0x31, 0x13, 0xAF, 0xFF, 0xC0, 0x5F, 0xFF, 0xC0, 0x00, 0x00, 0x0C,
    0xFF, 0xF5, 0x9F, 0xFF, 0x80, 0x00, 0x00, 0x08, 0xFF, 0xF9, 0x9F, 0xFF, 0x80, 0x00, 0x00, 0x08,
    0xFF, 0xF9, 0x7F, 0xFF, 0xC0, 0x00, 0x00, 0x0C, 0xFF, 0xF7, 0x2F, 0xFF, 0xFA, 0x31, 0x13, 0xAF,
    0xFF, 0xF2, 0x07, 0xFF, 0xFF, 0xFF, 0xFF, 0xFF, 0xFF, 0x70, 0x00, 0x7E, 0xFF, 0xFF, 0xFF, 0xFF,
    0xE7, 0x00, 0x00, 0x01, 0x7B, 0xEF, 0xFE, 0xB7, 0x10, 0x00, 0x00, 0x00, 0x5A, 0xDF, 0xED, 0x93,
    0x00, 0x00, 0x00, 0x3D, 0xFF, 0xFF, 0xFF, 0xFF, 0x90, 0x00, 0x03, 0xEF, 0xFF, 0xFF, 0xFF, 0xFF,
    0xFB, 0x00, 0x0C, 0xFF, 0xFB, 0x41, 0x15, 0xDF, 0xFF, 0x60, 0x4F, 0xFF, 0xD0, 0x00, 0x00, 0x2E,
    0xFF, 0xD0, 0x8F, 0xFF, 0x80, 0x00, 0x00, 0x0A, 0xFF, 0xF3, 0xAF, 0xFF, 0x60, 0x00, 0x00, 0x08,
    0xFF, 0xF6, 0xAF, 0xFF, 0x80, 0x00, 0x00, 0x0A, 0xFF, 0xF7, 0x7F, 0xFF, 0xD0, 0x00, 0x00, 0x2E,
    0xFF, 0xF7, 0x2F, 0xFF, 0xFB, 0x41, 0x14, 0xDF, 0xFF, 0xF6, 0x09, 0xFF, 0xFF, 0xFF, 0xFF, 0xDB,
    0xFF, 0xF4, 0x00, 0xAF, 0xFF, 0xFF, 0xFE, 0x3E, 0xFF, 0xF1, 0x00, 0x05, 0xBE, 0xFD, 0x92, 0x6F,
    0xFF, 0xC0, 0x00, 0x00, 0x00, 0x00, 0x00, 0xDF, 0xFF, 0x50, 0x00, 0x00, 0x00, 0x00, 0x07, 0xFF,
    0xFD, 0x00, 0x00, 0x00, 0x00, 0x00, 0x4F, 0xFF, 0xF5, 0x00, 0x00, 0x00, 0x00, 0x03, 0xEF, 0xFF,
    0xA0, 0x00, 0x00, 0x00, 0x00, 0x3E, 0xFF, 0xFD, 0x10, 0x00, 0x00, 0x00, 0x04, 0xEF, 0xFF, 0xD2,
    0x00, 0x00, 0x00, 0x00, 0x6F, 0xFF, 0xFC, 0x20, 0x00, 0x00, 0x00, 0x19, 0xFF, 0xFF, 0xA1, 0x00,
    0x00, 0x00, 0x1A, 0xED, 0x50, 0x7F, 0xFF, 0xF1, 0x9F, 0xFF, 0xF2, 0x7F, 0xFF, 0xF1, 0x1B, 0xED,
    0x60, 0x00, 0x00, 0x00, 0x00, 0x00, 0x00, 0x00, 0x00, 0x00, 0x00, 0x00, 0x00, 0x00, 0x00, 0x00,
    0x00, 0x00, 0x00, 0x1A, 0xED, 0x50, 0x7F, 0xFF, 0xF1, 0x9F, 0xFF, 0xF2, 0x7F, 0xFF, 0xF1, 0x1B,
    0xED, 0x60, 0x01, 0xAE, 0xD5, 0x00, 0x7F, 0xFF, 0xF1, 0x09, 0xFF, 0xFF, 0x20, 0x7F, 0xFF, 0xF1,
    0x01, 0xBE, 0xD6, 0x00, 0x00, 0x00, 0x00, 0x00, 0x00, 0x00, 0x00, 0x00, 0x00, 0x00, 0x00, 0x00,
    0x00, 0x00, 0x00, 0x00, 0x00, 0x00, 0x00, 0x00, 0x00, 0x1B, 0xED, 0x50, 0x07, 0xFF, 0xFF, 0x10,
    0xAF, 0xFF, 0xF2, 0x08, 0xFF, 0xFF, 0x10, 0x1B, 0xFF, 0xE0, 0x00, 0x1F, 0xF8, 0x00, 0x08, 0xFF,
    0x20, 0x04, 0xFF, 0x70, 0x03, 0xEF, 0x90, 0x00, 0x00, 0x00, 0x00, 0x00, 0x00, 0x01, 0xA0, 0x00,
    0x00, 0x00, 0x00, 0x00, 0x6E, 0xF0, 0x00, 0x00, 0x00, 0x00, 0x2B, 0xFF, 0xF0, 0x00, 0x00, 0x00,
    0x07, 0xEF, 0xFF, 0xF0, 0x00, 0x00, 0x03, 0xCF, 0xFF, 0xFD, 0x40, 0x00, 0x01, 0x8F, 0xFF, 0xFE,
    0x70, 0x00, 0x00, 0x4D, 0xFF, 0xFF, 0xB2, 0x00, 0x00, 0x09, 0xFF, 0xFF, 0xD5, 0x00, 0x00, 0x00,
    0x0F, 0xFF, 0xF8, 0x10, 0x00, 0x00, 0x00, 0x0F, 0xFF, 0xF8, 0x10, 0x00, 0x00, 0x00, 0x09, 0xFF,
    0xFF, 0xD5, 0x00, 0x00, 0x00, 0x00, 0x4D, 0xFF, 0xFF, 0xB2, 0x00, 0x00, 0x00, 0x01, 0x8F, 0xFF,
    0xFE, 0x70, 0x00, 0x00, 0x00, 0x03, 0xCF, 0xFF, 0xFD, 0x40, 0x00, 0x00, 0x00, 0x07, 0xEF, 0xFF,
    0xF0, 0x00, 0x00, 0x00, 0x00, 0x2B, 0xFF, 0xF0, 0x00, 0x00, 0x00, 0x00, 0x00, 0x6E, 0xF0, 0x00,
    0x00, 0x00, 0x00, 0x00, 0x01, 0xA0, 0xFF, 0xFF, 0xFF, 0xFF, 0xFF, 0xFF, 0xFF, 0xFF, 0xFF, 0xFF,
    0xFF, 0xFF, 0xFF, 0xFF, 0xFF, 0xFF, 0xFF, 0xFF, 0xFF, 0xFF, 0xFF, 0x00, 0x00, 0x00, 0x00, 0x00,
    0x00, 0x00, 0x00, 0x00, 0x00, 0x00, 0x00, 0x00, 0x00, 0x00, 0x00, 0x00, 0x00, 0x00, 0x00, 0x00,
    0x00, 0x00, 0x00, 0x00, 0x00, 0x00, 0x00, 0xFF, 0xFF, 0xFF, 0xFF, 0xFF, 0xFF, 0xFF, 0xFF, 0xFF,
    0xFF, 0xFF, 0xFF, 0xFF, 0xFF, 0xFF, 0xFF, 0xFF, 0xFF, 0xFF, 0xFF, 0xFF, 0x0A, 0x10, 0x00, 0x00,
    0x00, 0x00, 0x00, 0x0F, 0xE6, 0x00, 0x00, 0x00, 0x00, 0x00, 0x0F, 0xFF, 0xB2, 0x00, 0x00, 0x00,
    0x00, 0x0F, 0xFF, 0xFE, 0x70, 0x00, 0x00, 0x00, 0x04, 0xCF, 0xFF, 0xFC, 0x30, 0x00, 0x00, 0x00,
    0x07, 0xEF, 0xFF, 0xF8, 0x10, 0x00, 0x00, 0x00, 0x2A, 0xFF, 0xFF, 0xD4, 0x00, 0x00, 0x00, 0x00,
    0x5D, 0xFF, 0xFF, 0xA0, 0x00, 0x00, 0x00, 0x01, 0x8F, 0xFF, 0xF0, 0x00, 0x00, 0x00, 0x01, 0x8F,
    0xFF, 0xF0, 0x00, 0x00, 0x00, 0x5D, 0xFF, 0xFF, 0x90, 0x00, 0x00, 0x2B, 0xFF, 0xFF, 0xD3, 0x00,
    0x00, 0x07, 0xFF, 0xFF, 0xF8, 0x00, 0x00, 0x04, 0xDF, 0xFF, 0xFC, 0x30, 0x00, 0x00, 0x0F, 0xFF,
    0xFE, 0x70, 0x00, 0x00, 0x00, 0x0F, 0xFF, 0xB2, 0x00, 0x00, 0x00, 0x00, 0x0F, 0xE6, 0x00, 0x00,
    0x00, 0x00, 0x00, 0x0A, 0x10, 0x00, 0x00, 0x00, 0x00, 0x00, 0x00, 0x02, 0x8C, 0xEF, 0xDA, 0x50,
    0x00, 0x00, 0x7F, 0xFF, 0xFF, 0xFF, 0xFB, 0x10, 0x06, 0xFF, 0xFF, 0xFF, 0xFF, 0xFF, 0xB0, 0x1E,
    0xFF, 0xE6, 0x11, 0x6E, 0xFF, 0xF5, 0x4F, 0xFF, 0x60, 0x00, 0x07, 0xFF, 0xFA, 0x01, 0x7B, 0x00,
    0x00, 0x03, 0xFF, 0xFD, 0x00, 0x00, 0x00, 0x00, 0x03, 0xFF, 0xFD, 0x00, 0x00, 0x00, 0x00, 0x06,
    0xFF, 0xFA, 0x00, 0x00, 0x00, 0x00, 0x3E, 0xFF, 0xF5, 0x00, 0x00, 0x04, 0x6A, 0xFF, 0xFF, 0xB0,
    0x00, 0x00, 0x1F, 0xFF, 0xFF, 0xFB, 0x10, 0x00, 0x00, 0x1F, 0xFF, 0xFB, 0x50, 0x00, 0x00, 0x00,
    0x1F, 0xFF, 0x90, 0x00, 0x00, 0x00, 0x00, 0x1F, 0xFF, 0x90, 0x00, 0x00, 0x00, 0x00, 0x00, 0x00,
    0x00, 0x00, 0x00, 0x00, 0x00, 0x00, 0x00, 0x00, 0x00, 0x00, 0x00, 0x00, 0x1B, 0xED, 0x60, 0x00,
    0x00, 0x00, 0x00, 0x7F, 0xFF, 0xF1, 0x00, 0x00, 0x00, 0x00, 0x9F, 0xFF, 0xF3, 0x00, 0x00, 0x00,
    0x00, 0x7F, 0xFF, 0xF1, 0x00, 0x00, 0x00, 0x00, 0x1B, 0xEE, 0x60, 0x00, 0x00, 0x00, 0x00, 0x00,
    0x00, 0x48, 0xCD, 0xFE, 0xDB, 0x72, 0x00, 0x00, 0x00, 0x00, 0x00, 0x00, 0x05, 0xDF, 0xFF, 0xFF,
    0xFF, 0xFF, 0xFA, 0x30, 0x00, 0x00, 0x00, 0x00, 0x1A, 0xFF, 0xE9, 0x42, 0x01, 0x26, 0xBF, 0xFE,
    0x60, 0x00, 0x00, 0x00, 0x1C, 0xFF, 0x91, 0x00, 0x00, 0x00, 0x00, 0x3D, 0xFF, 0x60, 0x00, 0x00,
    0x09, 0xFF, 0x60, 0x00, 0x00, 0x00, 0x00, 0x00, 0x1B, 0xFF, 0x40, 0x00, 0x05, 0xFF, 0x70, 0x00,
    0x00, 0x00, 0x00, 0x00, 0x00, 0x1D, 0xFC, 0x00, 0x00, 0xCF, 0xC0, 0x00, 0x07, 0xDF, 0xD7, 0x2B,
    0xB9, 0x00, 0x6F, 0xF4, 0x00, 0x4F, 0xF5, 0x00, 0x0B, 0xFF, 0xFF, 0xF9, 0xFF, 0xC0, 0x00, 0xEF,
    0x90, 0x08, 0xFE, 0x00, 0x06, 0xFF, 0xD4, 0x14, 0xDF, 0xFC, 0x00, 0x0A, 0xFD, 0x00, 0xCF, 0xA0,
    0x00, 0xDF, 0xF4, 0x00, 0x05, 0xFF, 0xC0, 0x00, 0x7F, 0xF1, 0x0F, 0xF8, 0x00, 0x1F, 0xFF, 0x00,
    0x00, 0x2F, 0xFC, 0x00, 0x06, 0xFF, 0x21, 0xFF, 0x70, 0x04, 0xFF, 0xD0, 0x00, 0x02, 0xFF, 0xC0,
    0x00, 0x5F, 0xF3, 0x2F, 0xF7, 0x00, 0x4F, 0xFD, 0x00, 0x00, 0x2F, 0xFC, 0x00, 0x05, 0xFF, 0x21,
    0xFF, 0x70, 0x04, 0xFF, 0xD0, 0x00, 0x02, 0xFF, 0xC0, 0x00, 0x6F, 0xF1, 0x0F, 0xF8, 0x00, 0x2F,
    0xFF, 0x00, 0x00, 0x3F, 0xFC, 0x00, 0x09, 0xFD, 0x00, 0xDF, 0xA0, 0x00, 0xDF, 0xF4, 0x00, 0x06,
    0xFF, 0xC0, 0x00, 0xDF, 0x80, 0x09, 0xFD, 0x00, 0x06, 0xFF, 0xD4, 0x15, 0xBB, 0xFE, 0x20, 0x7F,
    0xE1, 0x00, 0x5F, 0xF3, 0x00, 0x0B, 0xFF, 0xFF, 0xF5, 0x5F, 0xFE, 0xEF, 0xF5, 0x00, 0x00, 0xEF,
    0xB0, 0x00, 0x08, 0xDF, 0xD5, 0x00, 0x6D, 0xFF, 0xB3, 0x00, 0x00, 0x07, 0xFF, 0x50, 0x00, 0x00,
    0x00, 0x00, 0x00, 0x00, 0x00, 0x00, 0x00, 0x00, 0x0C, 0xFE, 0x40, 0x00, 0x00, 0x00, 0x00, 0x00,
    0x00, 0x00, 0x00, 0x00, 0x00, 0x2D, 0xFF, 0x70, 0x00, 0x00, 0x00, 0x00, 0x00, 0x00, 0x00, 0x00,
    0x00, 0x00, 0x1C, 0xFF, 0xD8, 0x42, 0x00, 0x00, 0x00, 0x00, 0x00, 0x00, 0x00, 0x00, 0x00, 0x06,
    0xEF, 0xFF, 0xFF, 0xFF, 0xFF, 0xFF, 0x30, 0x00, 0x00, 0x00, 0x00, 0x00, 0x01, 0x59, 0xCD, 0xFF,
    0xFF, 0xFF, 0xF3, 0x00, 0x00, 0x00, 0x00, 0x00, 0x00, 0x08, 0xFF, 0xFF, 0xB0, 0x00, 0x00, 0x00,
    0x00, 0x00, 0x00, 0x0D, 0xFF, 0xFF, 0xF1, 0x00, 0x00, 0x00, 0x00, 0x00, 0x00, 0x3F, 0xFF, 0xFF,
    0xF6, 0x00, 0x00, 0x00, 0x00, 0x00, 0x00, 0x8F, 0xFE, 0xEF, 0xFB, 0x00, 0x00, 0x00, 0x00, 0x00,
    0x00, 0xDF, 0xFA, 0xAF, 0xFF, 0x10, 0x00, 0x00, 0x00, 0x00, 0x03, 0xFF, 0xF6, 0x6F, 0xFF, 0x60,
    0x00, 0x00, 0x00, 0x00, 0x08, 0xFF, 0xF2, 0x1F, 0xFF, 0xB0, 0x00, 0x00, 0x00, 0x00, 0x0D, 0xFF,
    0xC0, 0x0C, 0xFF, 0xF1, 0x00, 0x00, 0x00, 0x00, 0x3F, 0xFF, 0x80, 0x08, 0xFF, 0xF6, 0x00, 0x00,
    0x00, 0x00, 0x8F, 0xFF, 0x40, 0x03, 0xFF, 0xFB, 0x00, 0x00, 0x00, 0x00, 0xDF, 0xFE, 0x00, 0x00,
    0xEF, 0xFF, 0x10, 0x00, 0x00, 0x03, 0xFF, 0xFA, 0x00, 0x00, 0xAF, 0xFF, 0x60, 0x00, 0x00, 0x08,
    0xFF, 0xF6, 0x00, 0x00, 0x5F, 0xFF, 0xB0, 0x00, 0x00, 0x0D, 0xFF, 0xFF, 0xFF, 0xFF, 0xFF, 0xFF,
    0xF1, 0x00, 0x00, 0x3F, 0xFF, 0xFF, 0xFF, 0xFF, 0xFF, 0xFF, 0xF6, 0x00, 0x00, 0x8F, 0xFF, 0xFF,
    0xFF, 0xFF, 0xFF, 0xFF, 0xFB, 0x00, 0x00, 0xDF, 0xFF, 0x20, 0x00, 0x00, 0x02, 0xFF, 0xFF, 0x10,
    0x03, 0xFF, 0xFC, 0x00, 0x00, 0x00, 0x00, 0xBF, 0xFF, 0x60, 0x08, 0xFF, 0xF7, 0x00, 0x00, 0x00,
    0x00, 0x6F, 0xFF, 0xB0, 0x0D, 0xFF, 0xF2, 0x00, 0x00, 0x00, 0x00, 0x1F, 0xFF, 0xF1, 0x3F, 0xFF,
    0xC0, 0x00, 0x00, 0x00, 0x00, 0x0B, 0xFF, 0xF5, 0x8F, 0xFF, 0xFF, 0xFF, 0xFF, 0xFD, 0x82, 0x00,
    0x08, 0xFF, 0xFF, 0xFF, 0xFF, 0xFF, 0xFF, 0xE4, 0x00, 0x8F, 0xFF, 0xFF, 0xFF, 0xFF, 0xFF, 0xFF,
    0xE1, 0x08, 0xFF, 0xF6, 0x00, 0x00, 0x15, 0xFF, 0xFF, 0x60, 0x8F, 0xFF, 0x60, 0x00, 0x00, 0x09,
    0xFF, 0xF9, 0x08, 0xFF, 0xF6, 0x00, 0x00, 0x00, 0x6F, 0xFF, 0xA0, 0x8F, 0xFF, 0x60, 0x00, 0x00,
    0x06, 0xFF, 0xF9, 0x08, 0xFF, 0xF6, 0x00, 0x00, 0x00, 0x9F, 0xFF, 0x50, 0x8F, 0xFF, 0x60, 0x00,
    0x01, 0x5F, 0xFF, 0xC0, 0x08, 0xFF, 0xFF, 0xFF, 0xFF, 0xFF, 0xFE, 0xA1, 0x00, 0x8F, 0xFF, 0xFF,
    0xFF, 0xFF, 0xFF, 0xB7, 0x10, 0x08, 0xFF, 0xFF, 0xFF, 0xFF, 0xFF, 0xFF, 0xFD, 0x20, 0x8F, 0xFF,
    0x60, 0x00, 0x00, 0x18, 0xFF, 0xFC, 0x08, 0xFF, 0xF6, 0x00, 0x00, 0x00, 0x0D, 0xFF, 0xF4, 0x8F,
    0xFF, 0x60, 0x00, 0x00, 0x00, 0xAF, 0xFF, 0x68, 0xFF, 0xF6, 0x00, 0x00, 0x00, 0x0A, 0xFF, 0xF7,
    0x8F, 0xFF, 0x60, 0x00, 0x00, 0x00, 0xDF, 0xFF, 0x58, 0xFF, 0xF6, 0x00, 0x00, 0x01, 0x8F, 0xFF,
    0xE1, 0x8F, 0xFF, 0xFF, 0xFF, 0xFF, 0xFF, 0xFF, 0xF8, 0x08, 0xFF, 0xFF, 0xFF, 0xFF, 0xFF, 0xFF,
    0xFA, 0x00, 0x8F, 0xFF, 0xFF, 0xFF, 0xFF, 0xFE, 0xC6, 0x00, 0x00, 0x00, 0x00, 0x02, 0x7C, 0xEF,
    0xED, 0xA5, 0x00, 0x00, 0x00, 0x00, 0x8F, 0xFF, 0xFF, 0xFF, 0xFF, 0xC2, 0x00, 0x00, 0x0A, 0xFF,
    0xFF, 0xFF, 0xFF, 0xFF, 0xFE, 0x20, 0x00, 0x8F, 0xFF, 0xE7, 0x20, 0x26, 0xEF, 0xFF, 0xB0, 0x02,
    0xFF, 0xFE, 0x30, 0x00, 0x00, 0x2E, 0xFF, 0xB1, 0x09, 0xFF, 0xF7, 0x00, 0x00, 0x00, 0x07, 0xC4,
    0x00, 0x0E, 0xFF, 0xF1, 0x00, 0x00, 0x00, 0x00, 0x00, 0x00, 0x2F, 0xFF, 0xD0, 0x00, 0x00, 0x00,
    0x00, 0x00, 0x00, 0x4F, 0xFF, 0xC0, 0x00, 0x00, 0x00, 0x00, 0x00, 0x00, 0x5F, 0xFF, 0xC0, 0x00,
    0x00, 0x00, 0x00, 0x00, 0x00, 0x6F, 0xFF, 0xC0, 0x00, 0x00, 0x00, 0x00, 0x00, 0x00, 0x6F, 0xFF,
    0xC0, 0x00, 0x00, 0x00, 0x00, 0x00, 0x00, 0x5F, 0xFF, 0xC0, 0x00, 0x00, 0x00, 0x00, 0x00, 0x00,
    0x3F, 0xFF, 0xD0, 0x00, 0x00, 0x00, 0x00, 0x00, 0x00, 0x0E, 0xFF, 0xF1, 0x00, 0x00, 0x00, 0x00,
    0x20, 0x00, 0x0A, 0xFF, 0xF6, 0x00, 0x00, 0x00, 0x05, 0xF8, 0x10, 0x03, 0xFF, 0xFE, 0x20, 0x00,
    0x00, 0x2D, 0xFF, 0xD2, 0x00, 0xAF, 0xFF, 0xE7, 0x20, 0x26, 0xEF, 0xFF, 0xB0, 0x00, 0x1C, 0xFF,
    0xFF, 0xFF, 0xFF, 0xFF, 0xFD, 0x10, 0x00, 0x01, 0x9F, 0xFF, 0xFF, 0xFF, 0xFF, 0xB1, 0x00, 0x00,
    0x00, 0x03, 0x8C, 0xEF, 0xED, 0x94, 0x00, 0x00, 0x8F, 0xFF, 0xFF, 0xFF, 0xED, 0xA6, 0x10, 0x00,
    0x00, 0x8F, 0xFF, 0xFF, 0xFF, 0xFF, 0xFF, 0xE5, 0x00, 0x00, 0x8F, 0xFF, 0xFF, 0xFF, 0xFF, 0xFF,
    0xFF, 0x70, 0x00, 0x8F, 0xFF, 0x60, 0x00, 0x13, 0x9F, 0xFF, 0xF4, 0x00, 0x8F, 0xFF, 0x60, 0x00,
    0x00, 0x06, 0xFF, 0xFD, 0x00, 0x8F, 0xFF, 0x60, 0x00, 0x00, 0x00, 0xBF, 0xFF, 0x40, 0x8F, 0xFF,
    0x60, 0x00, 0x00, 0x00, 0x5F, 0xFF, 0x90, 0x8F, 0xFF, 0x60, 0x00, 0x00, 0x00, 0x3F, 0xFF, 0xC0,
    0x8F, 0xFF, 0x60, 0x00, 0x00, 0x00, 0x2F, 0xFF, 0xF0, 0x8F, 0xFF, 0x60, 0x00, 0x00, 0x00, 0x1F,
    0xFF, 0xF1, 0x8F, 0xFF, 0x60, 0x00, 0x00, 0x00, 0x1F, 0xFF, 0xF1, 0x8F, 0xFF, 0x60, 0x00, 0x00,
    0x00, 0x1F, 0xFF, 0xF1, 0x8F, 0xFF, 0x60, 0x00, 0x00, 0x00, 0x2F, 0xFF, 0xF0, 0x8F, 0xFF, 0x60,
    0x00, 0x00, 0x00, 0x3F, 0xFF, 0xC0, 0x8F, 0xFF, 0x60, 0x00, 0x00, 0x00, 0x5F, 0xFF, 0x90, 0x8F,
    0xFF, 0x60, 0x00, 0x00, 0x00, 0xBF, 0xFF, 0x40, 0x8F, 0xFF, 0x60, 0x00, 0x00, 0x06, 0xFF, 0xFD,
    0x00, 0x8F, 0xFF, 0x60, 0x00, 0x03, 0x9F, 0xFF, 0xF4, 0x00, 0x8F, 0xFF, 0xFF, 0xFF, 0xFF, 0xFF,
    0xFF, 0x70, 0x00, 0x8F, 0xFF, 0xFF, 0xFF, 0xFF, 0xFF, 0xE5, 0x00, 0x00, 0x8F, 0xFF, 0xFF, 0xFF,
    0xFD, 0xB6, 0x10, 0x00, 0x00, 0x8F, 0xFF, 0xFF, 0xFF, 0xFF, 0xFF, 0xFF, 0x48, 0xFF, 0xFF, 0xFF,
    0xFF, 0xFF, 0xFF, 0xF4, 0x8F, 0xFF, 0xFF, 0xFF, 0xFF, 0xFF, 0xFF, 0x48, 0xFF, 0xF6, 0x00, 0x00,
    0x00, 0x00, 0x00, 0x8F, 0xFF, 0x60, 0x00, 0x00, 0x00, 0x00, 0x08, 0xFF, 0xF6, 0x00, 0x00, 0x00,
    0x00, 0x00, 0x8F, 0xFF, 0x60, 0x00, 0x00, 0x00, 0x00, 0x08, 0xFF, 0xF6, 0x00, 0x00, 0x00, 0x00,
    0x00, 0x8F, 0xFF, 0x60, 0x00, 0x00, 0x00, 0x00, 0x08, 0xFF, 0xFF, 0xFF, 0xFF, 0xFF, 0xFF, 0x20,
    0x8F, 0xFF, 0xFF, 0xFF, 0xFF, 0xFF, 0xF2, 0x08, 0xFF, 0xFF, 0xFF, 0xFF, 0xFF, 0xFF, 0x20, 0x8F,
    0xFF, 0x60, 0x00, 0x00, 0x00, 0x00, 0x08, 0xFF, 0xF6, 0x00, 0x00, 0x00, 0x00, 0x00, 0x8F, 0xFF,
    0x60, 0x00, 0x00, 0x00, 0x00, 0x08, 0xFF, 0xF6, 0x00, 0x00, 0x00, 0x00, 0x00, 0x8F, 0xFF, 0x60,
    0x00, 0x00, 0x00, 0x00, 0x08, 0xFF, 0xF6, 0x00, 0x00, 0x00, 0x00, 0x00, 0x8F, 0xFF, 0xFF, 0xFF,
    0xFF, 0xFF, 0xFF, 0x48, 0xFF, 0xFF, 0xFF, 0xFF, 0xFF, 0xFF, 0xF4, 0x8F, 0xFF, 0xFF, 0xFF, 0xFF,
    0xFF, 0xFF, 0x40, 0x8F, 0xFF, 0xFF, 0xFF, 0xFF, 0xFF, 0xFE, 0x8F, 0xFF, 0xFF, 0xFF, 0xFF, 0xFF,
    0xFE, 0x8F, 0xFF, 0xFF, 0xFF, 0xFF, 0xFF, 0xFE, 0x8F, 0xFF, 0x60, 0x00, 0x00, 0x00, 0x00, 0x8F,
    0xFF, 0x60, 0x00, 0x00, 0x00, 0x00, 0x8F, 0xFF, 0x60, 0x00, 0x00, 0x00, 0x00, 0x8F, 0xFF, 0x60,
    0x00, 0x00, 0x00, 0x00, 0x8F, 0xFF, 0x60, 0x00, 0x00, 0x00, 0x00, 0x8F, 0xFF, 0x60, 0x00, 0x00,
    0x00, 0x00, 0x8F, 0xFF, 0xFF, 0xFF, 0xFF, 0xFF, 0xB0, 0x8F, 0xFF, 0xFF, 0xFF, 0xFF, 0xFF, 0xB0,
    0x8F, 0xFF, 0xFF, 0xFF, 0xFF, 0xFF, 0xB0, 0x8F, 0xFF, 0x60, 0x00, 0x00, 0x00, 0x00, 0x8F, 0xFF,
    0x60, 0x00, 0x00, 0x00, 0x00, 0x8F, 0xFF, 0x60, 0x00, 0x00, 0x00, 0x00, 0x8F, 0xFF, 0x60, 0x00,
    0x00, 0x00, 0x00, 0x8F, 0xFF, 0x60, 0x00, 0x00, 0x00, 0x00, 0x8F, 0xFF, 0x60, 0x00, 0x00, 0x00,
    0x00, 0x8F, 0xFF, 0x60, 0x00, 0x00, 0x00, 0x00, 0x8F, 0xFF, 0x60, 0x00, 0x00, 0x00, 0x00, 0x8F,
    0xFF, 0x60, 0x00, 0x00, 0x00, 0x00, 0x00, 0x00, 0x01, 0x6B, 0xDE, 0xED, 0xA5, 0x00, 0x00, 0x00,
    0x00, 0x06, 0xEF, 0xFF, 0xFF, 0xFF, 0xFD, 0x30, 0x00, 0x00, 0x09, 0xFF, 0xFF, 0xFF, 0xFF, 0xFF,
    0xFF, 0x50, 0x00, 0x06, 0xFF, 0xFF, 0x83, 0x11, 0x4B, 0xFF, 0xFE, 0x20, 0x01, 0xFF, 0xFE, 0x30,
    0x00, 0x00, 0x0A, 0xFF, 0xF9, 0x00, 0x8F, 0xFF, 0x70, 0x00, 0x00, 0x00, 0x0D, 0xD6, 0x00, 0x0D,
    0xFF, 0xF1, 0x00, 0x00, 0x00, 0x00, 0x31, 0x00, 0x02, 0xFF, 0xFD, 0x00, 0x00, 0x00, 0x00, 0x00,
    0x00, 0x00, 0x4F, 0xFF, 0xC0, 0x00, 0x00, 0x00, 0x00, 0x00, 0x00, 0x05, 0xFF, 0xFC, 0x00, 0x00,
    0x00, 0x00, 0x00, 0x00, 0x00, 0x6F, 0xFF, 0xC0, 0x00, 0x00, 0xAF, 0xFF, 0xFF, 0xFF, 0x46, 0xFF,
    0xFC, 0x00, 0x00, 0x0A, 0xFF, 0xFF, 0xFF, 0xF4, 0x5F, 0xFF, 0xC0, 0x00, 0x00, 0xAF, 0xFF, 0xFF,
    0xFF, 0x42, 0xFF, 0xFD, 0x00, 0x00, 0x00, 0x00, 0x09, 0xFF, 0xF4, 0x0E, 0xFF, 0xF1, 0x00, 0x00,
    0x00, 0x00, 0x9F, 0xFF, 0x40, 0x9F, 0xFF, 0x70, 0x00, 0x00, 0x00, 0x0C, 0xFF, 0xF4, 0x02, 0xFF,
    0xFF, 0x30, 0x00, 0x00, 0x06, 0xFF, 0xFF, 0x40, 0x08, 0xFF, 0xFF, 0x83, 0x11, 0x39, 0xFF, 0xFF,
    0xF4, 0x00, 0x0B, 0xFF, 0xFF, 0xFF, 0xFF, 0xFF, 0xAF, 0xFF, 0x40, 0x00, 0x09, 0xFF, 0xFF, 0xFF,
    0xFF, 0xB3, 0xFF, 0xF4, 0x00, 0x00, 0x03, 0x8C, 0xEF, 0xDA, 0x50, 0x3F, 0xFF, 0x40, 0x8F, 0xFF,
    0x60, 0x00, 0x00, 0x00, 0x0D, 0xFF, 0xF2, 0x8F, 0xFF, 0x60, 0x00, 0x00, 0x00, 0x0D, 0xFF, 0xF2,
    0x8F, 0xFF, 0x60, 0x00, 0x00, 0x00, 0x0D, 0xFF, 0xF2, 0x8F, 0xFF, 0x60, 0x00, 0x00, 0x00, 0x0D,
    0xFF, 0xF2, 0x8F, 0xFF, 0x60, 0x00, 0x00, 0x00, 0x0D, 0xFF, 0xF2, 0x8F, 0xFF, 0x60, 0x00, 0x00,
    0x00, 0x0D, 0xFF, 0xF2, 0x8F, 0xFF, 0x60, 0x00, 0x00, 0x00, 0x0D, 0xFF, 0xF2, 0x8F, 0xFF, 0x60,
    0x00, 0x00, 0x00, 0x0D, 0xFF, 0xF2, 0x8F, 0xFF, 0x60, 0x00, 0x00, 0x00, 0x0D, 0xFF, 0xF2, 0x8F,
    0xFF, 0xFF, 0xFF, 0xFF, 0xFF, 0xFF, 0xFF, 0xF2, 0x8F, 0xFF, 0xFF, 0xFF, 0xFF, 0xFF, 0xFF, 0xFF,
    0xF2, 0x8F, 0xFF, 0xFF, 0xFF, 0xFF, 0xFF, 0xFF, 0xFF, 0xF2, 0x8F, 0xFF, 0x60, 0x00, 0x00, 0x00,
    0x0D, 0xFF, 0xF2, 0x8F, 0xFF, 0x60, 0x00, 0x00, 0x00, 0x0D, 0xFF, 0xF2, 0x8F, 0xFF, 0x60, 0x00,
    0x00, 0x00, 0x0D, 0xFF, 0xF2, 0x8F, 0xFF, 0x60, 0x00, 0x00, 0x00, 0x0D, 0xFF, 0xF2, 0x8F, 0xFF,
    0x60, 0x00, 0x00, 0x00, 0x0D, 0xFF, 0xF2, 0x8F, 0xFF, 0x60, 0x00, 0x00, 0x00, 0x0D, 0xFF, 0xF2,
    0x8F, 0xFF, 0x60, 0x00, 0x00, 0x00, 0x0D, 0xFF, 0xF2, 0x8F, 0xFF, 0x60, 0x00, 0x00, 0x00, 0x0D,
    0xFF, 0xF2, 0x8F, 0xFF, 0x60, 0x00, 0x00, 0x00, 0x0D, 0xFF, 0xF2, 0x6F, 0xFF, 0xFF, 0xFF, 0xFF,
    0x16, 0xFF, 0xFF, 0xFF, 0xFF, 0xF1, 0x6F, 0xFF, 0xFF, 0xFF, 0xFF, 0x10, 0x00, 0xAF, 0xFF, 0x50,
    0x00, 0x00, 0x0A, 0xFF, 0xF5, 0x00, 0x00, 0x00, 0xAF, 0xFF, 0x50, 0x00, 0x00, 0x0A, 0xFF, 0xF5,
    0x00, 0x00, 0x00, 0xAF, 0xFF, 0x50, 0x00, 0x00, 0x0A, 0xFF, 0xF5, 0x00, 0x00, 0x00, 0xAF, 0xFF,
    0x50, 0x00, 0x00, 0x0A, 0xFF, 0xF5, 0x00, 0x00, 0x00, 0xAF, 0xFF, 0x50, 0x00, 0x00, 0x0A, 0xFF,
    0xF5, 0x00, 0x00, 0x00, 0xAF, 0xFF, 0x50, 0x00, 0x00, 0x0A, 0xFF, 0xF5, 0x00, 0x00, 0x00, 0xAF,
    0xFF, 0x50, 0x00, 0x00, 0x0A, 0xFF, 0xF5, 0x00, 0x00, 0x00, 0xAF, 0xFF, 0x50, 0x00, 0x6F, 0xFF,
    0xFF, 0xFF, 0xFF, 0x16, 0xFF, 0xFF, 0xFF, 0xFF, 0xF1, 0x6F, 0xFF, 0xFF, 0xFF, 0xFF, 0x10, 0x00,
    0x08, 0xFF, 0xFF, 0xFF, 0xFF, 0xFF, 0x00, 0x00, 0x8F, 0xFF, 0xFF, 0xFF, 0xFF, 0xF0, 0x00, 0x08,
    0xFF, 0xFF, 0xFF, 0xFF, 0xFF, 0x00, 0x00, 0x00, 0x00, 0x00, 0x0E, 0xFF, 0xF0, 0x00, 0x00, 0x00,
    0x00, 0x00, 0xEF, 0xFF, 0x00, 0x00, 0x00, 0x00, 0x00, 0x0E, 0xFF, 0xF0, 0x00, 0x00, 0x00, 0x00,
    0x00, 0xEF, 0xFF, 0x00, 0x00, 0x00, 0x00, 0x00, 0x0E, 0xFF, 0xF0, 0x00, 0x00, 0x00, 0x00, 0x00,
    0xEF, 0xFF, 0x00, 0x00, 0x00, 0x00, 0x00, 0x0E, 0xFF, 0xF0, 0x00, 0x00, 0x00, 0x00, 0x00, 0xEF,
    0xFF, 0x00, 0x00, 0x00, 0x00, 0x00, 0x0E, 0xFF, 0xF0, 0x00, 0x00, 0x00, 0x00, 0x00, 0xEF, 0xFF,
    0x00, 0x00, 0x00, 0x00, 0x00, 0x0E, 0xFF, 0xF0, 0x00, 0x00, 0x00, 0x00, 0x00, 0xEF, 0xFF, 0x00,
    0x36, 0x97, 0x00, 0x00, 0x1F, 0xFF, 0xE0, 0x1F, 0xFF, 0xD1, 0x00, 0x04, 0xFF, 0xFC, 0x00, 0xBF,
    0xFF, 0xB2, 0x14, 0xDF, 0xFF, 0x70, 0x03, 0xFF, 0xFF, 0xFF, 0xFF, 0xFF, 0xD1, 0x00, 0x06, 0xFF,
    0xFF, 0xFF, 0xFF, 0xC2, 0x00, 0x00, 0x02, 0x8C, 0xEF, 0xEB, 0x60, 0x00, 0x00, 0x8F, 0xFF, 0x60,
    0x00, 0x00, 0x00, 0xAF, 0xFF, 0xC1, 0x8F, 0xFF, 0x60, 0x00, 0x00, 0x07, 0xFF, 0xFE, 0x20, 0x8F,
    0xFF, 0x60, 0x00, 0x00, 0x4F, 0xFF, 0xF4, 0x00, 0x8F, 0xFF, 0x60, 0x00, 0x02, 0xEF, 0xFF, 0x60,
    0x00, 0x8F, 0xFF, 0x60, 0x00, 0x1D, 0xFF, 0xF8, 0x00, 0x00, 0x8F, 0xFF, 0x60, 0x00, 0xBF, 0xFF,
    0xB0, 0x00, 0x00, 0x8F, 0xFF, 0x60, 0x08, 0xFF, 0xFC, 0x10, 0x00, 0x00, 0x8F, 0xFF, 0x60, 0x4F,
    0xFF, 0xE2, 0x00, 0x00, 0x00, 0x8F, 0xFF, 0x62, 0xEF, 0xFF, 0x40, 0x00, 0x00, 0x00, 0x8F, 0xFF,
    0x7C, 0xFF, 0xFF, 0x70, 0x00, 0x00, 0x00, 0x8F, 0xFF, 0xEF, 0xFF, 0xFF, 0xF2, 0x00, 0x00, 0x00,
    0x8F, 0xFF, 0xFF, 0xFD, 0xFF, 0xFB, 0x00, 0x00, 0x00, 0x8F, 0xFF, 0xFF, 0x53, 0xFF, 0xFF, 0x60,
    0x00, 0x00, 0x8F, 0xFF, 0xF8, 0x00, 0x8F, 0xFF, 0xE2, 0x00, 0x00, 0x8F, 0xFF, 0xA0, 0x00, 0x1D,
    0xFF, 0xFB, 0x00, 0x00, 0x8F, 0xFF, 0x60, 0x00, 0x04, 0xFF, 0xFF, 0x50, 0x00, 0x8F, 0xFF, 0x60,
    0x00, 0x00, 0xAF, 0xFF, 0xE1, 0x00, 0x8F, 0xFF, 0x60, 0x00, 0x00, 0x1E, 0xFF, 0xFA, 0x00, 0x8F,
    0xFF, 0x60, 0x00, 0x00, 0x06, 0xFF, 0xFF, 0x40, 0x8F, 0xFF, 0x60, 0x00, 0x00, 0x00, 0xBF, 0xFF,
    0xD1, 0x8F, 0xFF, 0x60, 0x00, 0x00, 0x00, 0x2F, 0xFF, 0xF9, 0x8F, 0xFF, 0x60, 0x00, 0x00, 0x00,
    0x08, 0xFF, 0xF6, 0x00, 0x00, 0x00, 0x00, 0x8F, 0xFF, 0x60, 0x00, 0x00, 0x00, 0x08, 0xFF, 0xF6,
    0x00, 0x00, 0x00, 0x00, 0x8F, 0xFF, 0x60, 0x00, 0x00, 0x00, 0x08, 0xFF, 0xF6, 0x00, 0x00, 0x00,
    0x00, 0x8F, 0xFF, 0x60, 0x00, 0x00, 0x00, 0x08, 0xFF, 0xF6, 0x00, 0x00, 0x00, 0x00, 0x8F, 0xFF,
    0x60, 0x00, 0x00, 0x00, 0x08, 0xFF, 0xF6, 0x00, 0x00, 0x00, 0x00, 0x8F, 0xFF, 0x60, 0x00, 0x00,
    0x00, 0x08, 0xFF, 0xF6, 0x00, 0x00, 0x00, 0x00, 0x8F, 0xFF, 0x60, 0x00, 0x00, 0x00, 0x08, 0xFF,
    0xF6, 0x00, 0x00, 0x00, 0x00, 0x8F, 0xFF, 0x60, 0x00, 0x00, 0x00, 0x08, 0xFF, 0xF6, 0x00, 0x00,
    0x00, 0x00, 0x8F, 0xFF, 0x60, 0x00, 0x00, 0x00, 0x08, 0xFF, 0xF6, 0x00, 0x00, 0x00, 0x00, 0x8F,
    0xFF, 0xFF, 0xFF, 0xFF, 0xFF, 0xA8, 0xFF, 0xFF, 0xFF, 0xFF, 0xFF, 0xFA, 0x8F, 0xFF, 0xFF, 0xFF,
    0xFF, 0xFF, 0xA0, 0x8F, 0xFF, 0xF3, 0x00, 0x00, 0x00, 0x00, 0x08, 0xFF, 0xFF, 0x08, 0xFF, 0xFF,
    0xB0, 0x00, 0x00, 0x00, 0x01, 0xEF, 0xFF, 0xF0, 0x8F, 0xFF, 0xFF, 0x40, 0x00, 0x00, 0x00, 0x9F,
    0xFF, 0xFF, 0x08, 0xFF, 0xFF, 0xFC, 0x00, 0x00, 0x00, 0x2F, 0xFF, 0xFF, 0xF0, 0x8F, 0xFF, 0xFF,
    0xF5, 0x00, 0x00, 0x0A, 0xFF, 0xFF, 0xFF, 0x08, 0xFF, 0xFF, 0xFF, 0xD0, 0x00, 0x03, 0xFF, 0xFF,
    0xFF, 0xF0, 0x8F, 0xFF, 0x9F, 0xFF, 0x60, 0x00, 0xBF, 0xFD, 0xBF, 0xFF, 0x08, 0xFF, 0xF3, 0xDF,
    0xFD, 0x10, 0x3F, 0xFF, 0x5B, 0xFF, 0xF0, 0x8F, 0xFF, 0x36, 0xFF, 0xF7, 0x0B, 0xFF, 0xD0, 0xBF,
    0xFF, 0x08, 0xFF, 0xF3, 0x0D, 0xFF, 0xE5, 0xFF, 0xF5, 0x0B, 0xFF, 0xF0, 0x8F, 0xFF, 0x30, 0x5F,
    0xFF, 0xFF, 0xFC, 0x00, 0xBF, 0xFF, 0x08, 0xFF, 0xF3, 0x00, 0xCF, 0xFF, 0xFF, 0x40, 0x0B, 0xFF,
    0xF0, 0x8F, 0xFF, 0x30, 0x04, 0xFF, 0xFF, 0xB0, 0x00, 0xBF, 0xFF, 0x08, 0xFF, 0xF3, 0x00, 0x0A,
    0xFF, 0xF3, 0x00, 0x0B, 0xFF, 0xF0, 0x8F, 0xFF, 0x30, 0x00, 0x2F, 0xF9, 0x00, 0x00, 0xBF, 0xFF,
    0x08, 0xFF, 0xF3, 0x00, 0x00, 0x9E, 0x10, 0x00, 0x0B, 0xFF, 0xF0, 0x8F, 0xFF, 0x30, 0x00, 0x01,
    0x70, 0x00, 0x00, 0xBF, 0xFF, 0x08, 0xFF, 0xF3, 0x00, 0x00, 0x00, 0x00, 0x00, 0x0B, 0xFF, 0xF0,
    0x8F, 0xFF, 0x30, 0x00, 0x00, 0x00, 0x00, 0x00, 0xBF, 0xFF, 0x08, 0xFF, 0xF3, 0x00, 0x00, 0x00,
    0x00, 0x00, 0x0B, 0xFF, 0xF0, 0x8F, 0xFF, 0x30, 0x00, 0x00, 0x00, 0x00, 0x00, 0xBF, 0xFF, 0x00,
    0x8F, 0xFF, 0xF2, 0x00, 0x00, 0x00, 0x0A, 0xFF, 0xF2, 0x8F, 0xFF, 0xFA, 0x00, 0x00, 0x00, 0x0A,
    0xFF, 0xF2, 0x8F, 0xFF, 0xFF, 0x40, 0x00, 0x00, 0x0A, 0xFF, 0xF2, 0x8F, 0xFF, 0xFF, 0xD0, 0x00,
    0x00, 0x0A, 0xFF, 0xF2, 0x8F, 0xFF, 0xFF, 0xF7, 0x00, 0x00, 0x0A, 0xFF, 0xF2, 0x8F, 0xFF, 0xFF,
    0xFE, 0x10, 0x00, 0x0A, 0xFF, 0xF2, 0x8F, 0xFF, 0x9F, 0xFF, 0x90, 0x00, 0x0A, 0xFF, 0xF2, 0x8F,
    0xFF, 0x3D, 0xFF, 0xF3, 0x00, 0x0A, 0xFF, 0xF2, 0x8F, 0xFF, 0x36, 0xFF, 0xFC, 0x00, 0x0A, 0xFF,
    0xF2, 0x8F, 0xFF, 0x30, 0xDF, 0xFF, 0x50, 0x0A, 0xFF, 0xF2, 0x8F, 0xFF, 0x30, 0x6F, 0xFF, 0xD1,
    0x0A, 0xFF, 0xF2, 0x8F, 0xFF, 0x30, 0x0C, 0xFF, 0xF7, 0x0A, 0xFF, 0xF2, 0x8F, 0xFF, 0x30, 0x03,
    0xFF, 0xFE, 0x1A, 0xFF, 0xF2, 0x8F, 0xFF, 0x30, 0x00, 0x9F, 0xFF, 0x7A, 0xFF, 0xF2, 0x8F, 0xFF,
    0x30, 0x00, 0x1E, 0xFF, 0xEA, 0xFF, 0xF2, 0x8F, 0xFF, 0x30, 0x00, 0x07, 0xFF, 0xFF, 0xFF, 0xF2,
    0x8F, 0xFF, 0x30, 0x00, 0x00, 0xDF, 0xFF, 0xFF, 0xF2, 0x8F, 0xFF, 0x30, 0x00, 0x00, 0x4F, 0xFF,
    0xFF, 0xF2, 0x8F, 0xFF, 0x30, 0x00, 0x00, 0x0B, 0xFF, 0xFF, 0xF2, 0x8F, 0xFF, 0x30, 0x00, 0x00,
    0x02, 0xFF, 0xFF, 0xF2, 0x8F, 0xFF, 0x30, 0x00, 0x00, 0x00, 0x8F, 0xFF, 0xF2, 0x00, 0x00, 0x02,
    0x7B, 0xEF, 0xED, 0x94, 0x00, 0x00, 0x00, 0x00, 0x08, 0xFF, 0xFF, 0xFF, 0xFF, 0xFB, 0x20, 0x00,
    0x00, 0x0A, 0xFF, 0xFF, 0xFF, 0xFF, 0xFF, 0xFE, 0x30, 0x00, 0x08, 0xFF, 0xFE, 0x72, 0x01, 0x5D,
    0xFF, 0xFD, 0x10, 0x02, 0xFF, 0xFE, 0x30, 0x00, 0x00, 0x1C, 0xFF, 0xF8, 0x00, 0x9F, 0xFF, 0x70,
    0x00, 0x00, 0x00, 0x2F, 0xFF, 0xE0, 0x0E, 0xFF, 0xF1, 0x00, 0x00, 0x00, 0x00, 0xBF, 0xFF, 0x42,
    0xFF, 0xFD, 0x00, 0x00, 0x00, 0x00, 0x08, 0xFF, 0xF8, 0x5F, 0xFF, 0xC0, 0x00, 0x00, 0x00, 0x00,
    0x6F, 0xFF, 0xA6, 0xFF, 0xFC, 0x00, 0x00, 0x00, 0x00, 0x06, 0xFF, 0xFB, 0x6F, 0xFF, 0xC0, 0x00,
    0x00, 0x00, 0x00, 0x6F, 0xFF, 0xC6, 0xFF, 0xFC, 0x00, 0x00, 0x00, 0x00, 0x06, 0xFF, 0xFB, 0x5F,
    0xFF, 0xC0, 0x00, 0x00, 0x00, 0x00, 0x6F, 0xFF, 0xA2, 0xFF, 0xFD, 0x00, 0x00, 0x00, 0x00, 0x08,
    0xFF, 0xF8, 0x0E, 0xFF, 0xF1, 0x00, 0x00, 0x00, 0x00, 0xBF, 0xFF, 0x40, 0x9F, 0xFF, 0x70, 0x00,
    0x00, 0x00, 0x2F, 0xFF, 0xE1, 0x02, 0xFF, 0xFE, 0x30, 0x00, 0x00, 0x1C, 0xFF, 0xF8, 0x00, 0x08,
    0xFF, 0xFE, 0x72, 0x01, 0x5C, 0xFF, 0xFD, 0x10, 0x00, 0x0B, 0xFF, 0xFF, 0xFF, 0xFF, 0xFF, 0xFE,
    0x30, 0x00, 0x00, 0x08, 0xFF, 0xFF, 0xFF, 0xFF, 0xFB, 0x20, 0x00, 0x00, 0x00, 0x02, 0x7B, 0xEF,
    0xED, 0x94, 0x00, 0x00, 0x00, 0x8F, 0xFF, 0xFF, 0xFF, 0xFF, 0xEC, 0x71, 0x00, 0x08, 0xFF, 0xFF,
    0xFF, 0xFF, 0xFF, 0xFF, 0xD3, 0x00, 0x8F, 0xFF, 0xFF, 0xFF, 0xFF, 0xFF, 0xFF, 0xD1, 0x08, 0xFF,
    0xF6, 0x00, 0x00, 0x03, 0xDF, 0xFF, 0x80, 0x8F, 0xFF, 0x60, 0x00, 0x00, 0x04, 0xFF, 0xFD, 0x08,
    0xFF, 0xF6, 0x00, 0x00, 0x00, 0x1F, 0xFF, 0xF0, 0x8F, 0xFF, 0x60, 0x00, 0x00, 0x00, 0xFF, 0xFF,
    0x18, 0xFF, 0xF6, 0x00, 0x00, 0x00, 0x1F, 0xFF, 0xF0, 0x8F, 0xFF, 0x60, 0x00, 0x00, 0x04, 0xFF,
    0xFD, 0x08, 0xFF, 0xF6, 0x00, 0x00, 0x03, 0xDF, 0xFF, 0x80, 0x8F, 0xFF, 0xFF, 0xFF, 0xFF, 0xFF,
    0xFF, 0xD1, 0x08, 0xFF, 0xFF, 0xFF, 0xFF, 0xFF, 0xFF, 0xD3, 0x00, 0x8F, 0xFF, 0xFF, 0xFF, 0xFF,
    0xEC, 0x71, 0x00, 0x08, 0xFF, 0xF6, 0x00, 0x00, 0x00, 0x00, 0x00, 0x00, 0x8F, 0xFF, 0x60, 0x00,
    0x00, 0x00, 0x00, 0x00, 0x08, 0xFF, 0xF6, 0x00, 0x00, 0x00, 0x00, 0x00, 0x00, 0x8F, 0xFF, 0x60,
    0x00, 0x00, 0x00, 0x00, 0x00, 0x08, 0xFF, 0xF6, 0x00, 0x00, 0x00, 0x00, 0x00, 0x00, 0x8F, 0xFF,
    0x60, 0x00, 0x00, 0x00, 0x00, 0x00, 0x08, 0xFF, 0xF6, 0x00, 0x00, 0x00, 0x00, 0x00, 0x00, 0x8F,
    0xFF, 0x60, 0x00, 0x00, 0x00, 0x00, 0x00, 0x00, 0x00, 0x00, 0x02, 0x7B, 0xEF, 0xED, 0x94, 0x00,
    0x00, 0x00, 0x00, 0x08, 0xFF, 0xFF, 0xFF, 0xFF, 0xFB, 0x20, 0x00, 0x00, 0x0A, 0xFF, 0xFF, 0xFF,
    0xFF, 0xFF, 0xFE, 0x30, 0x00, 0x08, 0xFF, 0xFE, 0x72, 0x01, 0x5D, 0xFF, 0xFD, 0x10, 0x02, 0xFF,
    0xFE, 0x30, 0x00, 0x00, 0x1C, 0xFF, 0xF8, 0x00, 0x8F, 0xFF, 0x70, 0x00, 0x00, 0x00, 0x2F, 0xFF,
    0xE0, 0x0D, 0xFF, 0xF1, 0x00, 0x00, 0x00, 0x00, 0xBF, 0xFF, 0x42, 0xFF, 0xFD, 0x00, 0x00, 0x00,
    0x00, 0x08, 0xFF, 0xF7, 0x4F, 0xFF, 0xC0, 0x00, 0x00, 0x00, 0x00, 0x6F, 0xFF, 0xA6, 0xFF, 0xFC,
    0x00, 0x00, 0x00, 0x00, 0x06, 0xFF, 0xFB, 0x6F, 0xFF, 0xC0, 0x00, 0x00, 0x00, 0x00, 0x6F, 0xFF,
    0xC6, 0xFF, 0xFC, 0x00, 0x00, 0x00, 0x00, 0x06, 0xFF, 0xFB, 0x5F, 0xFF, 0xC0, 0x00, 0x00, 0x00,
    0x00, 0x6F, 0xFF, 0xA3, 0xFF, 0xFD, 0x00, 0x00, 0x00, 0x00, 0x08, 0xFF, 0xF8, 0x0E, 0xFF, 0xF1,
    0x00, 0x00, 0x00, 0x00, 0xBF, 0xFF, 0x50, 0xAF, 0xFF, 0x70, 0x00, 0x00, 0x00, 0x2F, 0xFF, 0xE1,
    0x03, 0xFF, 0xFE, 0x30, 0x00, 0x00, 0x1C, 0xFF, 0xF9, 0x00, 0x09, 0xFF, 0xFE, 0x72, 0x01, 0x5C,
    0xFF, 0xFE, 0x10, 0x00, 0x1C, 0xFF, 0xFF, 0xFF, 0xFF, 0xFF, 0xFF, 0x40, 0x00, 0x00, 0x19, 0xFF,
    0xFF, 0xFF, 0xFF, 0xFD, 0x30, 0x00, 0x00, 0x00, 0x03, 0x9D, 0xFF, 0xFF, 0xB6, 0x00, 0x00, 0x00,
    0x00, 0x00, 0x00, 0x0F, 0xFF, 0xB0, 0x00, 0x00, 0x00, 0x00, 0x00, 0x00, 0x00, 0xEF, 0xFB, 0x00,
    0x00, 0x00, 0x00, 0x00, 0x00, 0x00, 0x0C, 0xFF, 0xFF, 0xFE, 0x00, 0x00, 0x00, 0x00, 0x00, 0x00,
    0x5F, 0xFF, 0xFF, 0xE0, 0x00, 0x00, 0x00, 0x00, 0x00, 0x00, 0x6C, 0xFF, 0xFE, 0x00, 0x00, 0x8F,
    0xFF, 0xFF, 0xFF, 0xFF, 0xEC, 0x81, 0x00, 0x08, 0xFF, 0xFF, 0xFF, 0xFF, 0xFF, 0xFF, 0xE3, 0x00,
    0x8F, 0xFF, 0xFF, 0xFF, 0xFF, 0xFF, 0xFF, 0xD1, 0x08, 0xFF, 0xF6, 0x00, 0x00, 0x03, 0xDF, 0xFF,
    0x70, 0x8F, 0xFF, 0x60, 0x00, 0x00, 0x04, 0xFF, 0xFC, 0x08, 0xFF, 0xF6, 0x00, 0x00, 0x00, 0x1F,
    0xFF, 0xF0, 0x8F, 0xFF, 0x60, 0x00, 0x00, 0x00, 0xFF, 0xFF, 0x18, 0xFF, 0xF6, 0x00, 0x00, 0x00,
    0x1F, 0xFF, 0xF0, 0x8F, 0xFF, 0x60, 0x00, 0x00, 0x04, 0xFF, 0xFD, 0x08, 0xFF, 0xF6, 0x00, 0x00,
    0x03, 0xDF, 0xFF, 0x70, 0x8F, 0xFF, 0xFF, 0xFF, 0xFF, 0xFF, 0xFF, 0xD1, 0x08, 0xFF, 0xFF, 0xFF,
    0xFF, 0xFF, 0xFF, 0xD2, 0x00, 0x8F, 0xFF, 0xFF, 0xFF, 0xFF, 0xFF, 0x80, 0x00, 0x08, 0xFF, 0xF6,
    0x00, 0x09, 0xFF, 0xFA, 0x00, 0x00, 0x8F, 0xFF, 0x60, 0x00, 0x2F, 0xFF, 0xF3, 0x00, 0x08, 0xFF,
    0xF6, 0x00, 0x00, 0x9F, 0xFF, 0xA0, 0x00, 0x8F, 0xFF, 0x60, 0x00, 0x02, 0xFF, 0xFF, 0x30, 0x08,
    0xFF, 0xF6, 0x00, 0x00, 0x0A, 0xFF, 0xFA, 0x00, 0x8F, 0xFF, 0x60, 0x00, 0x00, 0x2F, 0xFF, 0xF3,
    0x08, 0xFF, 0xF6, 0x00, 0x00, 0x00, 0xAF, 0xFF, 0xB0, 0x8F, 0xFF, 0x60, 0x00, 0x00, 0x03, 0xFF,
    0xFF, 0x30, 0x00, 0x00, 0x4A, 0xDE, 0xFE, 0xC8, 0x40, 0x00, 0x00, 0x2C, 0xFF, 0xFF, 0xFF, 0xFF,
    0xFB, 0x20, 0x02, 0xEF, 0xFF, 0xFF, 0xFF, 0xFF, 0xFF, 0xE3, 0x0A, 0xFF, 0xFC, 0x41, 0x12, 0x7E,
    0xFF, 0xC1, 0x1F, 0xFF, 0xF1, 0x00, 0x00, 0x02, 0xDB, 0x10, 0x2F, 0xFF, 0xC0, 0x00, 0x00, 0x00,
    0x10, 0x00, 0x2F, 0xFF, 0xE0, 0x00, 0x00, 0x00, 0x00, 0x00, 0x0E, 0xFF, 0xF7, 0x00, 0x00, 0x00,
    0x00, 0x00, 0x09, 0xFF, 0xFF, 0xD9, 0x63, 0x00, 0x00, 0x00, 0x01, 0xCF, 0xFF, 0xFF, 0xFF, 0xFB,
    0x50, 0x00, 0x00, 0x19, 0xFF, 0xFF, 0xFF, 0xFF, 0xFC, 0x20, 0x00, 0x00, 0x16, 0x9C, 0xEF, 0xFF,
    0xFF, 0xD1, 0x00, 0x00, 0x00, 0x00, 0x02, 0x7F, 0xFF, 0xF7, 0x00, 0x00, 0x00, 0x00, 0x00, 0x07,
    0xFF, 0xFB, 0x00, 0x00, 0x00, 0x00, 0x00, 0x02, 0xFF, 0xFC, 0x00, 0x62, 0x00, 0x00, 0x00, 0x03,
    0xFF, 0xFB, 0x08, 0xFE, 0x30, 0x00, 0x00, 0x09, 0xFF, 0xF8, 0x8F, 0xFF, 0xF9, 0x41, 0x13, 0x9F,
    0xFF, 0xF2, 0x2D, 0xFF, 0xFF, 0xFF, 0xFF, 0xFF, 0xFF, 0x70, 0x01, 0x8F, 0xFF, 0xFF, 0xFF, 0xFF,
    0xE6, 0x00, 0x00, 0x02, 0x7B, 0xDE, 0xFE, 0xB7, 0x10, 0x00, 0x3F, 0xFF, 0xFF, 0xFF, 0xFF, 0xFF,
    0xFF, 0xFF, 0x93, 0xFF, 0xFF, 0xFF, 0xFF, 0xFF, 0xFF, 0xFF, 0xF9, 0x3F, 0xFF, 0xFF, 0xFF, 0xFF,
    0xFF, 0xFF, 0xFF, 0x90, 0x00, 0x00, 0x04, 0xFF, 0xFA, 0x00, 0x00, 0x00, 0x00, 0x00, 0x00, 0x4F,
    0xFF, 0xA0, 0x00, 0x00, 0x00, 0x00, 0x00, 0x04, 0xFF, 0xFA, 0x00, 0x00, 0x00, 0x00, 0x00, 0x00,
    0x4F, 0xFF, 0xA0, 0x00, 0x00, 0x00, 0x00, 0x00, 0x04, 0xFF, 0xFA, 0x00, 0x00, 0x00, 0x00, 0x00,
    0x00, 0x4F, 0xFF, 0xA0, 0x00, 0x00, 0x00, 0x00, 0x00, 0x04, 0xFF, 0xFA, 0x00, 0x00, 0x00, 0x00,
    0x00, 0x00, 0x4F, 0xFF, 0xA0, 0x00, 0x00, 0x00, 0x00, 0x00, 0x04, 0xFF, 0xFA, 0x00, 0x00, 0x00,
    0x00, 0x00, 0x00, 0x4F, 0xFF, 0xA0, 0x00, 0x00, 0x00, 0x00, 0x00, 0x04, 0xFF, 0xFA, 0x00, 0x00,
    0x00, 0x00, 0x00, 0x00, 0x4F, 0xFF, 0xA0, 0x00, 0x00, 0x00, 0x00, 0x00, 0x04, 0xFF, 0xFA, 0x00,
    0x00, 0x00, 0x00, 0x00, 0x00, 0x4F, 0xFF, 0xA0, 0x00, 0x00, 0x00, 0x00, 0x00, 0x04, 0xFF, 0xFA,
    0x00, 0x00, 0x00, 0x00, 0x00, 0x00, 0x4F, 0xFF, 0xA0, 0x00, 0x00, 0x00, 0x00, 0x00, 0x04, 0xFF,
    0xFA, 0x00, 0x00, 0x00, 0x00, 0x00, 0x00, 0x4F, 0xFF, 0xA0, 0x00, 0x00, 0x00, 0xAF, 0xFF, 0x30,
    0x00, 0x00, 0x00, 0x8F, 0xFF, 0x6A, 0xFF, 0xF3, 0x00, 0x00, 0x00, 0x08, 0xFF, 0xF6, 0xAF, 0xFF,
    0x30, 0x00, 0x00, 0x00, 0x8F, 0xFF, 0x6A, 0xFF, 0xF3, 0x00, 0x00, 0x00, 0x08, 0xFF, 0xF6, 0xAF,
    0xFF, 0x30, 0x00, 0x00, 0x00, 0x8F, 0xFF, 0x6A, 0xFF, 0xF3, 0x00, 0x00, 0x00, 0x08, 0xFF, 0xF6,
    0xAF, 0xFF, 0x30, 0x00, 0x00, 0x00, 0x8F, 0xFF, 0x6A, 0xFF, 0xF3, 0x00, 0x00, 0x00, 0x08, 0xFF,
    0xF6, 0xAF, 0xFF, 0x30, 0x00, 0x00, 0x00, 0x8F, 0xFF, 0x6A, 0xFF, 0xF3, 0x00, 0x00, 0x00, 0x08,
    0xFF, 0xF6, 0xAF, 0xFF, 0x30, 0x00, 0x00, 0x00, 0x8F, 0xFF, 0x6A, 0xFF, 0xF3, 0x00, 0x00, 0x00,
    0x08, 0xFF, 0xF6, 0xAF, 0xFF, 0x30, 0x00, 0x00, 0x00, 0x8F, 0xFF, 0x69, 0xFF, 0xF3, 0x00, 0x00,
    0x00, 0x08, 0xFF, 0xF5, 0x8F, 0xFF, 0x50, 0x00, 0x00, 0x00, 0xAF, 0xFF, 0x46, 0xFF, 0xF8, 0x00,
    0x00, 0x00, 0x0D, 0xFF, 0xF1, 0x2F, 0xFF, 0xE1, 0x00, 0x00, 0x05, 0xFF, 0xFC, 0x00, 0xBF, 0xFF,
    0xD5, 0x10, 0x27, 0xEF, 0xFF, 0x60, 0x03, 0xFF, 0xFF, 0xFF, 0xFF, 0xFF, 0xFF, 0xC0, 0x00, 0x04,
    0xEF, 0xFF, 0xFF, 0xFF, 0xFF, 0xB1, 0x00, 0x00, 0x01, 0x6A, 0xDE, 0xFE, 0xC9, 0x40, 0x00, 0x00,
    0x5F, 0xFF, 0xA0, 0x00, 0x00, 0x00, 0x00, 0x6F, 0xFF, 0x71, 0xFF, 0xFE, 0x10, 0x00, 0x00, 0x00,
    0x0B, 0xFF, 0xF2, 0x0B, 0xFF, 0xF5, 0x00, 0x00, 0x00, 0x01, 0xFF, 0xFD, 0x00, 0x6F, 0xFF, 0x90,
    0x00, 0x00, 0x00, 0x6F, 0xFF, 0x80, 0x01, 0xFF, 0xFE, 0x00, 0x00, 0x00, 0x0A, 0xFF, 0xF3, 0x00,
    0x0B, 0xFF, 0xF4, 0x00, 0x00, 0x01, 0xEF, 0xFD, 0x00, 0x00, 0x6F, 0xFF, 0x80, 0x00, 0x00, 0x5F,
    0xFF, 0x80, 0x00, 0x01, 0xFF, 0xFD, 0x00, 0x00, 0x09, 0xFF, 0xF3, 0x00, 0x00, 0x0B, 0xFF, 0xF3,
    0x00, 0x00, 0xEF, 0xFD, 0x00, 0x00, 0x00, 0x6F, 0xFF, 0x80, 0x00, 0x4F, 0xFF, 0x80, 0x00, 0x00,
    0x02, 0xFF, 0xFC, 0x00, 0x08, 0xFF, 0xF3, 0x00, 0x00, 0x00, 0x0C, 0xFF, 0xF1, 0x00, 0xCF, 0xFE,
    0x00, 0x00, 0x00, 0x00, 0x7F, 0xFF, 0x50, 0x1F, 0xFF, 0x90, 0x00, 0x00, 0x00, 0x02, 0xFF, 0xF9,
    0x05, 0xFF, 0xF4, 0x00, 0x00, 0x00, 0x00, 0x0C, 0xFF, 0xD0, 0x9F, 0xFE, 0x00, 0x00, 0x00, 0x00,
    0x00, 0x7F, 0xFF, 0x2D, 0xFF, 0x90, 0x00, 0x00, 0x00, 0x00, 0x02, 0xFF, 0xF8, 0xFF, 0xF4, 0x00,
    0x00, 0x00, 0x00, 0x00, 0x0C, 0xFF, 0xFF, 0xFE, 0x00, 0x00, 0x00, 0x00, 0x00, 0x00, 0x8F, 0xFF,
    0xFF, 0x90, 0x00, 0x00, 0x00, 0x00, 0x00, 0x03, 0xFF, 0xFF, 0xF4, 0x00, 0x00, 0x00, 0x00, 0x00,
    0x00, 0x0D, 0xFF, 0xFE, 0x00, 0x00, 0x00, 0x00, 0x2F, 0xFF, 0xD0, 0x00, 0x00, 0x01, 0xFF, 0xFF,
    0x90, 0x00, 0x00, 0x03, 0xFF, 0xF8, 0x0D, 0xFF, 0xF1, 0x00, 0x00, 0x04, 0xFF, 0xFF, 0xC0, 0x00,
    0x00, 0x07, 0xFF, 0xF4, 0x0A, 0xFF, 0xF4, 0x00, 0x00, 0x08, 0xFF, 0xFF, 0xF1, 0x00, 0x00, 0x0A,
    0xFF, 0xF1, 0x06, 0xFF, 0xF7, 0x00, 0x00, 0x0B, 0xFF, 0xFF, 0xF5, 0x00, 0x00, 0x0D, 0xFF, 0xC0,
    0x03, 0xFF, 0xFA, 0x00, 0x00, 0x0E, 0xFF, 0xDF, 0xF8, 0x00, 0x00, 0x1F, 0xFF, 0x90, 0x00, 0xEF,
    0xFD, 0x00, 0x00, 0x3F, 0xFD, 0x8F, 0xFC, 0x00, 0x00, 0x4F, 0xFF, 0x50, 0x00, 0xBF, 0xFF, 0x10,
    0x00, 0x7F, 0xFA, 0x4F, 0xFF, 0x10, 0x00, 0x7F, 0xFF, 0x20, 0x00, 0x7F, 0xFF, 0x40, 0x00, 0xAF,
    0xF6, 0x1F, 0xFF, 0x40, 0x00, 0xBF, 0xFD, 0x00, 0x00, 0x4F, 0xFF, 0x70, 0x00, 0xEF, 0xF2, 0x0C,
    0xFF, 0x70, 0x00, 0xEF, 0xF9, 0x00, 0x00, 0x1F, 0xFF, 0xA0, 0x03, 0xFF, 0xE0, 0x09, 0xFF, 0xB0,
    0x02, 0xFF, 0xF6, 0x00, 0x00, 0x0C, 0xFF, 0xD0, 0x06, 0xFF, 0xA0, 0x05, 0xFF, 0xE0, 0x05, 0xFF,
    0xF2, 0x00, 0x00, 0x08, 0xFF, 0xF1, 0x0A, 0xFF, 0x60, 0x01, 0xFF, 0xF3, 0x08, 0xFF, 0xE0, 0x00,
    0x00, 0x05, 0xFF, 0xF4, 0x0D, 0xFF, 0x30, 0x00, 0xDF, 0xF6, 0x0B, 0xFF, 0xA0, 0x00, 0x00, 0x01,
    0xFF, 0xF7, 0x2F, 0xFE, 0x00, 0x00, 0x9F, 0xFA, 0x0E, 0xFF, 0x70, 0x00, 0x00, 0x00, 0xDF, 0xFA,
    0x5F, 0xFB, 0x00, 0x00, 0x6F, 0xFD, 0x2F, 0xFF, 0x30, 0x00, 0x00, 0x00, 0xAF, 0xFD, 0x9F, 0xF7,
    0x00, 0x00, 0x2F, 0xFF, 0x7F, 0xFE, 0x00, 0x00, 0x00, 0x00, 0x6F, 0xFF, 0xDF, 0xF3, 0x00, 0x00,
    0x0D, 0xFF, 0xDF, 0xFB, 0x00, 0x00, 0x00, 0x00, 0x3F, 0xFF, 0xFF, 0xE0, 0x00, 0x00, 0x0A, 0xFF,
    0xFF, 0xF7, 0x00, 0x00, 0x00, 0x00, 0x0E, 0xFF, 0xFF, 0xB0, 0x00, 0x00, 0x06, 0xFF, 0xFF, 0xF4,
    0x00, 0x00, 0x00, 0x00, 0x0B, 0xFF, 0xFF, 0x80, 0x00, 0x00, 0x03, 0xFF, 0xFF, 0xF1, 0x00, 0x00,
    0x00, 0x00, 0x07, 0xFF, 0xFF, 0x40, 0x00, 0x00, 0x00, 0xEF, 0xFF, 0xC0, 0x00, 0x00, 0x0C, 0xFF,
    0xFB, 0x00, 0x00, 0x00, 0x00, 0xCF, 0xFF, 0x70, 0x03, 0xFF, 0xFF, 0x50, 0x00, 0x00, 0x06, 0xFF,
    0xFC, 0x00, 0x00, 0x9F, 0xFF, 0xD1, 0x00, 0x00, 0x1E, 0xFF, 0xF3, 0x00, 0x00, 0x1D, 0xFF, 0xF8,
    0x00, 0x00, 0x9F, 0xFF, 0x90, 0x00, 0x00, 0x05, 0xFF, 0xFF, 0x20, 0x03, 0xFF, 0xFD, 0x10, 0x00,
    0x00, 0x00, 0xAF, 0xFF, 0xB0, 0x0C, 0xFF, 0xF4, 0x00, 0x00, 0x00, 0x00, 0x2E, 0xFF, 0xF5, 0x7F,
    0xFF, 0xA0, 0x00, 0x00, 0x00, 0x00, 0x06, 0xFF, 0xFD, 0xEF, 0xFE, 0x10, 0x00, 0x00, 0x00, 0x00,
    0x00, 0xCF, 0xFF, 0xFF, 0xF6, 0x00, 0x00, 0x00, 0x00, 0x00, 0x00, 0x3F, 0xFF, 0xFF, 0xB0, 0x00,
    0x00, 0x00, 0x00, 0x00, 0x00, 0x0D, 0xFF, 0xFF, 0x70, 0x00, 0x00, 0x00, 0x00, 0x00, 0x00, 0x7F,
    0xFF, 0xFF, 0xE2, 0x00, 0x00, 0x00, 0x00, 0x00, 0x02, 0xFF, 0xFF, 0xFF, 0xFB, 0x00, 0x00, 0x00,
    0x00, 0x00, 0x0B, 0xFF, 0xF5, 0xEF, 0xFF, 0x50, 0x00, 0x00, 0x00, 0x00, 0x6F, 0xFF, 0xA0, 0x6F,
    0xFF, 0xE1, 0x00, 0x00, 0x00, 0x01, 0xEF, 0xFE, 0x20, 0x0C, 0xFF, 0xF9, 0x00, 0x00, 0x00, 0x09,
    0xFF, 0xF8, 0x00, 0x03, 0xFF, 0xFF, 0x40, 0x00, 0x00, 0x4F, 0xFF, 0xD1, 0x00, 0x00, 0x9F, 0xFF,
    0xD0, 0x00, 0x00, 0xDF, 0xFF, 0x50, 0x00, 0x00, 0x1E, 0xFF, 0xF8, 0x00, 0x08, 0xFF, 0xFB, 0x00,
    0x00, 0x00, 0x06, 0xFF, 0xFF, 0x30, 0x2F, 0xFF, 0xF3, 0x00, 0x00, 0x00, 0x00, 0xCF, 0xFF, 0xC0,
    0x6F, 0xFF, 0xE1, 0x00, 0x00, 0x00, 0x00, 0xDF, 0xFF, 0x60, 0xDF, 0xFF, 0x80, 0x00, 0x00, 0x00,
    0x7F, 0xFF, 0xC0, 0x05, 0xFF, 0xFF, 0x20, 0x00, 0x00, 0x1E, 0xFF, 0xF4, 0x00, 0x0B, 0xFF, 0xF9,
    0x00, 0x00, 0x07, 0xFF, 0xFA, 0x00, 0x00, 0x3F, 0xFF, 0xF2, 0x00, 0x01, 0xEF, 0xFF, 0x20, 0x00,
    0x00, 0xAF, 0xFF, 0xA0, 0x00, 0x8F, 0xFF, 0x90, 0x00, 0x00, 0x02, 0xFF, 0xFF, 0x30, 0x2E, 0xFF,
    0xE1, 0x00, 0x00, 0x00, 0x08, 0xFF, 0xFB, 0x09, 0xFF, 0xF7, 0x00, 0x00, 0x00, 0x00, 0x1E, 0xFF,
    0xF6, 0xFF, 0xFD, 0x00, 0x00, 0x00, 0x00, 0x00, 0x6F, 0xFF, 0xFF, 0xFF, 0x50, 0x00, 0x00, 0x00,
    0x00, 0x00, 0xDF, 0xFF, 0xFF, 0xB0, 0x00, 0x00, 0x00, 0x00, 0x00, 0x04, 0xFF, 0xFF, 0xF3, 0x00,
    0x00, 0x00, 0x00, 0x00, 0x00, 0x0B, 0xFF, 0xFA, 0x00, 0x00, 0x00, 0x00, 0x00, 0x00, 0x00, 0x8F,
    0xFF, 0x70, 0x00, 0x00, 0x00, 0x00, 0x00, 0x00, 0x08, 0xFF, 0xF7, 0x00, 0x00, 0x00, 0x00, 0x00,
    0x00, 0x00, 0x8F, 0xFF, 0x70, 0x00, 0x00, 0x00, 0x00, 0x00, 0x00, 0x08, 0xFF, 0xF7, 0x00, 0x00,
    0x00, 0x00, 0x00, 0x00, 0x00, 0x8F, 0xFF, 0x70, 0x00, 0x00, 0x00, 0x00, 0x00, 0x00, 0x08, 0xFF,
    0xF7, 0x00, 0x00, 0x00, 0x00, 0x00, 0x00, 0x00, 0x8F, 0xFF, 0x70, 0x00, 0x00, 0x00, 0x00, 0x00,
    0x00, 0x08, 0xFF, 0xF7, 0x00, 0x00, 0x00, 0x00, 0x5F, 0xFF, 0xFF, 0xFF, 0xFF, 0xFF, 0xFF, 0xF8,
    0x5F, 0xFF, 0xFF, 0xFF, 0xFF, 0xFF, 0xFF, 0xF8, 0x5F, 0xFF, 0xFF, 0xFF, 0xFF, 0xFF, 0xFF, 0xF8,
    0x00, 0x00, 0x00, 0x00, 0x00, 0x6F, 0xFF, 0xF3, 0x00, 0x00, 0x00, 0x00, 0x02, 0xEF, 0xFF, 0x70,
    0x00, 0x00, 0x00, 0x00, 0x0C, 0xFF, 0xFB, 0x00, 0x00, 0x00, 0x00, 0x00, 0x8F, 0xFF, 0xE1, 0x00,
    0x00, 0x00, 0x00, 0x04, 0xFF, 0xFF, 0x40, 0x00, 0x00, 0x00, 0x00, 0x1E, 0xFF, 0xF8, 0x00, 0x00,
    0x00, 0x00, 0x00, 0xBF, 0xFF, 0xC0, 0x00, 0x00, 0x00, 0x00, 0x07, 0xFF, 0xFE, 0x20, 0x00, 0x00,
    0x00, 0x00, 0x3F, 0xFF, 0xF6, 0x00, 0x00, 0x00, 0x00, 0x01, 0xDF, 0xFF, 0xA0, 0x00, 0x00, 0x00,
    0x00, 0x09, 0xFF, 0xFD, 0x10, 0x00, 0x00, 0x00, 0x00, 0x5F, 0xFF, 0xF3, 0x00, 0x00, 0x00, 0x00,
    0x02, 0xEF, 0xFF, 0x70, 0x00, 0x00, 0x00, 0x00, 0x0C, 0xFF, 0xFB, 0x00, 0x00, 0x00, 0x00, 0x00,
    0x8F, 0xFF, 0xE2, 0x00, 0x00, 0x00, 0x00, 0x00, 0xDF, 0xFF, 0xFF, 0xFF, 0xFF, 0xFF, 0xFF, 0xFC,
    0xDF, 0xFF, 0xFF, 0xFF, 0xFF, 0xFF, 0xFF, 0xFC, 0xDF, 0xFF, 0xFF, 0xFF, 0xFF, 0xFF, 0xFF, 0xFC,
    0x8F, 0xFF, 0xFF, 0x48, 0xFF, 0xFF, 0xF4, 0x8F, 0xFF, 0x00, 0x08, 0xFF, 0xF0, 0x00, 0x8F, 0xFF,
    0x00, 0x08, 0xFF, 0xF0, 0x00, 0x8F, 0xFF, 0x00, 0x08, 0xFF, 0xF0, 0x00, 0x8F, 0xFF, 0x00, 0x08,
    0xFF, 0xF0, 0x00, 0x8F, 0xFF, 0x00, 0x08, 0xFF, 0xF0, 0x00, 0x8F, 0xFF, 0x00, 0x08, 0xFF, 0xF0,
    0x00, 0x8F, 0xFF, 0x00, 0x08, 0xFF, 0xF0, 0x00, 0x8F, 0xFF, 0x00, 0x08, 0xFF, 0xF0, 0x00, 0x8F,
    0xFF, 0x00, 0x08, 0xFF, 0xF0, 0x00, 0x8F, 0xFF, 0x00, 0x08, 0xFF, 0xF0, 0x00, 0x8F, 0xFF, 0x00,
    0x08, 0xFF, 0xF0, 0x00, 0x8F, 0xFF, 0x00, 0x08, 0xFF, 0xFF, 0xF4, 0x8F, 0xFF, 0xFF, 0x40, 0xBF,
    0xF7, 0x00, 0x00, 0x00, 0x00, 0x6F, 0xFC, 0x00, 0x00, 0x00, 0x00, 0x1F, 0xFF, 0x20, 0x00, 0x00,
    0x00, 0x0C, 0xFF, 0x60, 0x00, 0x00, 0x00, 0x07, 0xFF, 0xB0, 0x00, 0x00, 0x00, 0x02, 0xFF, 0xF1,
    0x00, 0x00, 0x00, 0x00, 0xCF, 0xF6, 0x00, 0x00, 0x00, 0x00, 0x8F, 0xFB, 0x00, 0x00, 0x00, 0x00,
    0x3F, 0xFF, 0x10, 0x00, 0x00, 0x00, 0x0D, 0xFF, 0x50, 0x00, 0x00, 0x00, 0x08, 0xFF, 0xA0, 0x00,
    0x00, 0x00, 0x03, 0xFF, 0xE0, 0x00, 0x00, 0x00, 0x00, 0xEF, 0xF5, 0x00, 0x00, 0x00, 0x00, 0x9F,
    0xF9, 0x00, 0x00, 0x00, 0x00, 0x4F, 0xFE, 0x00, 0x00, 0x00, 0x00, 0x0E, 0xFF, 0x40, 0x00, 0x00,
    0x00, 0x09, 0xFF, 0x90, 0x00, 0x00, 0x00, 0x05, 0xFF, 0xD0, 0x00, 0x00, 0x00, 0x01, 0xEF, 0xF3,
    0x00, 0x00, 0x00, 0x00, 0xAF, 0xF8, 0x00, 0x00, 0x00, 0x00, 0x5F, 0xFD, 0x00, 0x00, 0x00, 0x00,
    0x1F, 0xFF, 0x30, 0x00, 0x00, 0x00, 0x0B, 0xFF, 0x70, 0x00, 0x00, 0x00, 0x06, 0xFF, 0xC0, 0x00,
    0x00, 0x00, 0x01, 0xFF, 0xF2, 0x00, 0x00, 0x00, 0x00, 0xBF, 0xF7, 0x00, 0x00, 0x00, 0x00, 0x7F,
    0xFC, 0x6F, 0xFF, 0xFF, 0x66, 0xFF, 0xFF, 0xF6, 0x00, 0x1F, 0xFF, 0x60, 0x01, 0xFF, 0xF6, 0x00,
    0x1F, 0xFF, 0x60, 0x01, 0xFF, 0xF6, 0x00, 0x1F, 0xFF, 0x60, 0x01, 0xFF, 0xF6, 0x00, 0x1F, 0xFF,
    0x60, 0x01, 0xFF, 0xF6, 0x00, 0x1F, 0xFF, 0x60, 0x01, 0xFF, 0xF6, 0x00, 0x1F, 0xFF, 0x60, 0x01,
    0xFF, 0xF6, 0x00, 0x1F, 0xFF, 0x60, 0x01, 0xFF, 0xF6, 0x00, 0x1F, 0xFF, 0x60, 0x01, 0xFF, 0xF6,
    0x00, 0x1F, 0xFF, 0x60, 0x01, 0xFF, 0xF6, 0x00, 0x1F, 0xFF, 0x60, 0x01, 0xFF, 0xF6, 0x00, 0x1F,
    0xFF, 0x60, 0x01, 0xFF, 0xF6, 0x00, 0x1F, 0xFF, 0x66, 0xFF, 0xFF, 0xF6, 0x6F, 0xFF, 0xFF, 0x60,
    0x00, 0x00, 0x00, 0xDF, 0xFE, 0x10, 0x00, 0x00, 0x00, 0x00, 0x07, 0xFF, 0xFF, 0x80, 0x00, 0x00,
    0x00, 0x00, 0x1E, 0xFF, 0xFF, 0xE1, 0x00, 0x00, 0x00, 0x00, 0x8F, 0xFF, 0xFF, 0xF9, 0x00, 0x00,
    0x00, 0x02, 0xFF, 0xF9, 0xBF, 0xFF, 0x20, 0x00, 0x00, 0x0A, 0xFF, 0xE1, 0x3F, 0xFF, 0xA0, 0x00,
    0x00, 0x3F, 0xFF, 0x70, 0x09, 0xFF, 0xF4, 0x00, 0x00, 0xBF, 0xFE, 0x10, 0x02, 0xFF, 0xFC, 0x00,
    0x05, 0xFF, 0xF6, 0x00, 0x00, 0x8F, 0xFF, 0x50, 0x0D, 0xFF, 0xD0, 0x00, 0x00, 0x1E, 0xFF, 0xD0,
    0x6F, 0xFF, 0x50, 0x00, 0x00, 0x07, 0xFF, 0xF6, 0x29, 0xFB, 0x00, 0x00, 0x00, 0x00, 0xDE, 0x82,
    0x00, 0x22, 0x00, 0x00, 0x00, 0x00, 0x31, 0x00, 0x1F, 0xFF, 0xFF, 0xFF, 0xFF, 0xFF, 0xFF, 0xFD,
    0x1F, 0xFF, 0xFF, 0xFF, 0xFF, 0xFF, 0xFF, 0xFD, 0x1F, 0xFF, 0xFF, 0xFF, 0xFF, 0xFF, 0xFF, 0xFD,
    0x00, 0x17, 0x30, 0x00, 0x7E, 0xFA, 0x00, 0x0B, 0xFF, 0xF3, 0x00, 0x1D, 0xFF, 0xB0, 0x00, 0x4F,
    0xFF, 0x30, 0x00, 0x7F, 0xFB, 0x00, 0x00, 0xB9, 0x20, 0x00, 0x16, 0xBD, 0xFE, 0xDA, 0x50, 0x00,
    0x00, 0x3D, 0xFF, 0xFF, 0xFF, 0xFF, 0xB1, 0x00, 0x1E, 0xFF, 0xFF, 0xFF, 0xFF, 0xFF, 0x90, 0x00,
    0x5E, 0xE7, 0x20, 0x27, 0xFF, 0xFF, 0x10, 0x00, 0x32, 0x00, 0x00, 0x0A, 0xFF, 0xF4, 0x00, 0x00,
    0x00, 0x00, 0x00, 0x8F, 0xFF, 0x50, 0x00, 0x39, 0xCE, 0xFF, 0xFF, 0xFF, 0xF5, 0x00, 0x8F, 0xFF,
    0xFF, 0xFF, 0xFF, 0xFF, 0x50, 0x6F, 0xFF, 0xB3, 0x10, 0x08, 0xFF, 0xF5, 0x0B, 0xFF, 0xF1, 0x00,
    0x00, 0x8F, 0xFF, 0x50, 0xDF, 0xFF, 0x10, 0x00, 0x0A, 0xFF, 0xF5, 0x0C, 0xFF, 0xF9, 0x20, 0x28,
    0xEF, 0xFF, 0x50, 0x7F, 0xFF, 0xFF, 0xFF, 0xF6, 0xFF, 0xFF, 0xD1, 0xCF, 0xFF, 0xFF, 0xFB, 0x09,
    0xFF, 0xFD, 0x01, 0x7C, 0xEE, 0xC7, 0x00, 0x1A, 0xEF, 0xD0, 0xCF, 0xFF, 0x10, 0x00, 0x00, 0x00,
    0x00, 0x0C, 0xFF, 0xF1, 0x00, 0x00, 0x00, 0x00, 0x00, 0xCF, 0xFF, 0x10, 0x00, 0x00, 0x00, 0x00,
    0x0C, 0xFF, 0xF1, 0x00, 0x00, 0x00, 0x00, 0x00, 0xCF, 0xFF, 0x10, 0x00, 0x00, 0x00, 0x00, 0x0C,
    0xFF, 0xF1, 0x00, 0x00, 0x00, 0x00, 0x00, 0xCF, 0xFF, 0x10, 0x00, 0x00, 0x00, 0x00, 0x0C, 0xFF,
    0xF1, 0x18, 0xDF, 0xEB, 0x50, 0x00, 0xCF, 0xFF, 0x3D, 0xFF, 0xFF, 0xFF, 0x90, 0x0C, 0xFF, 0xFB,
    0xFF, 0xFF, 0xFF, 0xFF, 0x70, 0xCF, 0xFF, 0xE6, 0x11, 0x4C, 0xFF, 0xFE, 0x0C, 0xFF, 0xF4, 0x00,
    0x00, 0x1D, 0xFF, 0xF4, 0xCF, 0xFF, 0x10, 0x00, 0x00, 0x8F, 0xFF, 0x7C, 0xFF, 0xF1, 0x00, 0x00,
    0x06, 0xFF, 0xF9, 0xCF, 0xFF, 0x10, 0x00, 0x00, 0x6F, 0xFF, 0xAC, 0xFF, 0xF1, 0x00, 0x00, 0x06,
    0xFF, 0xF9, 0xCF, 0xFF, 0x10, 0x00, 0x00, 0x8F, 0xFF, 0x7C, 0xFF, 0xF4, 0x00, 0x00, 0x1D, 0xFF,
    0xF4, 0xCF, 0xFF, 0xE5, 0x11, 0x3B, 0xFF, 0xFE, 0x0C, 0xFF, 0xFB, 0xFF, 0xFF, 0xFF, 0xFF, 0x60,
    0xCF, 0xFF, 0x3D, 0xFF, 0xFF, 0xFF, 0x90, 0x0C, 0xFF, 0xF1, 0x18, 0xDF, 0xEB, 0x50, 0x00, 0x00,
    0x01, 0x8C, 0xEF, 0xEB, 0x60, 0x00, 0x00, 0x5E, 0xFF, 0xFF, 0xFF, 0xFC, 0x10, 0x05, 0xFF, 0xFF,
    0xFF, 0xFF, 0xFF, 0xC0, 0x1E, 0xFF, 0xF8, 0x21, 0x3C, 0xFF, 0xF5, 0x6F, 0xFF, 0xA0, 0x00, 0x01,
    0xEC, 0x50, 0x9F, 0xFF, 0x40, 0x00, 0x00, 0x20, 0x00, 0xBF, 0xFF, 0x30, 0x00, 0x00, 0x00, 0x00,
    0xCF, 0xFF, 0x30, 0x00, 0x00, 0x00, 0x00, 0xBF, 0xFF, 0x30, 0x00, 0x00, 0x00, 0x00, 0x9F, 0xFF,
    0x40, 0x00, 0x00, 0x21, 0x00, 0x5F, 0xFF, 0x90, 0x00, 0x00, 0xCF, 0x92, 0x0E, 0xFF, 0xF8, 0x21,
    0x3B, 0xFF, 0xF6, 0x05, 0xFF, 0xFF, 0xFF, 0xFF, 0xFF, 0xC0, 0x00, 0x6F, 0xFF, 0xFF, 0xFF, 0xFC,
    0x10, 0x00, 0x02, 0x8C, 0xEF, 0xDB, 0x50, 0x00, 0x00, 0x00, 0x00, 0x00, 0x00, 0x1F, 0xFF, 0xC0,
    0x00, 0x00, 0x00, 0x00, 0x01, 0xFF, 0xFC, 0x00, 0x00, 0x00, 0x00, 0x00, 0x1F, 0xFF, 0xC0, 0x00,
    0x00, 0x00, 0x00, 0x01, 0xFF, 0xFC, 0x00, 0x00, 0x00, 0x00, 0x00, 0x1F, 0xFF, 0xC0, 0x00, 0x00,
    0x00, 0x00, 0x01, 0xFF, 0xFC, 0x00, 0x00, 0x00, 0x00, 0x00, 0x1F, 0xFF, 0xC0, 0x00, 0x5B, 0xEF,
    0xD8, 0x11, 0xFF, 0xFC, 0x00, 0x9F, 0xFF, 0xFF, 0xFD, 0x3F, 0xFF, 0xC0, 0x7F, 0xFF, 0xFF, 0xFF,
    0xFB, 0xFF, 0xFC, 0x0E, 0xFF, 0xFB, 0x31, 0x16, 0xEF, 0xFF, 0xC4, 0xFF, 0xFD, 0x10, 0x00, 0x04,
    0xFF, 0xFC, 0x8F, 0xFF, 0x80, 0x00, 0x00, 0x1F, 0xFF, 0xC9, 0xFF, 0xF6, 0x00, 0x00, 0x01, 0xFF,
    0xFC, 0xAF, 0xFF, 0x60, 0x00, 0x00, 0x1F, 0xFF, 0xC9, 0xFF, 0xF6, 0x00, 0x00, 0x01, 0xFF, 0xFC,
    0x7F, 0xFF, 0x80, 0x00, 0x00, 0x1F, 0xFF, 0xC4, 0xFF, 0xFD, 0x00, 0x00, 0x04, 0xFF, 0xFC, 0x0E,
    0xFF, 0xFB, 0x31, 0x16, 0xEF, 0xFF, 0xC0, 0x6F, 0xFF, 0xFF, 0xFF, 0xFB, 0xFF, 0xFC, 0x00, 0x9F,
    0xFF, 0xFF, 0xFD, 0x3F, 0xFF, 0xC0, 0x00, 0x5B, 0xEF, 0xD8, 0x11, 0xFF, 0xFC, 0x00, 0x01, 0x7C,
    0xEF, 0xEB, 0x71, 0x00, 0x00, 0x05, 0xEF, 0xFF, 0xFF, 0xFF, 0xE4, 0x00, 0x04, 0xFF, 0xFF, 0xFF,
    0xFF, 0xFF, 0xF3, 0x00, 0xDF, 0xFF, 0x82, 0x12, 0x9F, 0xFF, 0xC0, 0x5F, 0xFF, 0x80, 0x00, 0x00,
    0xBF, 0xFF, 0x39, 0xFF, 0xF3, 0x00, 0x00, 0x07, 0xFF, 0xF6, 0xBF, 0xFF, 0xFF, 0xFF, 0xFF, 0xFF,
    0xFF, 0x8C, 0xFF, 0xFF, 0xFF, 0xFF, 0xFF, 0xFF, 0xF8, 0xBF, 0xFF, 0x30, 0x00, 0x00, 0x00, 0x00,
    0x09, 0xFF, 0xF5, 0x00, 0x00, 0x00, 0x00, 0x00, 0x5F, 0xFF, 0xC0, 0x00, 0x00, 0x09, 0x70, 0x00,
    0xDF, 0xFF, 0xB4, 0x11, 0x4B, 0xFF, 0x60, 0x04, 0xFF, 0xFF, 0xFF, 0xFF, 0xFF, 0xFB, 0x00, 0x04,
    0xEF, 0xFF, 0xFF, 0xFF, 0xF9, 0x00, 0x00, 0x01, 0x7B, 0xEF, 0xEC, 0x83, 0x00, 0x00, 0x00, 0x00,
    0x3A, 0xEF, 0xFF, 0x10, 0x00, 0x2E, 0xFF, 0xFF, 0xF1, 0x00, 0x0A, 0xFF, 0xFF, 0xFF, 0x10, 0x00,
    0xEF, 0xFD, 0x00, 0x00, 0x00, 0x0F, 0xFF, 0xD0, 0x00, 0x00, 0x00, 0xFF, 0xFD, 0x00, 0x00, 0x00,
    0x0F, 0xFF, 0xD0, 0x00, 0x05, 0xFF, 0xFF, 0xFF, 0xFF, 0xF1, 0x5F, 0xFF, 0xFF, 0xFF, 0xFF, 0x15,
    0xFF, 0xFF, 0xFF, 0xFF, 0xF1, 0x00, 0x0F, 0xFF, 0xD0, 0x00, 0x00, 0x00, 0xFF, 0xFD, 0x00, 0x00,
    0x00, 0x0F, 0xFF, 0xD0, 0x00, 0x00, 0x00, 0xFF, 0xFD, 0x00, 0x00, 0x00, 0x0F, 0xFF, 0xD0, 0x00,
    0x00, 0x00, 0xFF, 0xFD, 0x00, 0x00, 0x00, 0x0F, 0xFF, 0xD0, 0x00, 0x00, 0x00, 0xFF, 0xFD, 0x00,
    0x00, 0x00, 0x0F, 0xFF, 0xD0, 0x00, 0x00, 0x00, 0xFF, 0xFD, 0x00, 0x00, 0x00, 0x0F, 0xFF, 0xD0,
    0x00, 0x00, 0x00, 0xFF, 0xFD, 0x00, 0x00, 0x00, 0x00, 0x00, 0x00, 0x00, 0x05, 0xDF, 0xF8, 0x00,
    0x00, 0x00, 0x00, 0x00, 0x00, 0xEF, 0xFF, 0x80, 0x00, 0x00, 0x00, 0x00, 0x00, 0x2F, 0xFF, 0xF8,
    0x00, 0x00, 0x05, 0xAD, 0xEF, 0xDB, 0xF6, 0x00, 0x00, 0x00, 0x1B, 0xFF, 0xFF, 0xFF, 0xFF, 0xF7,
    0x00, 0x00, 0x0A, 0xFF, 0xFF, 0xFF, 0xFF, 0xFF, 0xF2, 0x00, 0x02, 0xFF, 0xFD, 0x41, 0x13, 0xBF,
    0xFF, 0x70, 0x00, 0x5F, 0xFF, 0x60, 0x00, 0x02, 0xFF, 0xF9, 0x00, 0x04, 0xFF, 0xF6, 0x00, 0x00,
    0x2F, 0xFF, 0x80, 0x00, 0x1F, 0xFF, 0xD4, 0x10, 0x3B, 0xFF, 0xF5, 0x00, 0x00, 0x9F, 0xFF, 0xFF,
    0xFF, 0xFF, 0xFC, 0x00, 0x00, 0x00, 0x9F, 0xFF, 0xFF, 0xFF, 0xFD, 0x20, 0x00, 0x00, 0x05, 0xDD,
    0xDF, 0xFE, 0xB6, 0x10, 0x00, 0x00, 0x0C, 0xFC, 0x00, 0x00, 0x00, 0x00, 0x00, 0x00, 0x04, 0xFF,
    0xD2, 0x00, 0x00, 0x00, 0x00, 0x00, 0x00, 0x4F, 0xFF, 0xFF, 0xFF, 0xFF, 0xFD, 0xA3, 0x00, 0x00,
    0xAF, 0xFF, 0xFF, 0xFF, 0xFF, 0xFF, 0xF6, 0x00, 0x02, 0xAF, 0xFF, 0xFF, 0xFF, 0xFF, 0xFF, 0xE1,
    0x05, 0xFF, 0x40, 0x00, 0x00, 0x02, 0xBF, 0xFF, 0x40, 0xEF, 0xF0, 0x00, 0x00, 0x00, 0x05, 0xFF,
    0xF5, 0x2F, 0xFF, 0x92, 0x00, 0x00, 0x14, 0xDF, 0xFF, 0x20, 0xEF, 0xFF, 0xFF, 0xFF, 0xFF, 0xFF,
    0xFF, 0xB0, 0x04, 0xEF, 0xFF, 0xFF, 0xFF, 0xFF, 0xFF, 0xB1, 0x00, 0x01, 0x7A, 0xDE, 0xFF, 0xED,
    0xB8, 0x30, 0x00, 0xCF, 0xFF, 0x10, 0x00, 0x00, 0x00, 0x00, 0xCF, 0xFF, 0x10, 0x00, 0x00, 0x00,
    0x00, 0xCF, 0xFF, 0x10, 0x00, 0x00, 0x00, 0x00, 0xCF, 0xFF, 0x10, 0x00, 0x00, 0x00, 0x00, 0xCF,
    0xFF, 0x10, 0x00, 0x00, 0x00, 0x00, 0xCF, 0xFF, 0x10, 0x00, 0x00, 0x00, 0x00, 0xCF, 0xFF, 0x10,
    0x00, 0x00, 0x00, 0x00, 0xCF, 0xFF, 0x11, 0x9D, 0xFE, 0xA3, 0x00, 0xCF, 0xFF, 0x2D, 0xFF, 0xFF,
    0xFF, 0x40, 0xCF, 0xFF, 0xAF, 0xFF, 0xFF, 0xFF, 0xD0, 0xCF, 0xFF, 0xE6, 0x11, 0x5E, 0xFF, 0xF5,
    0xCF, 0xFF, 0x40, 0x00, 0x08, 0xFF, 0xF8, 0xCF, 0xFF, 0x10, 0x00, 0x05, 0xFF, 0xF9, 0xCF, 0xFF,
    0x10, 0x00, 0x04, 0xFF, 0xF9, 0xCF, 0xFF, 0x10, 0x00, 0x04, 0xFF, 0xF9, 0xCF, 0xFF, 0x10, 0x00,
    0x04, 0xFF, 0xF9, 0xCF, 0xFF, 0x10, 0x00, 0x04, 0xFF, 0xF9, 0xCF, 0xFF, 0x10, 0x00, 0x04, 0xFF,
    0xF9, 0xCF, 0xFF, 0x10, 0x00, 0x04, 0xFF, 0xF9, 0xCF, 0xFF, 0x10, 0x00, 0x04, 0xFF, 0xF9, 0xCF,
    0xFF, 0x10, 0x00, 0x04, 0xFF, 0xF9, 0xCF, 0xFF, 0x10, 0x00, 0x04, 0xFF, 0xF9, 0x06, 0xEE, 0x90,
    0x0F, 0xFF, 0xF4, 0x2F, 0xFF, 0xF6, 0x0F, 0xFF, 0xF4, 0x06, 0xEE, 0x90, 0x00, 0x00, 0x00, 0x00,
    0x00, 0x00, 0x0C, 0xFF, 0xF1, 0x0C, 0xFF, 0xF1, 0x0C, 0xFF, 0xF1, 0x0C, 0xFF, 0xF1, 0x0C, 0xFF,
    0xF1, 0x0C, 0xFF, 0xF1, 0x0C, 0xFF, 0xF1, 0x0C, 0xFF, 0xF1, 0x0C, 0xFF, 0xF1, 0x0C, 0xFF, 0xF1,
    0x0C, 0xFF, 0xF1, 0x0C, 0xFF, 0xF1, 0x0C, 0xFF, 0xF1, 0x0C, 0xFF, 0xF1, 0x0C, 0xFF, 0xF1, 0x00,
    0x06, 0xEE, 0x90, 0x00, 0x0F, 0xFF, 0xF4, 0x00, 0x2F, 0xFF, 0xF6, 0x00, 0x0F, 0xFF, 0xF4, 0x00,
    0x06, 0xEE, 0x90, 0x00, 0x00, 0x00, 0x00, 0x00, 0x00, 0x00, 0x00, 0x00, 0x0C, 0xFF, 0xF1, 0x00,
    0x0C, 0xFF, 0xF1, 0x00, 0x0C, 0xFF, 0xF1, 0x00, 0x0C, 0xFF, 0xF1, 0x00, 0x0C, 0xFF, 0xF1, 0x00,
    0x0C, 0xFF, 0xF1, 0x00, 0x0C, 0xFF, 0xF1, 0x00, 0x0C, 0xFF, 0xF1, 0x00, 0x0C, 0xFF, 0xF1, 0x00,
    0x0C, 0xFF, 0xF1, 0x00, 0x0C, 0xFF, 0xF1, 0x00, 0x0C, 0xFF, 0xF1, 0x00, 0x0C, 0xFF, 0xF1, 0x00,
    0x0C, 0xFF, 0xF1, 0x00, 0x0C, 0xFF, 0xF1, 0x00, 0x0C, 0xFF, 0xF1, 0x00, 0x0C, 0xFF, 0xF1, 0x00,
    0x0C, 0xFF, 0xF0, 0x3F, 0xFF, 0xFF, 0xC0, 0x3F, 0xFF, 0xFF, 0x50, 0x3F, 0xFE, 0xC6, 0x00, 0xCF,
    0xFF, 0x10, 0x00, 0x00, 0x00, 0x00, 0x0C, 0xFF, 0xF1, 0x00, 0x00, 0x00, 0x00, 0x00, 0xCF, 0xFF,
    0x10, 0x00, 0x00, 0x00, 0x00, 0x0C, 0xFF, 0xF1, 0x00, 0x00, 0x00, 0x00, 0x00, 0xCF, 0xFF, 0x10,
    0x00, 0x00, 0x00, 0x00, 0x0C, 0xFF, 0xF1, 0x00, 0x00, 0x00, 0x00, 0x00, 0xCF, 0xFF, 0x10, 0x00,
    0x00, 0x00, 0x00, 0x0C, 0xFF, 0xF1, 0x00, 0x00, 0xAF, 0xFF, 0xA0, 0xCF, 0xFF, 0x10, 0x00, 0x9F,
    0xFF, 0xB0, 0x0C, 0xFF, 0xF1, 0x00, 0x7F, 0xFF, 0xC1, 0x00, 0xCF, 0xFF, 0x10, 0x6F, 0xFF, 0xC1,
    0x00, 0x0C, 0xFF, 0xF1, 0x4F, 0xFF, 0xD1, 0x00, 0x00, 0xCF, 0xFF, 0x2E, 0xFF, 0xE2, 0x00, 0x00,
    0x0C, 0xFF, 0xFC, 0xFF, 0xFF, 0x30, 0x00, 0x00, 0xCF, 0xFF, 0xFF, 0xFF, 0xFC, 0x00, 0x00, 0x0C,
    0xFF, 0xFF, 0xDC, 0xFF, 0xF7, 0x00, 0x00, 0xCF, 0xFF, 0xE2, 0x3F, 0xFF, 0xF2, 0x00, 0x0C, 0xFF,
    0xF3, 0x00, 0x9F, 0xFF, 0xC0, 0x00, 0xCF, 0xFF, 0x10, 0x01, 0xEF, 0xFF, 0x60, 0x0C, 0xFF, 0xF1,
    0x00, 0x05, 0xFF, 0xFE, 0x20, 0xCF, 0xFF, 0x10, 0x00, 0x0B, 0xFF, 0xFB, 0x0C, 0xFF, 0xF1, 0x00,
    0x00, 0x3F, 0xFF, 0xF6, 0xCF, 0xFF, 0x10, 0x0C, 0xFF, 0xF1, 0x00, 0xCF, 0xFF, 0x10, 0x0C, 0xFF,
    0xF1, 0x00, 0xCF, 0xFF, 0x10, 0x0C, 0xFF, 0xF1, 0x00, 0xCF, 0xFF, 0x10, 0x0C, 0xFF, 0xF1, 0x00,
    0xCF, 0xFF, 0x10, 0x0C, 0xFF, 0xF1, 0x00, 0xCF, 0xFF, 0x10, 0x0C, 0xFF, 0xF1, 0x00, 0xCF, 0xFF,
    0x10, 0x0C, 0xFF, 0xF1, 0x00, 0xCF, 0xFF, 0x10, 0x0C, 0xFF, 0xF1, 0x00, 0xCF, 0xFF, 0x10, 0x0C,
    0xFF, 0xF1, 0x00, 0xBF, 0xFF, 0x10, 0x09, 0xFF, 0xFF, 0xF2, 0x3F, 0xFF, 0xFF, 0x20, 0x4C, 0xEF,
    0xF2, 0xCF, 0xFF, 0x12, 0x9D, 0xFD, 0x81, 0x00, 0x18, 0xDE, 0xEB, 0x40, 0x0C, 0xFF, 0xF2, 0xDF,
    0xFF, 0xFF, 0xD2, 0x2D, 0xFF, 0xFF, 0xFF, 0x50, 0xCF, 0xFF, 0xAF, 0xFF, 0xFF, 0xFF, 0xAB, 0xFF,
    0xFF, 0xFF, 0xFE, 0x0C, 0xFF, 0xFE, 0x51, 0x18, 0xFF, 0xFF, 0xF7, 0x21, 0x5E, 0xFF, 0xF5, 0xCF,
    0xFF, 0x50, 0x00, 0x0C, 0xFF, 0xF8, 0x00, 0x00, 0x8F, 0xFF, 0x8C, 0xFF, 0xF1, 0x00, 0x00, 0x9F,
    0xFF, 0x50, 0x00, 0x05, 0xFF, 0xF9, 0xCF, 0xFF, 0x10, 0x00, 0x08, 0xFF, 0xF5, 0x00, 0x00, 0x4F,
    0xFF, 0x9C, 0xFF, 0xF1, 0x00, 0x00, 0x8F, 0xFF, 0x50, 0x00, 0x04, 0xFF, 0xF9, 0xCF, 0xFF, 0x10,
    0x00, 0x08, 0xFF, 0xF5, 0x00, 0x00, 0x4F, 0xFF, 0x9C, 0xFF, 0xF1, 0x00, 0x00, 0x8F, 0xFF, 0x50,
    0x00, 0x04, 0xFF, 0xF9, 0xCF, 0xFF, 0x10, 0x00, 0x08, 0xFF, 0xF5, 0x00, 0x00, 0x4F, 0xFF, 0x9C,
    0xFF, 0xF1, 0x00, 0x00, 0x8F, 0xFF, 0x50, 0x00, 0x04, 0xFF, 0xF9, 0xCF, 0xFF, 0x10, 0x00, 0x08,
    0xFF, 0xF5, 0x00, 0x00, 0x4F, 0xFF, 0x9C, 0xFF, 0xF1, 0x00, 0x00, 0x8F, 0xFF, 0x50, 0x00, 0x04,
    0xFF, 0xF9, 0xCF, 0xFF, 0x10, 0x00, 0x08, 0xFF, 0xF5, 0x00, 0x00, 0x4F, 0xFF, 0x90, 0xCF, 0xFF,
    0x11, 0x9D, 0xFE, 0xA3, 0x00, 0xCF, 0xFF, 0x2D, 0xFF, 0xFF, 0xFF, 0x40, 0xCF, 0xFF, 0xAF, 0xFF,
    0xFF, 0xFF, 0xD0, 0xCF, 0xFF, 0xE6, 0x11, 0x5E, 0xFF, 0xF5, 0xCF, 0xFF, 0x40, 0x00, 0x08, 0xFF,
    0xF8, 0xCF, 0xFF, 0x10, 0x00, 0x05, 0xFF, 0xF9, 0xCF, 0xFF, 0x10, 0x00, 0x04, 0xFF, 0xF9, 0xCF,
    0xFF, 0x10, 0x00, 0x04, 0xFF, 0xF9, 0xCF, 0xFF, 0x10, 0x00, 0x04, 0xFF, 0xF9, 0xCF, 0xFF, 0x10,
    0x00, 0x04, 0xFF, 0xF9, 0xCF, 0xFF, 0x10, 0x00, 0x04, 0xFF, 0xF9, 0xCF, 0xFF, 0x10, 0x00, 0x04,
    0xFF, 0xF9, 0xCF, 0xFF, 0x10, 0x00, 0x04, 0xFF, 0xF9, 0xCF, 0xFF, 0x10, 0x00, 0x04, 0xFF, 0xF9,
    0xCF, 0xFF, 0x10, 0x00, 0x04, 0xFF, 0xF9, 0x00, 0x01, 0x7C, 0xEF, 0xEB, 0x61, 0x00, 0x00, 0x04,
    0xEF, 0xFF, 0xFF, 0xFF, 0xD3, 0x00, 0x04, 0xFF, 0xFF, 0xFF, 0xFF, 0xFF, 0xE2, 0x00, 0xDF, 0xFF,
    0x92, 0x13, 0xAF, 0xFF, 0xC0, 0x5F, 0xFF, 0x90, 0x00, 0x00, 0xBF, 0xFF, 0x39, 0xFF, 0xF4, 0x00,
    0x00, 0x06, 0xFF, 0xF7, 0xBF, 0xFF, 0x30, 0x00, 0x00, 0x4F, 0xFF, 0xAC, 0xFF, 0xF3, 0x00, 0x00,
    0x04, 0xFF, 0xFA, 0xBF, 0xFF, 0x30, 0x00, 0x00, 0x5F, 0xFF, 0xA9, 0xFF, 0xF5, 0x00, 0x00, 0x06,
    0xFF, 0xF7, 0x5F, 0xFF, 0x90, 0x00, 0x00, 0xBF, 0xFF, 0x30, 0xDF, 0xFF, 0x82, 0x12, 0x9F, 0xFF,
    0xC0, 0x04, 0xFF, 0xFF, 0xFF, 0xFF, 0xFF, 0xE2, 0x00, 0x04, 0xEF, 0xFF, 0xFF, 0xFF, 0xD3, 0x00,
    0x00, 0x01, 0x7C, 0xEF, 0xEB, 0x71, 0x00, 0x00, 0xCF, 0xFF, 0x11, 0x8D, 0xFE, 0xB5, 0x00, 0x0C,
    0xFF, 0xF3, 0xDF, 0xFF, 0xFF, 0xF9, 0x00, 0xCF, 0xFF, 0xBF, 0xFF, 0xFF, 0xFF, 0xF7, 0x0C, 0xFF,
    0xFE, 0x61, 0x14, 0xCF, 0xFF, 0xE0, 0xCF, 0xFF, 0x40, 0x00, 0x01, 0xDF, 0xFF, 0x4C, 0xFF, 0xF1,
    0x00, 0x00, 0x08, 0xFF, 0xF7, 0xCF, 0xFF, 0x10, 0x00, 0x00, 0x6F, 0xFF, 0x9C, 0xFF, 0xF1, 0x00,
    0x00, 0x06, 0xFF, 0xFA, 0xCF, 0xFF, 0x10, 0x00, 0x00, 0x6F, 0xFF, 0x9C, 0xFF, 0xF1, 0x00, 0x00,
    0x08, 0xFF, 0xF7, 0xCF, 0xFF, 0x40, 0x00, 0x01, 0xDF, 0xFF, 0x4C, 0xFF, 0xFE, 0x51, 0x13, 0xBF,
    0xFF, 0xE0, 0xCF, 0xFF, 0xBF, 0xFF, 0xFF, 0xFF, 0xF6, 0x0C, 0xFF, 0xF3, 0xDF, 0xFF, 0xFF, 0xF9,
    0x00, 0xCF, 0xFF, 0x11, 0x8D, 0xFE, 0xB5, 0x00, 0x0C, 0xFF, 0xF1, 0x00, 0x00, 0x00, 0x00, 0x00,
    0xCF, 0xFF, 0x10, 0x00, 0x00, 0x00, 0x00, 0x0C, 0xFF, 0xF1, 0x00, 0x00, 0x00, 0x00, 0x00, 0xCF,
    0xFF, 0x10, 0x00, 0x00, 0x00, 0x00, 0x0C, 0xFF, 0xF1, 0x00, 0x00, 0x00, 0x00, 0x00, 0xCF, 0xFF,
    0x10, 0x00, 0x00, 0x00, 0x00, 0x00, 0x00, 0x05, 0xBE, 0xFD, 0x81, 0x1F, 0xFF, 0xC0, 0x09, 0xFF,
    0xFF, 0xFF, 0xD3, 0xFF, 0xFC, 0x07, 0xFF, 0xFF, 0xFF, 0xFF, 0xBF, 0xFF, 0xC0, 0xEF, 0xFF, 0xB3,
    0x11, 0x6E, 0xFF, 0xFC, 0x4F, 0xFF, 0xD1, 0x00, 0x00, 0x4F, 0xFF, 0xC8, 0xFF, 0xF8, 0x00, 0x00,
    0x01, 0xFF, 0xFC, 0x9F, 0xFF, 0x60, 0x00, 0x00, 0x1F, 0xFF, 0xCA, 0xFF, 0xF6, 0x00, 0x00, 0x01,
    0xFF, 0xFC, 0x9F, 0xFF, 0x60, 0x00, 0x00, 0x1F, 0xFF, 0xC7, 0xFF, 0xF8, 0x00, 0x00, 0x01, 0xFF,
    0xFC, 0x4F, 0xFF, 0xD0, 0x00, 0x00, 0x4F, 0xFF, 0xC0, 0xEF, 0xFF, 0xB3, 0x11, 0x6E, 0xFF, 0xFC,
    0x06, 0xFF, 0xFF, 0xFF, 0xFF, 0xBF, 0xFF, 0xC0, 0x09, 0xFF, 0xFF, 0xFF, 0xD3, 0xFF, 0xFC, 0x00,
    0x05, 0xBE, 0xFD, 0x81, 0x1F, 0xFF, 0xC0, 0x00, 0x00, 0x00, 0x00, 0x01, 0xFF, 0xFC, 0x00, 0x00,
    0x00, 0x00, 0x00, 0x1F, 0xFF, 0xC0, 0x00, 0x00, 0x00, 0x00, 0x01, 0xFF, 0xFC, 0x00, 0x00, 0x00,
    0x00, 0x00, 0x1F, 0xFF, 0xC0, 0x00, 0x00, 0x00, 0x00, 0x01, 0xFF, 0xFC, 0x00, 0x00, 0x00, 0x00,
    0x00, 0x1F, 0xFF, 0xC0, 0xCF, 0xFF, 0x12, 0xAD, 0xF3, 0xCF, 0xFF, 0x4E, 0xFF, 0xF3, 0xCF, 0xFF,
    0xCF, 0xFF, 0xF3, 0xCF, 0xFF, 0xE6, 0x21, 0x00, 0xCF, 0xFF, 0x50, 0x00, 0x00, 0xCF, 0xFF, 0x10,
    0x00, 0x00, 0xCF, 0xFF, 0x10, 0x00, 0x00, 0xCF, 0xFF, 0x10, 0x00, 0x00, 0xCF, 0xFF, 0x10, 0x00,
    0x00, 0xCF, 0xFF, 0x10, 0x00, 0x00, 0xCF, 0xFF, 0x10, 0x00, 0x00, 0xCF, 0xFF, 0x10, 0x00, 0x00,
    0xCF, 0xFF, 0x10, 0x00, 0x00, 0xCF, 0xFF, 0x10, 0x00, 0x00, 0xCF, 0xFF, 0x10, 0x00, 0x00, 0x00,
    0x02, 0x8C, 0xEF, 0xEC, 0x82, 0x00, 0x00, 0x4E, 0xFF, 0xFF, 0xFF, 0xFF, 0x70, 0x01, 0xEF, 0xFF,
    0xFF, 0xFF, 0xFF, 0xE3, 0x07, 0xFF, 0xF9, 0x20, 0x26, 0xDE, 0x30, 0x09, 0xFF, 0xF2, 0x00, 0x00,
    0x02, 0x00, 0x07, 0xFF, 0xFC, 0x53, 0x10, 0x00, 0x00, 0x03, 0xFF, 0xFF, 0xFF, 0xFE, 0xA4, 0x00,
    0x00, 0x6F, 0xFF, 0xFF, 0xFF, 0xFF, 0x90, 0x00, 0x02, 0x8C, 0xEF, 0xFF, 0xFF, 0xF6, 0x00, 0x00,
    0x00, 0x01, 0x39, 0xFF, 0xFB, 0x00, 0x37, 0x00, 0x00, 0x00, 0xEF, 0xFB, 0x04, 0xEF, 0xC5, 0x10,
    0x17, 0xFF, 0xF9, 0x0C, 0xFF, 0xFF, 0xFF, 0xFF, 0xFF, 0xE2, 0x01, 0xAF, 0xFF, 0xFF, 0xFF, 0xFE,
    0x40, 0x00, 0x04, 0x9D, 0xEF, 0xEB, 0x71, 0x00, 0x00, 0x08, 0xFF, 0xE0, 0x00, 0x00, 0x00, 0x8F,
    0xFE, 0x00, 0x00, 0x00, 0x08, 0xFF, 0xE0, 0x00, 0x00, 0x00, 0x9F, 0xFE, 0x00, 0x00, 0x00, 0x2D,
    0xFF, 0xE0, 0x00, 0x04, 0xFF, 0xFF, 0xFF, 0xFF, 0xF2, 0x4F, 0xFF, 0xFF, 0xFF, 0xFF, 0x24, 0xFF,
    0xFF, 0xFF, 0xFF, 0xF2, 0x00, 0x0E, 0xFF, 0xE0, 0x00, 0x00, 0x00, 0xEF, 0xFE, 0x00, 0x00, 0x00,
    0x0E, 0xFF, 0xE0, 0x00, 0x00, 0x00, 0xEF, 0xFE, 0x00, 0x00, 0x00, 0x0E, 0xFF, 0xE0, 0x00, 0x00,
    0x00, 0xEF, 0xFE, 0x00, 0x00, 0x00, 0x0E, 0xFF, 0xE0, 0x00, 0x00, 0x00, 0xEF, 0xFE, 0x00, 0x00,
    0x00, 0x0E, 0xFF, 0xE0, 0x00, 0x00, 0x00, 0xBF, 0xFF, 0xFF, 0xD0, 0x00, 0x05, 0xFF, 0xFF, 0xFD,
    0x00, 0x00, 0x04, 0xBE, 0xFF, 0xD0, 0xEF, 0xFD, 0x00, 0x00, 0x06, 0xFF, 0xF6, 0xEF, 0xFD, 0x00,
    0x00, 0x06, 0xFF, 0xF6, 0xEF, 0xFD, 0x00, 0x00, 0x06, 0xFF, 0xF6, 0xEF, 0xFD, 0x00, 0x00, 0x06,
    0xFF, 0xF6, 0xEF, 0xFD, 0x00, 0x00, 0x06, 0xFF, 0xF6, 0xEF, 0xFD, 0x00, 0x00, 0x06, 0xFF, 0xF6,
    0xEF, 0xFD, 0x00, 0x00, 0x06, 0xFF, 0xF6, 0xEF, 0xFD, 0x00, 0x00, 0x06, 0xFF, 0xF6, 0xEF, 0xFD,
    0x00, 0x00, 0x06, 0xFF, 0xF6, 0xEF, 0xFE, 0x00, 0x00, 0x06, 0xFF, 0xF6, 0xDF, 0xFF, 0x30, 0x00,
    0x0A, 0xFF, 0xF6, 0xAF, 0xFF, 0xC3, 0x12, 0x8F, 0xFF, 0xF6, 0x4F, 0xFF, 0xFF, 0xFF, 0xFB, 0xFF,
    0xF6, 0x0A, 0xFF, 0xFF, 0xFF, 0x96, 0xFF, 0xF6, 0x00, 0x6C, 0xEE, 0xC6, 0x06, 0xFF, 0xF6, 0x7F,
    0xFF, 0x50, 0x00, 0x00, 0x07, 0xFF, 0xF3, 0x2F, 0xFF, 0xA0, 0x00, 0x00, 0x0C, 0xFF, 0xD0, 0x0C,
    0xFF, 0xE1, 0x00, 0x00, 0x2F, 0xFF, 0x80, 0x06, 0xFF, 0xF5, 0x00, 0x00, 0x7F, 0xFF, 0x20, 0x01,
    0xFF, 0xFA, 0x00, 0x00, 0xCF, 0xFC, 0x00, 0x00, 0xBF, 0xFF, 0x10, 0x02, 0xFF, 0xF7, 0x00, 0x00,
    0x6F, 0xFF, 0x50, 0x07, 0xFF, 0xF2, 0x00, 0x00, 0x1F, 0xFF, 0xA0, 0x0B, 0xFF, 0xB0, 0x00, 0x00,
    0x0A, 0xFF, 0xE0, 0x1F, 0xFF, 0x60, 0x00, 0x00, 0x05, 0xFF, 0xF3, 0x5F, 0xFF, 0x10, 0x00, 0x00,
    0x01, 0xEF, 0xF8, 0x9F, 0xFB, 0x00, 0x00, 0x00, 0x00, 0xAF, 0xFD, 0xDF, 0xF5, 0x00, 0x00, 0x00,
    0x00, 0x4F, 0xFF, 0xFF, 0xE1, 0x00, 0x00, 0x00, 0x00, 0x0E, 0xFF, 0xFF, 0xA0, 0x00, 0x00, 0x00,
    0x00, 0x09, 0xFF, 0xFF, 0x50, 0x00, 0x00, 0x3F, 0xFF, 0x80, 0x00, 0x00, 0x8F, 0xFF, 0x30, 0x00,
    0x00, 0xCF, 0xFB, 0x0D, 0xFF, 0xB0, 0x00, 0x00, 0xDF, 0xFF, 0x80, 0x00, 0x01, 0xFF, 0xF7, 0x09,
    0xFF, 0xF1, 0x00, 0x02, 0xFF, 0xFF, 0xD0, 0x00, 0x04, 0xFF, 0xF3, 0x05, 0xFF, 0xF4, 0x00, 0x07,
    0xFF, 0xFF, 0xF2, 0x00, 0x08, 0xFF, 0xE0, 0x01, 0xFF, 0xF8, 0x00, 0x0B, 0xFF, 0xDF, 0xF7, 0x00,
    0x0C, 0xFF, 0x90, 0x00, 0xBF, 0xFC, 0x00, 0x1F, 0xFE, 0x6F, 0xFC, 0x00, 0x1F, 0xFF, 0x50, 0x00,
    0x7F, 0xFF, 0x10, 0x5F, 0xFA, 0x2F, 0xFF, 0x10, 0x5F, 0xFF, 0x10, 0x00, 0x2F, 0xFF, 0x50, 0xAF,
    0xF5, 0x0C, 0xFF, 0x50, 0x8F, 0xFB, 0x00, 0x00, 0x0D, 0xFF, 0x80, 0xEF, 0xF1, 0x08, 0xFF, 0xA0,
    0xCF, 0xF7, 0x00, 0x00, 0x09, 0xFF, 0xC3, 0xFF, 0xB0, 0x03, 0xFF, 0xE1, 0xFF, 0xF3, 0x00, 0x00,
    0x04, 0xFF, 0xF8, 0xFF, 0x70, 0x00, 0xEF, 0xF8, 0xFF, 0xE0, 0x00, 0x00, 0x00, 0xEF, 0xFF, 0xFF,
    0x20, 0x00, 0x9F, 0xFF, 0xFF, 0x90, 0x00, 0x00, 0x00, 0xBF, 0xFF, 0xFD, 0x00, 0x00, 0x4F, 0xFF,
    0xFF, 0x50, 0x00, 0x00, 0x00, 0x6F, 0xFF, 0xF8, 0x00, 0x00, 0x0E, 0xFF, 0xFF, 0x10, 0x00, 0x00,
    0x00, 0x2F, 0xFF, 0xF4, 0x00, 0x00, 0x0A, 0xFF, 0xFC, 0x00, 0x00, 0x1D, 0xFF, 0xF6, 0x00, 0x00,
    0x0A, 0xFF, 0xF5, 0x04, 0xFF, 0xFE, 0x20, 0x00, 0x5F, 0xFF, 0xA0, 0x00, 0x8F, 0xFF, 0xA0, 0x01,
    0xEF, 0xFD, 0x10, 0x00, 0x0C, 0xFF, 0xF5, 0x09, 0xFF, 0xF3, 0x00, 0x00, 0x03, 0xFF, 0xFE, 0x5F,
    0xFF, 0x80, 0x00, 0x00, 0x00, 0x6F, 0xFF, 0xFF, 0xFC, 0x00, 0x00, 0x00, 0x00, 0x0B, 0xFF, 0xFF,
    0xE2, 0x00, 0x00, 0x00, 0x00, 0x04, 0xFF, 0xFF, 0x90, 0x00, 0x00, 0x00, 0x00, 0x1D, 0xFF, 0xFF,
    0xF3, 0x00, 0x00, 0x00, 0x00, 0x9F, 0xFF, 0xFF, 0xFC, 0x00, 0x00, 0x00, 0x04, 0xFF, 0xF8, 0x8F,
    0xFF, 0x90, 0x00, 0x00, 0x1E, 0xFF, 0xD0, 0x0D, 0xFF, 0xF4, 0x00, 0x00, 0xAF, 0xFF, 0x40, 0x03,
    0xFF, 0xFE, 0x10, 0x06, 0xFF, 0xF9, 0x00, 0x00, 0x9F, 0xFF, 0xA0, 0x2E, 0xFF, 0xE1, 0x00, 0x00,
    0x1D, 0xFF, 0xF6, 0x8F, 0xFF, 0x40, 0x00, 0x00, 0x05, 0xFF, 0xF4, 0x3F, 0xFF, 0x90, 0x00, 0x00,
    0x0B, 0xFF, 0xD0, 0x0D, 0xFF, 0xE0, 0x00, 0x00, 0x1F, 0xFF, 0x80, 0x08, 0xFF, 0xF4, 0x00, 0x00,
    0x6F, 0xFF, 0x30, 0x02, 0xFF, 0xF9, 0x00, 0x00, 0xBF, 0xFD, 0x00, 0x00, 0xCF, 0xFE, 0x00, 0x01,
    0xFF, 0xF7, 0x00, 0x00, 0x7F, 0xFF, 0x50, 0x06, 0xFF, 0xF2, 0x00, 0x00, 0x1F, 0xFF, 0xA0, 0x0B,
    0xFF, 0xC0, 0x00, 0x00, 0x0B, 0xFF, 0xE0, 0x1F, 0xFF, 0x60, 0x00, 0x00, 0x06, 0xFF, 0xF4, 0x5F,
    0xFF, 0x10, 0x00, 0x00, 0x01, 0xFF, 0xF8, 0xAF, 0xFB, 0x00, 0x00, 0x00, 0x00, 0xAF, 0xFC, 0xEF,
    0xF6, 0x00, 0x00, 0x00, 0x00, 0x5F, 0xFF, 0xFF, 0xF1, 0x00, 0x00, 0x00, 0x00, 0x0E, 0xFF, 0xFF,
    0xA0, 0x00, 0x00, 0x00, 0x00, 0x09, 0xFF, 0xFF, 0x50, 0x00, 0x00, 0x00, 0x00, 0x04, 0xFF, 0xFE,
    0x00, 0x00, 0x00, 0x00, 0x00, 0x05, 0xFF, 0xF9, 0x00, 0x00, 0x00, 0x00, 0x00, 0x0A, 0xFF, 0xF4,
    0x00, 0x00, 0x00, 0x00, 0xAF, 0xFF, 0xFF, 0xC0, 0x00, 0x00, 0x00, 0x00, 0xAF, 0xFF, 0xFF, 0x40,
    0x00, 0x00, 0x00, 0x00, 0xAF, 0xFE, 0xB4, 0x00, 0x00, 0x00, 0x00, 0x9F, 0xFF, 0xFF, 0xFF, 0xFF,
    0xFF, 0xB9, 0xFF, 0xFF, 0xFF, 0xFF, 0xFF, 0xFB, 0x9F, 0xFF, 0xFF, 0xFF, 0xFF, 0xFF, 0xB0, 0x00,
    0x00, 0x00, 0x4F, 0xFF, 0xF4, 0x00, 0x00, 0x00, 0x3E, 0xFF, 0xF5, 0x00, 0x00, 0x00, 0x2E, 0xFF,
    0xF6, 0x00, 0x00, 0x00, 0x1D, 0xFF, 0xF8, 0x00, 0x00, 0x00, 0x1C, 0xFF, 0xF9, 0x00, 0x00, 0x00,
    0x0B, 0xFF, 0xFA, 0x00, 0x00, 0x00, 0x09, 0xFF, 0xFC, 0x10, 0x00, 0x00, 0x08, 0xFF, 0xFD, 0x10,
    0x00, 0x00, 0x07, 0xFF, 0xFD, 0x20, 0x00, 0x00, 0x00, 0xDF, 0xFF, 0xFF, 0xFF, 0xFF, 0xFF, 0xED,
    0xFF, 0xFF, 0xFF, 0xFF, 0xFF, 0xFE, 0xDF, 0xFF, 0xFF, 0xFF, 0xFF, 0xFF, 0xE0, 0x00, 0x00, 0x5D,
    0xFF, 0xF4, 0x00, 0x03, 0xFF, 0xFF, 0xF4, 0x00, 0x06, 0xFF, 0xF0, 0x00, 0x00, 0x07, 0xFF, 0xF0,
    0x00, 0x00, 0x07, 0xFF, 0xF0, 0x00, 0x00, 0x07, 0xFF, 0xF0, 0x00, 0x00, 0x07, 0xFF, 0xF0, 0x00,
    0x00, 0x07, 0xFF, 0xF0, 0x00, 0x00, 0x07, 0xFF, 0xF0, 0x00, 0x00, 0x08, 0xFF, 0xE0, 0x00, 0x00,
    0x0B, 0xFF, 0xB0, 0x00, 0x02, 0x9F, 0xFE, 0x30, 0x00, 0x6F, 0xFF, 0xC3, 0x00, 0x00, 0x6F, 0xFE,
    0x00, 0x00, 0x00, 0x6F, 0xFF, 0xC3, 0x00, 0x00, 0x02, 0x9F, 0xFE, 0x30, 0x00, 0x00, 0x0C, 0xFF,
    0xB0, 0x00, 0x00, 0x08, 0xFF, 0xE0, 0x00, 0x00, 0x07, 0xFF, 0xF0, 0x00, 0x00, 0x07, 0xFF, 0xF0,
    0x00, 0x00, 0x07, 0xFF, 0xF0, 0x00, 0x00, 0x07, 0xFF, 0xF0, 0x00, 0x00, 0x07, 0xFF, 0xF0, 0x00,
    0x00, 0x07, 0xFF, 0xF0, 0x00, 0x00, 0x06, 0xFF, 0xF0, 0x00, 0x00, 0x03, 0xFF, 0xFF, 0xF4, 0x00,
    0x00, 0x5D, 0xFF, 0xF4, 0xFF, 0xF4, 0xFF, 0xF4, 0xFF, 0xF4, 0xFF, 0xF4, 0xFF, 0xF4, 0xFF, 0xF4,
    0xFF, 0xF4, 0xFF, 0xF4, 0xFF, 0xF4, 0xFF, 0xF4, 0xFF, 0xF4, 0xFF, 0xF4, 0xFF, 0xF4, 0xFF, 0xF4,
    0xFF, 0xF4, 0xFF, 0xF4, 0xFF, 0xF4, 0xFF, 0xF4, 0xFF, 0xF4, 0xFF, 0xF4, 0xFF, 0xF4, 0xFF, 0xF4,
    0xFF, 0xF4, 0xFF, 0xF4, 0xFF, 0xF4, 0xFF, 0xF4, 0xFF, 0xF4, 0x6F, 0xFF, 0xD4, 0x00, 0x00, 0x6F,
    0xFF, 0xFE, 0x20, 0x00, 0x00, 0x1F, 0xFF, 0x50, 0x00, 0x00, 0x1F, 0xFF, 0x60, 0x00, 0x00, 0x1F,
    0xFF, 0x60, 0x00, 0x00, 0x1F, 0xFF, 0x60, 0x00, 0x00, 0x1F, 0xFF, 0x60, 0x00, 0x00, 0x1F, 0xFF,
    0x60, 0x00, 0x00, 0x1F, 0xFF, 0x60, 0x00, 0x00, 0x0F, 0xFF, 0x70, 0x00, 0x00, 0x0C, 0xFF, 0xA0,
    0x00, 0x00, 0x04, 0xFF, 0xF8, 0x20, 0x00, 0x00, 0x4C, 0xFF, 0xF4, 0x00, 0x00, 0x01, 0xFF, 0xF4,
    0x00, 0x00, 0x4C, 0xFF, 0xF4, 0x00, 0x04, 0xFF, 0xF8, 0x20, 0x00, 0x0C, 0xFF, 0xA0, 0x00, 0x00,
    0x0F, 0xFF, 0x70, 0x00, 0x00, 0x1F, 0xFF, 0x60, 0x00, 0x00, 0x1F, 0xFF, 0x60, 0x00, 0x00, 0x1F,
    0xFF, 0x60, 0x00, 0x00, 0x1F, 0xFF, 0x60, 0x00, 0x00, 0x1F, 0xFF, 0x60, 0x00, 0x00, 0x1F, 0xFF,
    0x60, 0x00, 0x00, 0x1F, 0xFF, 0x50, 0x00, 0x6F, 0xFF, 0xFF, 0x20, 0x00, 0x6F, 0xFF, 0xD5, 0x00,
    0x00, 0x02, 0x9D, 0xFE, 0xA4, 0x00, 0x00, 0x00, 0x00, 0x2E, 0xFF, 0xFF, 0xFF, 0xD7, 0x20, 0x3A,
    0x50, 0x1D, 0xFF, 0xFF, 0xFF, 0xFF, 0xFF, 0xFF, 0xD1, 0x05, 0xA3, 0x02, 0x7D, 0xFF, 0xFF, 0xFF,
    0xE2, 0x00, 0x00, 0x00, 0x00, 0x4A, 0xEF, 0xE9, 0x20, 0xEF, 0xFF, 0xFF, 0xFF, 0xFF, 0xFF, 0xFF,
    0xFF, 0xFF, 0xFF, 0xF5, 0xEF, 0xFF, 0xFF, 0xFF, 0xFF, 0xFF, 0xFF, 0xFF, 0xFF, 0xFF, 0xF5, 0xEF,
    0xFF, 0xFF, 0xFF, 0xFF, 0xFF, 0xFF, 0xFF, 0xFF, 0xFF, 0xF5, 0x05, 0xDE, 0xB1, 0x1F, 0xFF, 0xF8,
    0x2F, 0xFF, 0xFA, 0x1F, 0xFF, 0xF8, 0x05, 0xDE, 0xB1,
];

const READY_GLYPHS: &[Glyph; 97] = &[
    Glyph {
        advance: 7,
        left: 0,
        top: 0,
        width: 0,
        height: 0,
        offset: 0,
    },
    Glyph {
        advance: 9,
        left: 2,
        top: -21,
        width: 6,
        height: 21,
        offset: 0,
    },
    Glyph {
        advance: 14,
        left: 2,
        top: -22,
        width: 10,
        height: 10,
        offset: 63,
    },
    Glyph {
        advance: 20,
        left: 0,
        top: -21,
        width: 19,
        height: 21,
        offset: 113,
    },
    Glyph {
        advance: 18,
        left: 1,
        top: -23,
        width: 16,
        height: 25,
        offset: 313,
    },
    Glyph {
        advance: 29,
        left: 1,
        top: -21,
        width: 27,
        height: 21,
        offset: 513,
    },
    Glyph {
        advance: 21,
        left: 1,
        top: -21,
        width: 21,
        height: 21,
        offset: 797,
    },
    Glyph {
        advance: 8,
        left: 2,
        top: -22,
        width: 4,
        height: 10,
        offset: 1018,
    },
    Glyph {
        advance: 10,
        left: 1,
        top: -23,
        width: 10,
        height: 27,
        offset: 1038,
    },
    Glyph {
        advance: 10,
        left: -1,
        top: -23,
        width: 10,
        height: 27,
        offset: 1173,
    },
    Glyph {
        advance: 17,
        left: 1,
        top: -22,
        width: 15,
        height: 14,
        offset: 1308,
    },
    Glyph {
        advance: 18,
        left: 2,
        top: -17,
        width: 14,
        height: 15,
        offset: 1413,
    },
    Glyph {
        advance: 9,
        left: 1,
        top: -5,
        width: 6,
        height: 9,
        offset: 1518,
    },
    Glyph {
        advance: 12,
        left: 1,
        top: -11,
        width: 10,
        height: 4,
        offset: 1545,
    },
    Glyph {
        advance: 9,
        left: 2,
        top: -5,
        width: 5,
        height: 5,
        offset: 1565,
    },
    Glyph {
        advance: 13,
        left: 0,
        top: -22,
        width: 12,
        height: 27,
        offset: 1578,
    },
    Glyph {
        advance: 18,
        left: 1,
        top: -21,
        width: 16,
        height: 21,
        offset: 1740,
    },
    Glyph {
        advance: 18,
        left: 1,
        top: -21,
        width: 17,
        height: 21,
        offset: 1908,
    },
    Glyph {
        advance: 18,
        left: 1,
        top: -21,
        width: 16,
        height: 21,
        offset: 2087,
    },
    Glyph {
        advance: 18,
        left: 0,
        top: -21,
        width: 16,
        height: 21,
        offset: 2255,
    },
    Glyph {
        advance: 18,
        left: 0,
        top: -21,
        width: 17,
        height: 21,
        offset: 2423,
    },
    Glyph {
        advance: 18,
        left: 1,
        top: -21,
        width: 16,
        height: 21,
        offset: 2602,
    },
    Glyph {
        advance: 18,
        left: 1,
        top: -21,
        width: 16,
        height: 21,
        offset: 2770,
    },
    Glyph {
        advance: 18,
        left: 1,
        top: -21,
        width: 16,
        height: 21,
        offset: 2938,
    },
    Glyph {
        advance: 18,
        left: 1,
        top: -21,
        width: 16,
        height: 21,
        offset: 3106,
    },
    Glyph {
        advance: 18,
        left: 1,
        top: -21,
        width: 16,
        height: 21,
        offset: 3274,
    },
    Glyph {
        advance: 10,
        left: 2,
        top: -16,
        width: 6,
        height: 16,
        offset: 3442,
    },
    Glyph {
        advance: 10,
        left: 1,
        top: -16,
        width: 7,
        height: 20,
        offset: 3490,
    },
    Glyph {
        advance: 18,
        left: 2,
        top: -18,
        width: 14,
        height: 18,
        offset: 3560,
    },
    Glyph {
        advance: 18,
        left: 2,
        top: -14,
        width: 14,
        height: 10,
        offset: 3686,
    },
    Glyph {
        advance: 18,
        left: 2,
        top: -18,
        width: 14,
        height: 18,
        offset: 3756,
    },
    Glyph {
        advance: 15,
        left: 0,
        top: -21,
        width: 14,
        height: 21,
        offset: 3882,
    },
    Glyph {
        advance: 27,
        left: 1,
        top: -21,
        width: 25,
        height: 25,
        offset: 4029,
    },
    Glyph {
        advance: 20,
        left: 0,
        top: -21,
        width: 20,
        height: 21,
        offset: 4342,
    },
    Glyph {
        advance: 20,
        left: 2,
        top: -21,
        width: 17,
        height: 21,
        offset: 4552,
    },
    Glyph {
        advance: 19,
        left: 1,
        top: -21,
        width: 18,
        height: 21,
        offset: 4731,
    },
    Glyph {
        advance: 21,
        left: 2,
        top: -21,
        width: 18,
        height: 21,
        offset: 4920,
    },
    Glyph {
        advance: 18,
        left: 2,
        top: -21,
        width: 15,
        height: 21,
        offset: 5109,
    },
    Glyph {
        advance: 17,
        left: 2,
        top: -21,
        width: 14,
        height: 21,
        offset: 5267,
    },
    Glyph {
        advance: 21,
        left: 1,
        top: -21,
        width: 19,
        height: 21,
        offset: 5414,
    },
    Glyph {
        advance: 22,
        left: 2,
        top: -21,
        width: 18,
        height: 21,
        offset: 5614,
    },
    Glyph {
        advance: 13,
        left: 1,
        top: -21,
        width: 11,
        height: 21,
        offset: 5803,
    },
    Glyph {
        advance: 16,
        left: 0,
        top: -21,
        width: 15,
        height: 21,
        offset: 5919,
    },
    Glyph {
        advance: 20,
        left: 2,
        top: -21,
        width: 18,
        height: 21,
        offset: 6077,
    },
    Glyph {
        advance: 16,
        left: 2,
        top: -21,
        width: 13,
        height: 21,
        offset: 6266,
    },
    Glyph {
        advance: 24,
        left: 2,
        top: -21,
        width: 21,
        height: 21,
        offset: 6403,
    },
    Glyph {
        advance: 22,
        left: 2,
        top: -21,
        width: 18,
        height: 21,
        offset: 6624,
    },
    Glyph {
        advance: 21,
        left: 1,
        top: -21,
        width: 19,
        height: 21,
        offset: 6813,
    },
    Glyph {
        advance: 19,
        left: 2,
        top: -21,
        width: 17,
        height: 21,
        offset: 7013,
    },
    Glyph {
        advance: 21,
        left: 1,
        top: -21,
        width: 19,
        height: 26,
        offset: 7192,
    },
    Glyph {
        advance: 20,
        left: 2,
        top: -21,
        width: 17,
        height: 21,
        offset: 7439,
    },
    Glyph {
        advance: 18,
        left: 1,
        top: -21,
        width: 16,
        height: 21,
        offset: 7618,
    },
    Glyph {
        advance: 17,
        left: 0,
        top: -21,
        width: 17,
        height: 21,
        offset: 7786,
    },
    Glyph {
        advance: 21,
        left: 2,
        top: -21,
        width: 17,
        height: 21,
        offset: 7965,
    },
    Glyph {
        advance: 19,
        left: 0,
        top: -21,
        width: 19,
        height: 21,
        offset: 8144,
    },
    Glyph {
        advance: 28,
        left: 0,
        top: -21,
        width: 28,
        height: 21,
        offset: 8344,
    },
    Glyph {
        advance: 20,
        left: 0,
        top: -21,
        width: 20,
        height: 21,
        offset: 8638,
    },
    Glyph {
        advance: 19,
        left: 0,
        top: -21,
        width: 19,
        height: 21,
        offset: 8848,
    },
    Glyph {
        advance: 18,
        left: 1,
        top: -21,
        width: 16,
        height: 21,
        offset: 9048,
    },
    Glyph {
        advance: 10,
        left: 2,
        top: -23,
        width: 7,
        height: 27,
        offset: 9216,
    },
    Glyph {
        advance: 13,
        left: 1,
        top: -22,
        width: 12,
        height: 27,
        offset: 9311,
    },
    Glyph {
        advance: 10,
        left: 1,
        top: -23,
        width: 7,
        height: 27,
        offset: 9473,
    },
    Glyph {
        advance: 18,
        left: 1,
        top: -21,
        width: 16,
        height: 13,
        offset: 9568,
    },
    Glyph {
        advance: 17,
        left: 0,
        top: 2,
        width: 16,
        height: 3,
        offset: 9672,
    },
    Glyph {
        advance: 18,
        left: 4,
        top: -24,
        width: 7,
        height: 7,
        offset: 9696,
    },
    Glyph {
        advance: 17,
        left: 1,
        top: -15,
        width: 15,
        height: 15,
        offset: 9721,
    },
    Glyph {
        advance: 18,
        left: 2,
        top: -22,
        width: 15,
        height: 22,
        offset: 9834,
    },
    Glyph {
        advance: 15,
        left: 1,
        top: -15,
        width: 14,
        height: 15,
        offset: 9999,
    },
    Glyph {
        advance: 18,
        left: 1,
        top: -22,
        width: 15,
        height: 22,
        offset: 10104,
    },
    Glyph {
        advance: 17,
        left: 1,
        top: -15,
        width: 15,
        height: 15,
        offset: 10269,
    },
    Glyph {
        advance: 10,
        left: 0,
        top: -22,
        width: 11,
        height: 22,
        offset: 10382,
    },
    Glyph {
        advance: 16,
        left: 0,
        top: -18,
        width: 17,
        height: 24,
        offset: 10503,
    },
    Glyph {
        advance: 18,
        left: 2,
        top: -22,
        width: 14,
        height: 22,
        offset: 10707,
    },
    Glyph {
        advance: 8,
        left: 1,
        top: -22,
        width: 6,
        height: 22,
        offset: 10861,
    },
    Glyph {
        advance: 8,
        left: -1,
        top: -22,
        width: 8,
        height: 28,
        offset: 10927,
    },
    Glyph {
        advance: 17,
        left: 2,
        top: -22,
        width: 15,
        height: 22,
        offset: 11039,
    },
    Glyph {
        advance: 9,
        left: 2,
        top: -22,
        width: 7,
        height: 22,
        offset: 11204,
    },
    Glyph {
        advance: 27,
        left: 2,
        top: -15,
        width: 23,
        height: 15,
        offset: 11281,
    },
    Glyph {
        advance: 18,
        left: 2,
        top: -15,
        width: 14,
        height: 15,
        offset: 11454,
    },
    Glyph {
        advance: 17,
        left: 1,
        top: -15,
        width: 15,
        height: 15,
        offset: 11559,
    },
    Glyph {
        advance: 18,
        left: 2,
        top: -15,
        width: 15,
        height: 21,
        offset: 11672,
    },
    Glyph {
        advance: 18,
        left: 1,
        top: -15,
        width: 15,
        height: 21,
        offset: 11830,
    },
    Glyph {
        advance: 12,
        left: 2,
        top: -15,
        width: 10,
        height: 15,
        offset: 11988,
    },
    Glyph {
        advance: 15,
        left: 0,
        top: -15,
        width: 14,
        height: 15,
        offset: 12063,
    },
    Glyph {
        advance: 11,
        left: 0,
        top: -20,
        width: 11,
        height: 20,
        offset: 12168,
    },
    Glyph {
        advance: 18,
        left: 2,
        top: -15,
        width: 14,
        height: 15,
        offset: 12278,
    },
    Glyph {
        advance: 16,
        left: 0,
        top: -15,
        width: 16,
        height: 15,
        offset: 12383,
    },
    Glyph {
        advance: 25,
        left: 0,
        top: -15,
        width: 24,
        height: 15,
        offset: 12503,
    },
    Glyph {
        advance: 16,
        left: 0,
        top: -15,
        width: 16,
        height: 15,
        offset: 12683,
    },
    Glyph {
        advance: 16,
        left: 0,
        top: -15,
        width: 16,
        height: 21,
        offset: 12803,
    },
    Glyph {
        advance: 15,
        left: 1,
        top: -15,
        width: 13,
        height: 15,
        offset: 12971,
    },
    Glyph {
        advance: 11,
        left: 0,
        top: -23,
        width: 10,
        height: 27,
        offset: 13069,
    },
    Glyph {
        advance: 11,
        left: 4,
        top: -23,
        width: 4,
        height: 27,
        offset: 13204,
    },
    Glyph {
        advance: 11,
        left: 1,
        top: -23,
        width: 10,
        height: 27,
        offset: 13258,
    },
    Glyph {
        advance: 18,
        left: 1,
        top: -12,
        width: 16,
        height: 5,
        offset: 13393,
    },
    Glyph {
        advance: 23,
        left: 1,
        top: -11,
        width: 22,
        height: 3,
        offset: 13433,
    },
    Glyph {
        advance: 10,
        left: 2,
        top: -12,
        width: 6,
        height: 5,
        offset: 13466,
    },
];

pub(super) const READY: Font = Font {
    ascent: 31,
    descent: 9,
    glyphs: READY_GLYPHS,
    data: READY_DATA,
};

const HEADING_DATA: &[u8] = &[
    0x5F, 0xF4, 0x5F, 0xF4, 0x5F, 0xF4, 0x5F, 0xF3, 0x3F, 0xF2, 0x1F, 0xF0, 0x0E, 0xD0, 0x0C, 0xB0,
    0x0A, 0x90, 0x00, 0x00, 0x4E, 0xD3, 0x9F, 0xF7, 0x4E, 0xE3, 0x9F, 0x80, 0x9F, 0x89, 0xF8, 0x09,
    0xF8, 0x9F, 0x80, 0x9F, 0x89, 0xF8, 0x09, 0xF8, 0x9F, 0x80, 0x9F, 0x89, 0xE8, 0x08, 0xE8, 0x00,
    0x00, 0xDC, 0x00, 0x3F, 0x60, 0x00, 0x01, 0xF9, 0x00, 0x6F, 0x30, 0x00, 0x03, 0xF5, 0x00, 0x9F,
    0x00, 0x0A, 0xFF, 0xFF, 0xFF, 0xFF, 0xFF, 0x0A, 0xFF, 0xFF, 0xFF, 0xFF, 0xFF, 0x00, 0x0B, 0xE0,
    0x01, 0xF8, 0x00, 0x00, 0x0D, 0xB0, 0x04, 0xF5, 0x00, 0x00, 0x1F, 0x80, 0x07, 0xF2, 0x00, 0x8F,
    0xFF, 0xFF, 0xFF, 0xFF, 0xF2, 0x8F, 0xFF, 0xFF, 0xFF, 0xFF, 0xF2, 0x00, 0x8F, 0x10, 0x0E, 0xA0,
    0x00, 0x00, 0xBD, 0x00, 0x2F, 0x70, 0x00, 0x00, 0xEA, 0x00, 0x5F, 0x40, 0x00, 0x00, 0x00, 0x2F,
    0xB0, 0x00, 0x00, 0x00, 0x02, 0xFB, 0x00, 0x00, 0x00, 0x2A, 0xEF, 0xFD, 0x71, 0x00, 0x3E, 0xFF,
    0xFF, 0xFF, 0xC1, 0x0A, 0xFC, 0x2F, 0x95, 0xEA, 0x00, 0xDF, 0x70, 0xF9, 0x01, 0x00, 0x0B, 0xFC,
    0x2F, 0x90, 0x00, 0x00, 0x4F, 0xFF, 0xFC, 0x51, 0x00, 0x00, 0x5D, 0xFF, 0xFF, 0xE4, 0x00, 0x00,
    0x02, 0xFD, 0xEF, 0xE2, 0x00, 0x00, 0x0F, 0x92, 0xEF, 0x60, 0x15, 0x00, 0xF9, 0x0D, 0xF6, 0x1C,
    0xF8, 0x2F, 0xA7, 0xFF, 0x30, 0x9F, 0xFF, 0xFF, 0xFF, 0x80, 0x00, 0x5B, 0xEF, 0xFB, 0x50, 0x00,
    0x00, 0x02, 0xFB, 0x00, 0x00, 0x00, 0x00, 0x2F, 0xB0, 0x00, 0x00, 0x08, 0xDE, 0xC4, 0x00, 0x00,
    0x0B, 0xF7, 0x00, 0x07, 0xFF, 0xFF, 0xF2, 0x00, 0x07, 0xFB, 0x00, 0x00, 0xDF, 0x61, 0xBF, 0x70,
    0x03, 0xFE, 0x20, 0x00, 0x0E, 0xF2, 0x07, 0xF9, 0x00, 0xCF, 0x50, 0x00, 0x00, 0xDF, 0x61, 0xBF,
    0x70, 0x9F, 0x90, 0x00, 0x00, 0x07, 0xFF, 0xFF, 0xF2, 0x4F, 0xD1, 0x00, 0x00, 0x00, 0x08, 0xDE,
    0xC4, 0x1E, 0xF3, 0x2B, 0xEE, 0xA1, 0x00, 0x00, 0x00, 0x0A, 0xF8, 0x0D, 0xFF, 0xFF, 0xB0, 0x00,
    0x00, 0x06, 0xFC, 0x04, 0xFD, 0x13, 0xFF, 0x10, 0x00, 0x02, 0xEE, 0x20, 0x5F, 0xB0, 0x0E, 0xF3,
    0x00, 0x00, 0xCF, 0x60, 0x04, 0xFD, 0x13, 0xFF, 0x10, 0x00, 0x8F, 0xA0, 0x00, 0x0D, 0xFF, 0xFF,
    0xB0, 0x00, 0x4F, 0xE1, 0x00, 0x00, 0x2B, 0xEE, 0xA1, 0x00, 0x00, 0x3B, 0xEE, 0xB4, 0x00, 0x00,
    0x00, 0x3F, 0xFF, 0xFF, 0xF4, 0x00, 0x00, 0x0A, 0xFC, 0x22, 0xCF, 0xA0, 0x00, 0x00, 0xAF, 0xA0,
    0x0B, 0xF9, 0x00, 0x00, 0x05, 0xFF, 0x58, 0xFE, 0x20, 0x00, 0x00, 0x0A, 0xFF, 0xFD, 0x30, 0x00,
    0x00, 0x03, 0xCF, 0xFF, 0x40, 0x3F, 0xFD, 0x03, 0xEF, 0xAC, 0xFE, 0x46, 0xFF, 0xD0, 0xBF, 0xB0,
    0x1C, 0xFE, 0xDF, 0x70, 0x0E, 0xF9, 0x00, 0x1C, 0xFF, 0xE1, 0x00, 0xCF, 0xE4, 0x11, 0x7F, 0xFE,
    0x30, 0x03, 0xFF, 0xFF, 0xFF, 0xFD, 0xFD, 0x20, 0x03, 0xAE, 0xFD, 0xA3, 0x2E, 0xFD, 0x10, 0x9F,
    0x89, 0xF8, 0x9F, 0x89, 0xF8, 0x9F, 0x89, 0xE8, 0x00, 0x04, 0xEE, 0x30, 0x01, 0xEF, 0x40, 0x00,
    0x8F, 0xA0, 0x00, 0x1F, 0xF2, 0x00, 0x06, 0xFC, 0x00, 0x00, 0xAF, 0x80, 0x00, 0x0D, 0xF6, 0x00,
    0x00, 0xEF, 0x40, 0x00, 0x0F, 0xF4, 0x00, 0x00, 0xEF, 0x40, 0x00, 0x0D, 0xF5, 0x00, 0x00, 0xAF,
    0x70, 0x00, 0x06, 0xFC, 0x00, 0x00, 0x1F, 0xF2, 0x00, 0x00, 0x9F, 0xA0, 0x00, 0x01, 0xEF, 0x40,
    0x00, 0x04, 0xEE, 0x30, 0x0B, 0xF9, 0x00, 0x00, 0x1D, 0xF6, 0x00, 0x00, 0x4F, 0xE1, 0x00, 0x00,
    0xBF, 0x70, 0x00, 0x06, 0xFC, 0x00, 0x00, 0x1F, 0xF1, 0x00, 0x00, 0xEF, 0x40, 0x00, 0x0D, 0xF6,
    0x00, 0x00, 0xCF, 0x70, 0x00, 0x0D, 0xF6, 0x00, 0x00, 0xEF, 0x40, 0x00, 0x1F, 0xF1, 0x00, 0x06,
    0xFC, 0x00, 0x00, 0xBF, 0x70, 0x00, 0x4F, 0xE1, 0x00, 0x1D, 0xF6, 0x00, 0x0B, 0xF9, 0x00, 0x00,
    0x00, 0x00, 0xBF, 0x50, 0x00, 0x00, 0x00, 0xBF, 0x40, 0x00, 0x0A, 0x61, 0xAF, 0x33, 0x96, 0x3F,
    0xFE, 0xDF, 0xDF, 0xFC, 0x04, 0x8D, 0xFF, 0xFB, 0x62, 0x00, 0x09, 0xFF, 0xE3, 0x00, 0x00, 0x6F,
    0xD6, 0xFD, 0x10, 0x02, 0xEF, 0x40, 0xAF, 0x90, 0x00, 0x47, 0x00, 0x18, 0x10, 0x00, 0x04, 0xA8,
    0x00, 0x00, 0x00, 0x05, 0xFC, 0x00, 0x00, 0x00, 0x05, 0xFC, 0x00, 0x00, 0x00, 0x05, 0xFC, 0x00,
    0x00, 0xBF, 0xFF, 0xFF, 0xFF, 0xF2, 0xBF, 0xFF, 0xFF, 0xFF, 0xF2, 0x00, 0x05, 0xFC, 0x00, 0x00,
    0x00, 0x05, 0xFC, 0x00, 0x00, 0x00, 0x05, 0xFC, 0x00, 0x00, 0x00, 0x03, 0x97, 0x00, 0x00, 0x05,
    0xEC, 0x10, 0xAF, 0xF5, 0x06, 0xFF, 0x40, 0x0C, 0xF1, 0x04, 0xF9, 0x01, 0xDC, 0x10, 0xDF, 0xFF,
    0xF8, 0xDF, 0xFF, 0xF8, 0x5E, 0xD1, 0xAF, 0xF5, 0x5E, 0xD2, 0x00, 0x00, 0x09, 0xF6, 0x00, 0x00,
    0x0E, 0xF2, 0x00, 0x00, 0x4F, 0xC0, 0x00, 0x00, 0x9F, 0x70, 0x00, 0x00, 0xDF, 0x20, 0x00, 0x03,
    0xFC, 0x00, 0x00, 0x08, 0xF7, 0x00, 0x00, 0x0D, 0xF3, 0x00, 0x00, 0x3F, 0xD0, 0x00, 0x00, 0x8F,
    0x80, 0x00, 0x00, 0xCF, 0x30, 0x00, 0x02, 0xFD, 0x00, 0x00, 0x07, 0xF9, 0x00, 0x00, 0x0C, 0xF4,
    0x00, 0x00, 0x2F, 0xE0, 0x00, 0x00, 0x6F, 0x90, 0x00, 0x00, 0xBF, 0x40, 0x00, 0x00, 0x00, 0x18,
    0xDF, 0xEA, 0x30, 0x00, 0x1C, 0xFF, 0xFF, 0xFF, 0x40, 0x07, 0xFF, 0x61, 0x3D, 0xFD, 0x00, 0xDF,
    0xB0, 0x00, 0x5F, 0xF4, 0x1F, 0xF7, 0x00, 0x01, 0xFF, 0x73, 0xFF, 0x60, 0x00, 0x0F, 0xF9, 0x3F,
    0xF6, 0x00, 0x00, 0xFF, 0x93, 0xFF, 0x60, 0x00, 0x0F, 0xF9, 0x1F, 0xF7, 0x00, 0x01, 0xFF, 0x70,
    0xDF, 0xB0, 0x00, 0x5F, 0xF4, 0x07, 0xFF, 0x61, 0x3D, 0xFD, 0x00, 0x1C, 0xFF, 0xFF, 0xFF, 0x40,
    0x00, 0x18, 0xDF, 0xEB, 0x30, 0x00, 0x00, 0x05, 0xFF, 0xFC, 0x00, 0x00, 0x03, 0xFF, 0xEF, 0xC0,
    0x00, 0x02, 0xEF, 0xB9, 0xFC, 0x00, 0x00, 0xCF, 0xE2, 0x9F, 0xC0, 0x00, 0x1C, 0xF5, 0x09, 0xFC,
    0x00, 0x00, 0x29, 0x00, 0x9F, 0xC0, 0x00, 0x00, 0x00, 0x09, 0xFC, 0x00, 0x00, 0x00, 0x00, 0x9F,
    0xC0, 0x00, 0x00, 0x00, 0x09, 0xFC, 0x00, 0x00, 0x00, 0x00, 0x9F, 0xC0, 0x00, 0x00, 0x00, 0x09,
    0xFC, 0x00, 0x00, 0x4F, 0xFF, 0xFF, 0xFF, 0xFD, 0x04, 0xFF, 0xFF, 0xFF, 0xFF, 0xD0, 0x02, 0x9D,
    0xFE, 0xA3, 0x00, 0x2E, 0xFF, 0xFF, 0xFF, 0x40, 0xBF, 0xD3, 0x15, 0xFF, 0xC0, 0x5B, 0x50, 0x00,
    0xAF, 0xF0, 0x00, 0x00, 0x00, 0xAF, 0xE0, 0x00, 0x00, 0x02, 0xEF, 0x90, 0x00, 0x00, 0x1C, 0xFE,
    0x10, 0x00, 0x02, 0xCF, 0xE3, 0x00, 0x00, 0x3E, 0xFC, 0x20, 0x00, 0x05, 0xEF, 0xA1, 0x00, 0x00,
    0x7F, 0xF8, 0x00, 0x00, 0x00, 0xCF, 0xFF, 0xFF, 0xFF, 0xF6, 0xCF, 0xFF, 0xFF, 0xFF, 0xF6, 0x00,
    0x4B, 0xEF, 0xD9, 0x30, 0x00, 0x7F, 0xFF, 0xFF, 0xFF, 0x40, 0x0A, 0xF9, 0x21, 0x5F, 0xFB, 0x00,
    0x05, 0x00, 0x00, 0xDF, 0xB0, 0x00, 0x00, 0x01, 0x5F, 0xF6, 0x00, 0x00, 0x5F, 0xFF, 0xC5, 0x00,
    0x00, 0x05, 0xFF, 0xFE, 0x80, 0x00, 0x00, 0x00, 0x15, 0xFF, 0x80, 0x00, 0x00, 0x00, 0x09, 0xFE,
    0x00, 0x36, 0x00, 0x00, 0xAF, 0xF0, 0x4F, 0xF7, 0x11, 0x5F, 0xFB, 0x00, 0xBF, 0xFF, 0xFF, 0xFE,
    0x30, 0x00, 0x6C, 0xEF, 0xD9, 0x20, 0x00, 0x00, 0x00, 0x07, 0xFF, 0xF0, 0x00, 0x00, 0x02, 0xFF,
    0xFF, 0x00, 0x00, 0x00, 0xCF, 0xCF, 0xF0, 0x00, 0x00, 0x7F, 0xB6, 0xFF, 0x00, 0x00, 0x3F, 0xE2,
    0x6F, 0xF0, 0x00, 0x0C, 0xF5, 0x06, 0xFF, 0x00, 0x08, 0xFA, 0x00, 0x6F, 0xF0, 0x03, 0xFE, 0x10,
    0x06, 0xFF, 0x00, 0x6F, 0xFF, 0xFF, 0xFF, 0xFF, 0xB6, 0xFF, 0xFF, 0xFF, 0xFF, 0xFB, 0x00, 0x00,
    0x00, 0x6F, 0xF0, 0x00, 0x00, 0x00, 0x06, 0xFF, 0x00, 0x00, 0x00, 0x00, 0x6F, 0xF0, 0x00, 0x1F,
    0xFF, 0xFF, 0xFF, 0xC0, 0x2F, 0xFF, 0xFF, 0xFF, 0xC0, 0x3F, 0xC0, 0x00, 0x00, 0x00, 0x4F, 0xB0,
    0x00, 0x00, 0x00, 0x5F, 0xA0, 0x00, 0x00, 0x00, 0x6F, 0x94, 0xDF, 0xD7, 0x00, 0x7F, 0xBF, 0xFF,
    0xFF, 0xA0, 0x5D, 0xD4, 0x02, 0xBF, 0xF4, 0x00, 0x00, 0x00, 0x3F, 0xF7, 0x08, 0x20, 0x00, 0x3F,
    0xF6, 0xAF, 0xD4, 0x12, 0xBF, 0xF2, 0x4E, 0xFF, 0xFF, 0xFF, 0x70, 0x02, 0x9D, 0xFE, 0xB4, 0x00,
    0x00, 0x00, 0x2C, 0xFF, 0x70, 0x00, 0x00, 0x3E, 0xFE, 0x40, 0x00, 0x00, 0x1D, 0xFE, 0x30, 0x00,
    0x00, 0x0B, 0xFF, 0x40, 0x00, 0x00, 0x04, 0xFF, 0x80, 0x00, 0x00, 0x00, 0xAF, 0xF4, 0xBE, 0xE8,
    0x10, 0x0E, 0xFC, 0xEF, 0xFF, 0xFB, 0x00, 0xFF, 0xE4, 0x12, 0xAF, 0xF5, 0x0F, 0xF9, 0x00, 0x01,
    0xFF, 0x80, 0xDF, 0x90, 0x00, 0x1F, 0xF7, 0x08, 0xFE, 0x41, 0x2A, 0xFF, 0x30, 0x1C, 0xFF, 0xFF,
    0xFF, 0x80, 0x00, 0x18, 0xDF, 0xEB, 0x50, 0x00, 0xDF, 0xFF, 0xFF, 0xFF, 0xF5, 0xDF, 0xFF, 0xFF,
    0xFF, 0xF5, 0xDF, 0x40, 0x00, 0x6F, 0xF2, 0xDF, 0x40, 0x00, 0xCF, 0xB0, 0xDF, 0x40, 0x03, 0xFF,
    0x50, 0x00, 0x00, 0x0A, 0xFD, 0x00, 0x00, 0x00, 0x1F, 0xF8, 0x00, 0x00, 0x00, 0x7F, 0xF2, 0x00,
    0x00, 0x00, 0xDF, 0xA0, 0x00, 0x00, 0x05, 0xFF, 0x40, 0x00, 0x00, 0x0B, 0xFD, 0x00, 0x00, 0x00,
    0x2F, 0xF7, 0x00, 0x00, 0x00, 0x9F, 0xE1, 0x00, 0x00, 0x00, 0x29, 0xDE, 0xEB, 0x60, 0x00, 0x3F,
    0xFF, 0xFF, 0xFF, 0x90, 0x0A, 0xFE, 0x30, 0x2A, 0xFF, 0x10, 0xAF, 0xA0, 0x00, 0x4F, 0xF1, 0x05,
    0xFE, 0x30, 0x2A, 0xFA, 0x00, 0x04, 0xDF, 0xFF, 0xF8, 0x00, 0x01, 0x9F, 0xFF, 0xFF, 0xC3, 0x00,
    0xAF, 0xE4, 0x12, 0xAF, 0xE2, 0x1F, 0xF8, 0x00, 0x02, 0xFF, 0x72, 0xFF, 0x80, 0x00, 0x2F, 0xF8,
    0x0D, 0xFE, 0x40, 0x2A, 0xFF, 0x40, 0x4F, 0xFF, 0xFF, 0xFF, 0xA0, 0x00, 0x3A, 0xDF, 0xEB, 0x60,
    0x00, 0x00, 0x19, 0xDF, 0xEA, 0x30, 0x00, 0x3E, 0xFF, 0xFF, 0xFF, 0x40, 0x0C, 0xFE, 0x41, 0x2B,
    0xFE, 0x01, 0xFF, 0x70, 0x00, 0x3F, 0xF4, 0x2F, 0xF7, 0x00, 0x03, 0xFF, 0x60, 0xEF, 0xE4, 0x02,
    0xBF, 0xF6, 0x06, 0xFF, 0xFF, 0xFB, 0xFF, 0x50, 0x05, 0xCF, 0xD7, 0xAF, 0xF1, 0x00, 0x00, 0x00,
    0x2F, 0xFA, 0x00, 0x00, 0x00, 0x0C, 0xFF, 0x20, 0x00, 0x00, 0x0B, 0xFF, 0x60, 0x00, 0x00, 0x1B,
    0xFF, 0x80, 0x00, 0x00, 0x3D, 0xFF, 0x60, 0x00, 0x00, 0x3E, 0xE3, 0x7F, 0xF8, 0x3E, 0xE3, 0x00,
    0x00, 0x00, 0x00, 0x00, 0x00, 0x00, 0x00, 0x3E, 0xE3, 0x7F, 0xF8, 0x3E, 0xE3, 0x03, 0xEE, 0x30,
    0x7F, 0xF8, 0x03, 0xEE, 0x30, 0x00, 0x00, 0x00, 0x00, 0x00, 0x00, 0x00, 0x00, 0x00, 0x00, 0x3E,
    0xE3, 0x07, 0xFF, 0x80, 0x3E, 0xF7, 0x00, 0x9F, 0x30, 0x1E, 0xB0, 0x0B, 0xE2, 0x00, 0x00, 0x00,
    0x00, 0x06, 0x70, 0x00, 0x00, 0x2B, 0xF8, 0x00, 0x01, 0x8F, 0xFE, 0x40, 0x04, 0xDF, 0xF9, 0x10,
    0x1A, 0xFF, 0xC3, 0x00, 0x02, 0xFF, 0xB0, 0x00, 0x00, 0x1A, 0xFF, 0xC3, 0x00, 0x00, 0x04, 0xDF,
    0xF9, 0x10, 0x00, 0x01, 0x8F, 0xFE, 0x40, 0x00, 0x00, 0x2B, 0xF8, 0x00, 0x00, 0x00, 0x06, 0x70,
    0xBF, 0xFF, 0xFF, 0xFF, 0xF2, 0xBF, 0xFF, 0xFF, 0xFF, 0xF2, 0x00, 0x00, 0x00, 0x00, 0x00, 0x00,
    0x00, 0x00, 0x00, 0x00, 0xBF, 0xFF, 0xFF, 0xFF, 0xF2, 0xBF, 0xFF, 0xFF, 0xFF, 0xF2, 0x29, 0x10,
    0x00, 0x00, 0x02, 0xFE, 0x60, 0x00, 0x00, 0x1B, 0xFF, 0xB3, 0x00, 0x00, 0x05, 0xDF, 0xF8, 0x10,
    0x00, 0x01, 0x8F, 0xFD, 0x40, 0x00, 0x00, 0x4F, 0xF8, 0x00, 0x01, 0x8F, 0xFD, 0x30, 0x05, 0xEF,
    0xF8, 0x00, 0x1C, 0xFF, 0xB2, 0x00, 0x02, 0xFE, 0x60, 0x00, 0x00, 0x29, 0x10, 0x00, 0x00, 0x00,
    0x01, 0x8D, 0xED, 0x92, 0x01, 0xDF, 0xFF, 0xFF, 0xE2, 0x7F, 0xE3, 0x14, 0xFF, 0x90, 0x44, 0x00,
    0x0C, 0xFC, 0x00, 0x00, 0x02, 0xEF, 0x90, 0x00, 0x69, 0xEF, 0xE2, 0x00, 0x0D, 0xFE, 0xA2, 0x00,
    0x00, 0xDF, 0x70, 0x00, 0x00, 0x0D, 0xF7, 0x00, 0x00, 0x00, 0x00, 0x00, 0x00, 0x00, 0x1C, 0xE7,
    0x00, 0x00, 0x03, 0xFF, 0xC0, 0x00, 0x00, 0x1C, 0xE7, 0x00, 0x00, 0x00, 0x00, 0x6A, 0xDF, 0xEC,
    0x93, 0x00, 0x00, 0x02, 0xDF, 0xFF, 0xFF, 0xFF, 0xF8, 0x00, 0x02, 0xEF, 0xB5, 0x20, 0x13, 0x7E,
    0xF9, 0x00, 0xCF, 0x70, 0x00, 0x00, 0x00, 0x1C, 0xF4, 0x4F, 0x90, 0x19, 0xED, 0x3C, 0xB0, 0x2F,
    0x98, 0xF2, 0x09, 0xFF, 0xFC, 0xFD, 0x00, 0xBD, 0xBD, 0x00, 0xEF, 0x41, 0x4F, 0xD0, 0x0A, 0xEC,
    0xC0, 0x1F, 0xD0, 0x00, 0xFD, 0x00, 0xBD, 0xBD, 0x00, 0xEF, 0x41, 0x4B, 0xE1, 0x3F, 0xA9, 0xF1,
    0x09, 0xFF, 0xFA, 0x6F, 0xFF, 0xF3, 0x5F, 0x80, 0x19, 0xED, 0x21, 0xAF, 0xD5, 0x00, 0xDF, 0x60,
    0x00, 0x00, 0x00, 0x00, 0x00, 0x03, 0xFF, 0xB5, 0x10, 0x00, 0x00, 0x00, 0x00, 0x04, 0xDF, 0xFF,
    0xFF, 0xFF, 0xC0, 0x00, 0x00, 0x01, 0x6B, 0xEF, 0xFF, 0xFC, 0x00, 0x00, 0x00, 0x00, 0x5F, 0xFF,
    0x20, 0x00, 0x00, 0x00, 0x0A, 0xFF, 0xF7, 0x00, 0x00, 0x00, 0x01, 0xEF, 0xCF, 0xC0, 0x00, 0x00,
    0x00, 0x5F, 0xE4, 0xFF, 0x20, 0x00, 0x00, 0x0A, 0xF9, 0x0E, 0xF7, 0x00, 0x00, 0x01, 0xFF, 0x50,
    0xAF, 0xC0, 0x00, 0x00, 0x6F, 0xF1, 0x05, 0xFF, 0x30, 0x00, 0x0B, 0xFB, 0x00, 0x1F, 0xF8, 0x00,
    0x01, 0xFF, 0xFF, 0xFF, 0xFF, 0xD0, 0x00, 0x6F, 0xFF, 0xFF, 0xFF, 0xFF, 0x30, 0x0B, 0xFC, 0x00,
    0x00, 0x2F, 0xF8, 0x01, 0xFF, 0x70, 0x00, 0x00, 0xCF, 0xD0, 0x6F, 0xF2, 0x00, 0x00, 0x06, 0xFF,
    0x30, 0x7F, 0xFF, 0xFF, 0xFD, 0x91, 0x07, 0xFF, 0xFF, 0xFF, 0xFF, 0xB0, 0x7F, 0xF1, 0x00, 0x1A,
    0xFF, 0x17, 0xFF, 0x10, 0x00, 0x6F, 0xF2, 0x7F, 0xF1, 0x00, 0x1A, 0xFC, 0x07, 0xFF, 0xFF, 0xFF,
    0xF9, 0x10, 0x7F, 0xFF, 0xFF, 0xFF, 0xF8, 0x07, 0xFF, 0x10, 0x00, 0x6F, 0xF5, 0x7F, 0xF1, 0x00,
    0x00, 0xEF, 0xA7, 0xFF, 0x10, 0x00, 0x0E, 0xFA, 0x7F, 0xF1, 0x00, 0x05, 0xFF, 0x77, 0xFF, 0xFF,
    0xFF, 0xFF, 0xD1, 0x7F, 0xFF, 0xFF, 0xFF, 0xB2, 0x00, 0x00, 0x29, 0xDF, 0xEB, 0x50, 0x00, 0x4E,
    0xFF, 0xFF, 0xFF, 0x90, 0x1E, 0xFD, 0x41, 0x2A, 0xFF, 0x48, 0xFF, 0x20, 0x00, 0x0B, 0x60, 0xCF,
    0xC0, 0x00, 0x00, 0x00, 0x0E, 0xFA, 0x00, 0x00, 0x00, 0x00, 0xFF, 0xA0, 0x00, 0x00, 0x00, 0x0E,
    0xFA, 0x00, 0x00, 0x00, 0x00, 0xCF, 0xC0, 0x00, 0x00, 0x00, 0x08, 0xFF, 0x20, 0x00, 0x0B, 0x81,
    0x2E, 0xFD, 0x41, 0x2A, 0xFF, 0x50, 0x5F, 0xFF, 0xFF, 0xFF, 0x80, 0x00, 0x39, 0xDF, 0xEB, 0x50,
    0x00, 0x7F, 0xFF, 0xFF, 0xDA, 0x30, 0x00, 0x7F, 0xFF, 0xFF, 0xFF, 0xF6, 0x00, 0x7F, 0xF1, 0x00,
    0x3C, 0xFF, 0x20, 0x7F, 0xF1, 0x00, 0x01, 0xEF, 0x90, 0x7F, 0xF1, 0x00, 0x00, 0xAF, 0xD0, 0x7F,
    0xF1, 0x00, 0x00, 0x9F, 0xF1, 0x7F, 0xF1, 0x00, 0x00, 0x8F, 0xF1, 0x7F, 0xF1, 0x00, 0x00, 0x9F,
    0xF1, 0x7F, 0xF1, 0x00, 0x00, 0xAF, 0xD0, 0x7F, 0xF1, 0x00, 0x01, 0xEF, 0x90, 0x7F, 0xF1, 0x00,
    0x3C, 0xFF, 0x20, 0x7F, 0xFF, 0xFF, 0xFF, 0xF6, 0x00, 0x7F, 0xFF, 0xFF, 0xDA, 0x30, 0x00, 0x7F,
    0xFF, 0xFF, 0xFF, 0xF4, 0x7F, 0xFF, 0xFF, 0xFF, 0xF4, 0x7F, 0xF1, 0x00, 0x00, 0x00, 0x7F, 0xF1,
    0x00, 0x00, 0x00, 0x7F, 0xF1, 0x00, 0x00, 0x00, 0x7F, 0xFF, 0xFF, 0xFF, 0x90, 0x7F, 0xFF, 0xFF,
    0xFF, 0x90, 0x7F, 0xF1, 0x00, 0x00, 0x00, 0x7F, 0xF1, 0x00, 0x00, 0x00, 0x7F, 0xF1, 0x00, 0x00,
    0x00, 0x7F, 0xF1, 0x00, 0x00, 0x00, 0x7F, 0xFF, 0xFF, 0xFF, 0xF4, 0x7F, 0xFF, 0xFF, 0xFF, 0xF4,
    0x7F, 0xFF, 0xFF, 0xFF, 0xF1, 0x7F, 0xFF, 0xFF, 0xFF, 0xF1, 0x7F, 0xF1, 0x00, 0x00, 0x00, 0x7F,
    0xF1, 0x00, 0x00, 0x00, 0x7F, 0xF1, 0x00, 0x00, 0x00, 0x7F, 0xFF, 0xFF, 0xFF, 0x50, 0x7F, 0xFF,
    0xFF, 0xFF, 0x50, 0x7F, 0xF1, 0x00, 0x00, 0x00, 0x7F, 0xF1, 0x00, 0x00, 0x00, 0x7F, 0xF1, 0x00,
    0x00, 0x00, 0x7F, 0xF1, 0x00, 0x00, 0x00, 0x7F, 0xF1, 0x00, 0x00, 0x00, 0x7F, 0xF1, 0x00, 0x00,
    0x00, 0x00, 0x18, 0xDE, 0xEC, 0x70, 0x00, 0x03, 0xEF, 0xFF, 0xFF, 0xFC, 0x10, 0x1E, 0xFD, 0x51,
    0x16, 0xFF, 0xA0, 0x7F, 0xF3, 0x00, 0x00, 0x69, 0x20, 0xCF, 0xC0, 0x00, 0x00, 0x00, 0x00, 0xEF,
    0xA0, 0x00, 0x00, 0x00, 0x00, 0xFF, 0xA0, 0x00, 0xDF, 0xFF, 0xF3, 0xEF, 0xA0, 0x00, 0xDF, 0xFF,
    0xF3, 0xCF, 0xC0, 0x00, 0x00, 0x4F, 0xF3, 0x8F, 0xF3, 0x00, 0x00, 0x6F, 0xF3, 0x1E, 0xFD, 0x51,
    0x15, 0xEF, 0xF3, 0x04, 0xFF, 0xFF, 0xFF, 0xAF, 0xF3, 0x00, 0x3A, 0xEF, 0xD9, 0x1F, 0xF3, 0x7F,
    0xF1, 0x00, 0x00, 0x6F, 0xF2, 0x7F, 0xF1, 0x00, 0x00, 0x6F, 0xF2, 0x7F, 0xF1, 0x00, 0x00, 0x6F,
    0xF2, 0x7F, 0xF1, 0x00, 0x00, 0x6F, 0xF2, 0x7F, 0xF1, 0x00, 0x00, 0x6F, 0xF2, 0x7F, 0xFF, 0xFF,
    0xFF, 0xFF, 0xF2, 0x7F, 0xFF, 0xFF, 0xFF, 0xFF, 0xF2, 0x7F, 0xF1, 0x00, 0x00, 0x6F, 0xF2, 0x7F,
    0xF1, 0x00, 0x00, 0x6F, 0xF2, 0x7F, 0xF1, 0x00, 0x00, 0x6F, 0xF2, 0x7F, 0xF1, 0x00, 0x00, 0x6F,
    0xF2, 0x7F, 0xF1, 0x00, 0x00, 0x6F, 0xF2, 0x7F, 0xF1, 0x00, 0x00, 0x6F, 0xF2, 0xFF, 0xFF, 0xFF,
    0x0F, 0xFF, 0xFF, 0xF0, 0x04, 0xFF, 0x40, 0x00, 0x4F, 0xF4, 0x00, 0x04, 0xFF, 0x40, 0x00, 0x4F,
    0xF4, 0x00, 0x04, 0xFF, 0x40, 0x00, 0x4F, 0xF4, 0x00, 0x04, 0xFF, 0x40, 0x00, 0x4F, 0xF4, 0x00,
    0x04, 0xFF, 0x40, 0x0F, 0xFF, 0xFF, 0xF0, 0xFF, 0xFF, 0xFF, 0x00, 0x00, 0xCF, 0xFF, 0xFF, 0xD0,
    0x0C, 0xFF, 0xFF, 0xFD, 0x00, 0x00, 0x00, 0xAF, 0xD0, 0x00, 0x00, 0x0A, 0xFD, 0x00, 0x00, 0x00,
    0xAF, 0xD0, 0x00, 0x00, 0x0A, 0xFD, 0x00, 0x00, 0x00, 0xAF, 0xD0, 0x00, 0x00, 0x0A, 0xFD, 0x00,
    0x00, 0x00, 0xAF, 0xD2, 0x8A, 0x00, 0x0A, 0xFD, 0x3F, 0xF7, 0x14, 0xEF, 0xA0, 0xBF, 0xFF, 0xFF,
    0xE2, 0x01, 0x8D, 0xFE, 0xA2, 0x00, 0x7F, 0xF1, 0x00, 0x02, 0xEF, 0xB0, 0x7F, 0xF1, 0x00, 0x1D,
    0xFD, 0x10, 0x7F, 0xF1, 0x00, 0xBF, 0xE2, 0x00, 0x7F, 0xF1, 0x08, 0xFF, 0x40, 0x00, 0x7F, 0xF1,
    0x5F, 0xF6, 0x00, 0x00, 0x7F, 0xF4, 0xEF, 0xC0, 0x00, 0x00, 0x7F, 0xFE, 0xFF, 0xF5, 0x00, 0x00,
    0x7F, 0xFF, 0x8D, 0xFD, 0x10, 0x00, 0x7F, 0xFA, 0x04, 0xFF, 0x90, 0x00, 0x7F, 0xF1, 0x00, 0xAF,
    0xF4, 0x00, 0x7F, 0xF1, 0x00, 0x1E, 0xFD, 0x10, 0x7F, 0xF1, 0x00, 0x05, 0xFF, 0x90, 0x7F, 0xF1,
    0x00, 0x00, 0xBF, 0xF4, 0x7F, 0xF1, 0x00, 0x00, 0x07, 0xFF, 0x10, 0x00, 0x00, 0x7F, 0xF1, 0x00,
    0x00, 0x07, 0xFF, 0x10, 0x00, 0x00, 0x7F, 0xF1, 0x00, 0x00, 0x07, 0xFF, 0x10, 0x00, 0x00, 0x7F,
    0xF1, 0x00, 0x00, 0x07, 0xFF, 0x10, 0x00, 0x00, 0x7F, 0xF1, 0x00, 0x00, 0x07, 0xFF, 0x10, 0x00,
    0x00, 0x7F, 0xF1, 0x00, 0x00, 0x07, 0xFF, 0xFF, 0xFF, 0xF4, 0x7F, 0xFF, 0xFF, 0xFF, 0x40, 0x7F,
    0xFA, 0x00, 0x00, 0x01, 0xEF, 0xE7, 0xFF, 0xF3, 0x00, 0x00, 0x8F, 0xFE, 0x7F, 0xFF, 0xA0, 0x00,
    0x1E, 0xFF, 0xE7, 0xFF, 0xFF, 0x30, 0x08, 0xFF, 0xFE, 0x7F, 0xE9, 0xFB, 0x01, 0xEF, 0x9F, 0xE7,
    0xFE, 0x2F, 0xF3, 0x9F, 0xA6, 0xFE, 0x7F, 0xE0, 0xAF, 0xCF, 0xF2, 0x6F, 0xE7, 0xFE, 0x02, 0xFF,
    0xF9, 0x06, 0xFE, 0x7F, 0xE0, 0x09, 0xFF, 0x20, 0x6F, 0xE7, 0xFE, 0x00, 0x1E, 0x80, 0x06, 0xFE,
    0x7F, 0xE0, 0x00, 0x71, 0x00, 0x6F, 0xE7, 0xFE, 0x00, 0x00, 0x00, 0x06, 0xFE, 0x7F, 0xE0, 0x00,
    0x00, 0x00, 0x6F, 0xE0, 0x7F, 0xF9, 0x00, 0x00, 0x4F, 0xF2, 0x7F, 0xFF, 0x30, 0x00, 0x4F, 0xF2,
    0x7F, 0xFF, 0xC0, 0x00, 0x4F, 0xF2, 0x7F, 0xFF, 0xF6, 0x00, 0x4F, 0xF2, 0x7F, 0xE9, 0xFE, 0x10,
    0x4F, 0xF2, 0x7F, 0xE2, 0xFF, 0x90, 0x4F, 0xF2, 0x7F, 0xE0, 0x9F, 0xF3, 0x4F, 0xF2, 0x7F, 0xE0,
    0x1E, 0xFB, 0x4F, 0xF2, 0x7F, 0xE0, 0x06, 0xFF, 0x8F, 0xF2, 0x7F, 0xE0, 0x00, 0xBF, 0xEF, 0xF2,
    0x7F, 0xE0, 0x00, 0x3F, 0xFF, 0xF2, 0x7F, 0xE0, 0x00, 0x08, 0xFF, 0xF2, 0x7F, 0xE0, 0x00, 0x01,
    0xEF, 0xF2, 0x00, 0x29, 0xDF, 0xEB, 0x60, 0x00, 0x04, 0xEF, 0xFF, 0xFF, 0xFB, 0x00, 0x1E, 0xFD,
    0x41, 0x28, 0xFF, 0x80, 0x7F, 0xF3, 0x00, 0x00, 0xAF, 0xE1, 0xCF, 0xC0, 0x00, 0x00, 0x4F, 0xF5,
    0xEF, 0xA0, 0x00, 0x00, 0x2F, 0xF7, 0xFF, 0xA0, 0x00, 0x00, 0x2F, 0xF8, 0xEF, 0xA0, 0x00, 0x00,
    0x2F, 0xF7, 0xCF, 0xC0, 0x00, 0x00, 0x4F, 0xF5, 0x7F, 0xF2, 0x00, 0x00, 0xAF, 0xE1, 0x1E, 0xFD,
    0x41, 0x28, 0xFF, 0x80, 0x04, 0xEF, 0xFF, 0xFF, 0xFB, 0x00, 0x00, 0x29, 0xDF, 0xEC, 0x60, 0x00,
    0x7F, 0xFF, 0xFF, 0xFD, 0x70, 0x07, 0xFF, 0xFF, 0xFF, 0xFF, 0xA0, 0x7F, 0xF1, 0x00, 0x18, 0xFF,
    0x37, 0xFF, 0x10, 0x00, 0x2F, 0xF6, 0x7F, 0xF1, 0x00, 0x02, 0xFF, 0x67, 0xFF, 0x10, 0x01, 0x9F,
    0xF3, 0x7F, 0xFF, 0xFF, 0xFF, 0xFA, 0x07, 0xFF, 0xFF, 0xFF, 0xD7, 0x00, 0x7F, 0xF1, 0x00, 0x00,
    0x00, 0x07, 0xFF, 0x10, 0x00, 0x00, 0x00, 0x7F, 0xF1, 0x00, 0x00, 0x00, 0x07, 0xFF, 0x10, 0x00,
    0x00, 0x00, 0x7F, 0xF1, 0x00, 0x00, 0x00, 0x00, 0x00, 0x29, 0xDF, 0xEB, 0x60, 0x00, 0x04, 0xEF,
    0xFF, 0xFF, 0xFB, 0x00, 0x1E, 0xFD, 0x41, 0x28, 0xFF, 0x80, 0x7F, 0xF3, 0x00, 0x00, 0xAF, 0xE1,
    0xCF, 0xC0, 0x00, 0x00, 0x4F, 0xF5, 0xEF, 0xA0, 0x00, 0x00, 0x2F, 0xF7, 0xFF, 0xA0, 0x00, 0x00,
    0x2F, 0xF8, 0xEF, 0xA0, 0x00, 0x00, 0x2F, 0xF7, 0xCF, 0xC0, 0x00, 0x00, 0x4F, 0xF5, 0x8F, 0xF2,
    0x00, 0x00, 0xAF, 0xF1, 0x2E, 0xFD, 0x41, 0x28, 0xFF, 0x90, 0x05, 0xFF, 0xFF, 0xFF, 0xFC, 0x10,
    0x00, 0x3A, 0xEF, 0xFC, 0x70, 0x00, 0x00, 0x00, 0x4F, 0xF1, 0x00, 0x00, 0x00, 0x00, 0x2F, 0xFF,
    0xF2, 0x00, 0x00, 0x00, 0x07, 0xEF, 0xF2, 0x00, 0x7F, 0xFF, 0xFF, 0xFD, 0x70, 0x07, 0xFF, 0xFF,
    0xFF, 0xFF, 0xA0, 0x7F, 0xF1, 0x00, 0x18, 0xFF, 0x37, 0xFF, 0x10, 0x00, 0x2F, 0xF6, 0x7F, 0xF1,
    0x00, 0x02, 0xFF, 0x67, 0xFF, 0x10, 0x01, 0x9F, 0xF3, 0x7F, 0xFF, 0xFF, 0xFF, 0xFA, 0x07, 0xFF,
    0xFF, 0xFF, 0xF7, 0x00, 0x7F, 0xF1, 0x05, 0xFF, 0x60, 0x07, 0xFF, 0x10, 0x0C, 0xFD, 0x00, 0x7F,
    0xF1, 0x00, 0x5F, 0xF6, 0x07, 0xFF, 0x10, 0x00, 0xCF, 0xD0, 0x7F, 0xF1, 0x00, 0x05, 0xFF, 0x70,
    0x00, 0x18, 0xDF, 0xEC, 0x81, 0x00, 0x2E, 0xFF, 0xFF, 0xFF, 0xE3, 0x0A, 0xFE, 0x41, 0x16, 0xEA,
    0x10, 0xCF, 0xA0, 0x00, 0x02, 0x00, 0x0B, 0xFE, 0x20, 0x00, 0x00, 0x00, 0x4F, 0xFF, 0xDA, 0x62,
    0x00, 0x00, 0x5D, 0xFF, 0xFF, 0xF7, 0x00, 0x00, 0x02, 0x68, 0xDF, 0xF4, 0x00, 0x00, 0x00, 0x01,
    0xEF, 0x80, 0x06, 0x00, 0x00, 0x0E, 0xF9, 0x1B, 0xFA, 0x31, 0x18, 0xFF, 0x50, 0x9F, 0xFF, 0xFF,
    0xFF, 0xB0, 0x00, 0x4A, 0xDF, 0xEC, 0x60, 0x00, 0x8F, 0xFF, 0xFF, 0xFF, 0xFF, 0x88, 0xFF, 0xFF,
    0xFF, 0xFF, 0xF8, 0x00, 0x00, 0xBF, 0xC0, 0x00, 0x00, 0x00, 0x0B, 0xFC, 0x00, 0x00, 0x00, 0x00,
    0xBF, 0xC0, 0x00, 0x00, 0x00, 0x0B, 0xFC, 0x00, 0x00, 0x00, 0x00, 0xBF, 0xC0, 0x00, 0x00, 0x00,
    0x0B, 0xFC, 0x00, 0x00, 0x00, 0x00, 0xBF, 0xC0, 0x00, 0x00, 0x00, 0x0B, 0xFC, 0x00, 0x00, 0x00,
    0x00, 0xBF, 0xC0, 0x00, 0x00, 0x00, 0x0B, 0xFC, 0x00, 0x00, 0x00, 0x00, 0xBF, 0xC0, 0x00, 0x00,
    0x8F, 0xE0, 0x00, 0x00, 0xCF, 0xA8, 0xFE, 0x00, 0x00, 0x0C, 0xFA, 0x8F, 0xE0, 0x00, 0x00, 0xCF,
    0xA8, 0xFE, 0x00, 0x00, 0x0C, 0xFA, 0x8F, 0xE0, 0x00, 0x00, 0xCF, 0xA8, 0xFE, 0x00, 0x00, 0x0C,
    0xFA, 0x8F, 0xE0, 0x00, 0x00, 0xCF, 0xA8, 0xFE, 0x00, 0x00, 0x0C, 0xFA, 0x7F, 0xF0, 0x00, 0x00,
    0xDF, 0x95, 0xFF, 0x30, 0x00, 0x1F, 0xF7, 0x1F, 0xFC, 0x31, 0x2B, 0xFF, 0x20, 0x7F, 0xFF, 0xFF,
    0xFF, 0x90, 0x00, 0x5B, 0xEF, 0xEC, 0x60, 0x00, 0x8F, 0xF1, 0x00, 0x00, 0x0D, 0xFA, 0x3F, 0xF5,
    0x00, 0x00, 0x2F, 0xF5, 0x0D, 0xFA, 0x00, 0x00, 0x7F, 0xE0, 0x08, 0xFE, 0x10, 0x00, 0xCF, 0xA0,
    0x03, 0xFF, 0x50, 0x02, 0xFF, 0x50, 0x00, 0xDF, 0xA0, 0x07, 0xFE, 0x00, 0x00, 0x8F, 0xE0, 0x0B,
    0xFA, 0x00, 0x00, 0x3F, 0xF3, 0x1F, 0xF5, 0x00, 0x00, 0x0D, 0xF8, 0x4F, 0xE0, 0x00, 0x00, 0x08,
    0xFC, 0x8F, 0xA0, 0x00, 0x00, 0x03, 0xFF, 0xDF, 0x50, 0x00, 0x00, 0x00, 0xDF, 0xFE, 0x00, 0x00,
    0x00, 0x00, 0x8F, 0xFA, 0x00, 0x00, 0x6F, 0xF2, 0x00, 0x07, 0xFF, 0x80, 0x00, 0x0F, 0xF6, 0x2F,
    0xF5, 0x00, 0x0B, 0xFF, 0xC0, 0x00, 0x3F, 0xF2, 0x0E, 0xF8, 0x00, 0x0E, 0xFF, 0xF1, 0x00, 0x6F,
    0xE0, 0x0A, 0xFB, 0x00, 0x3F, 0xCC, 0xF4, 0x00, 0xAF, 0xA0, 0x07, 0xFE, 0x00, 0x7F, 0x89, 0xF8,
    0x00, 0xDF, 0x60, 0x03, 0xFF, 0x20, 0xAF, 0x45, 0xFC, 0x01, 0xFF, 0x30, 0x00, 0xEF, 0x60, 0xEF,
    0x11, 0xFF, 0x14, 0xFE, 0x00, 0x00, 0xBF, 0x93, 0xFC, 0x00, 0xDF, 0x47, 0xFA, 0x00, 0x00, 0x7F,
    0xC6, 0xF8, 0x00, 0x9F, 0x7B, 0xF7, 0x00, 0x00, 0x4F, 0xFA, 0xF4, 0x00, 0x5F, 0xBE, 0xF3, 0x00,
    0x00, 0x1F, 0xFF, 0xF1, 0x00, 0x2F, 0xFF, 0xE0, 0x00, 0x00, 0x0C, 0xFF, 0xC0, 0x00, 0x0D, 0xFF,
    0xB0, 0x00, 0x00, 0x08, 0xFF, 0x80, 0x00, 0x09, 0xFF, 0x70, 0x00, 0x3F, 0xFB, 0x00, 0x00, 0x2F,
    0xF9, 0x00, 0x7F, 0xF5, 0x00, 0x0B, 0xFD, 0x10, 0x00, 0xCF, 0xE1, 0x06, 0xFF, 0x40, 0x00, 0x03,
    0xFF, 0x91, 0xEF, 0x90, 0x00, 0x00, 0x08, 0xFF, 0xBF, 0xD1, 0x00, 0x00, 0x00, 0x1D, 0xFF, 0xF5,
    0x00, 0x00, 0x00, 0x00, 0x8F, 0xFE, 0x00, 0x00, 0x00, 0x00, 0x2F, 0xFF, 0xF8, 0x00, 0x00, 0x00,
    0x0B, 0xFC, 0x9F, 0xF3, 0x00, 0x00, 0x06, 0xFF, 0x31, 0xEF, 0xC0, 0x00, 0x02, 0xEF, 0x90, 0x05,
    0xFF, 0x70, 0x00, 0xAF, 0xE1, 0x00, 0x0B, 0xFF, 0x20, 0x5F, 0xF6, 0x00, 0x00, 0x2F, 0xFC, 0x00,
    0x8F, 0xF5, 0x00, 0x00, 0x3F, 0xF8, 0x0D, 0xFD, 0x10, 0x00, 0xCF, 0xD0, 0x04, 0xFF, 0x80, 0x06,
    0xFF, 0x40, 0x00, 0xAF, 0xF2, 0x1E, 0xFA, 0x00, 0x00, 0x2E, 0xFB, 0x9F, 0xE2, 0x00, 0x00, 0x07,
    0xFF, 0xFF, 0x70, 0x00, 0x00, 0x00, 0xCF, 0xFC, 0x00, 0x00, 0x00, 0x00, 0x5F, 0xF5, 0x00, 0x00,
    0x00, 0x00, 0x4F, 0xF4, 0x00, 0x00, 0x00, 0x00, 0x4F, 0xF4, 0x00, 0x00, 0x00, 0x00, 0x4F, 0xF4,
    0x00, 0x00, 0x00, 0x00, 0x4F, 0xF4, 0x00, 0x00, 0x00, 0x00, 0x4F, 0xF4, 0x00, 0x00, 0x0E, 0xFF,
    0xFF, 0xFF, 0xFF, 0x70, 0xEF, 0xFF, 0xFF, 0xFF, 0xF7, 0x00, 0x00, 0x00, 0x0C, 0xFE, 0x20, 0x00,
    0x00, 0x09, 0xFF, 0x50, 0x00, 0x00, 0x05, 0xFF, 0x90, 0x00, 0x00, 0x02, 0xEF, 0xC0, 0x00, 0x00,
    0x01, 0xCF, 0xE2, 0x00, 0x00, 0x00, 0x9F, 0xF4, 0x00, 0x00, 0x00, 0x6F, 0xF8, 0x00, 0x00, 0x00,
    0x3E, 0xFB, 0x00, 0x00, 0x00, 0x1D, 0xFD, 0x10, 0x00, 0x00, 0x04, 0xFF, 0xFF, 0xFF, 0xFF, 0xFA,
    0x4F, 0xFF, 0xFF, 0xFF, 0xFF, 0xA0, 0x7F, 0xFF, 0x47, 0xFF, 0xF4, 0x7F, 0xC0, 0x07, 0xFC, 0x00,
    0x7F, 0xC0, 0x07, 0xFC, 0x00, 0x7F, 0xC0, 0x07, 0xFC, 0x00, 0x7F, 0xC0, 0x07, 0xFC, 0x00, 0x7F,
    0xC0, 0x07, 0xFC, 0x00, 0x7F, 0xC0, 0x07, 0xFC, 0x00, 0x7F, 0xC0, 0x07, 0xFF, 0xF4, 0x7F, 0xFF,
    0x40, 0x2F, 0xD0, 0x00, 0x00, 0x00, 0xCF, 0x30, 0x00, 0x00, 0x07, 0xF8, 0x00, 0x00, 0x00, 0x3F,
    0xD0, 0x00, 0x00, 0x00, 0xDF, 0x30, 0x00, 0x00, 0x08, 0xF7, 0x00, 0x00, 0x00, 0x3F, 0xC0, 0x00,
    0x00, 0x00, 0xDF, 0x20, 0x00, 0x00, 0x09, 0xF7, 0x00, 0x00, 0x00, 0x4F, 0xC0, 0x00, 0x00, 0x00,
    0xEF, 0x20, 0x00, 0x00, 0x09, 0xF6, 0x00, 0x00, 0x00, 0x4F, 0xB0, 0x00, 0x00, 0x00, 0xEF, 0x10,
    0x00, 0x00, 0x0A, 0xF6, 0x00, 0x00, 0x00, 0x5F, 0xB0, 0x00, 0x00, 0x01, 0xEF, 0x10, 0xFF, 0xFA,
    0xFF, 0xFA, 0x08, 0xFA, 0x08, 0xFA, 0x08, 0xFA, 0x08, 0xFA, 0x08, 0xFA, 0x08, 0xFA, 0x08, 0xFA,
    0x08, 0xFA, 0x08, 0xFA, 0x08, 0xFA, 0x08, 0xFA, 0x08, 0xFA, 0x08, 0xFA, 0xFF, 0xFA, 0xFF, 0xFA,
    0x00, 0x00, 0x9F, 0xE1, 0x00, 0x00, 0x00, 0x2F, 0xFF, 0x90, 0x00, 0x00, 0x0B, 0xFD, 0xFF, 0x20,
    0x00, 0x04, 0xFF, 0x2C, 0xFA, 0x00, 0x00, 0xCF, 0x80, 0x3F, 0xF3, 0x00, 0x5F, 0xE1, 0x00, 0xAF,
    0xB0, 0x0D, 0xF7, 0x00, 0x02, 0xFF, 0x50, 0x4A, 0x00, 0x00, 0x08, 0x71, 0x7F, 0xFF, 0xFF, 0xFF,
    0xFF, 0x17, 0xFF, 0xFF, 0xFF, 0xFF, 0xF1, 0x01, 0x10, 0x6E, 0x70, 0x6F, 0xE1, 0x0A, 0xF8, 0x01,
    0xC7, 0x00, 0x6C, 0xEE, 0xC6, 0x00, 0x00, 0x9F, 0xFF, 0xFF, 0xF8, 0x00, 0x03, 0xC5, 0x02, 0xBF,
    0xE0, 0x00, 0x00, 0x00, 0x06, 0xFF, 0x10, 0x01, 0x8D, 0xEF, 0xFF, 0xF1, 0x00, 0xDF, 0xFF, 0xFF,
    0xFF, 0x10, 0x3F, 0xF7, 0x10, 0x6F, 0xF1, 0x03, 0xFF, 0x60, 0x2A, 0xFF, 0x10, 0x1D, 0xFF, 0xFF,
    0x7E, 0xFF, 0x10, 0x3B, 0xEE, 0x80, 0x6E, 0xF1, 0x9F, 0xD0, 0x00, 0x00, 0x00, 0x9F, 0xD0, 0x00,
    0x00, 0x00, 0x9F, 0xD0, 0x00, 0x00, 0x00, 0x9F, 0xD0, 0x00, 0x00, 0x00, 0x9F, 0xD3, 0xBE, 0xD8,
    0x00, 0x9F, 0xDD, 0xFF, 0xFF, 0xA0, 0x9F, 0xF7, 0x12, 0xBF, 0xF2, 0x9F, 0xD0, 0x00, 0x2F, 0xF6,
    0x9F, 0xD0, 0x00, 0x0F, 0xF8, 0x9F, 0xD0, 0x00, 0x0F, 0xF8, 0x9F, 0xD0, 0x00, 0x2F, 0xF6, 0x9F,
    0xF6, 0x12, 0xBF, 0xF2, 0x9F, 0xDD, 0xFF, 0xFF, 0xA0, 0x9F, 0xD3, 0xBF, 0xE8, 0x00, 0x00, 0x2A,
    0xEF, 0xD7, 0x00, 0x03, 0xEF, 0xFF, 0xFF, 0x90, 0x0C, 0xFD, 0x31, 0x6F, 0xD1, 0x1F, 0xF6, 0x00,
    0x04, 0x00, 0x3F, 0xF4, 0x00, 0x00, 0x00, 0x3F, 0xF4, 0x00, 0x00, 0x00, 0x1F, 0xF6, 0x00, 0x05,
    0x10, 0x0C, 0xFD, 0x31, 0x6F, 0xE1, 0x03, 0xEF, 0xFF, 0xFF, 0x90, 0x00, 0x3A, 0xEF, 0xC7, 0x00,
    0x00, 0x00, 0x00, 0x07, 0xFF, 0x00, 0x00, 0x00, 0x07, 0xFF, 0x00, 0x00, 0x00, 0x07, 0xFF, 0x00,
    0x00, 0x00, 0x07, 0xFF, 0x00, 0x5C, 0xFD, 0x67, 0xFF, 0x04, 0xFF, 0xFF, 0xFB, 0xFF, 0x0B, 0xFE,
    0x41, 0x3D, 0xFF, 0x0F, 0xF8, 0x00, 0x07, 0xFF, 0x2F, 0xF6, 0x00, 0x07, 0xFF, 0x2F, 0xF6, 0x00,
    0x07, 0xFF, 0x0F, 0xF8, 0x00, 0x07, 0xFF, 0x0B, 0xFE, 0x41, 0x3D, 0xFF, 0x04, 0xFF, 0xFF, 0xFB,
    0xFF, 0x00, 0x5C, 0xFD, 0x67, 0xFF, 0x00, 0x2A, 0xEF, 0xD7, 0x00, 0x03, 0xEF, 0xFF, 0xFF, 0xA0,
    0x0B, 0xFD, 0x31, 0x5F, 0xF4, 0x1F, 0xF5, 0x00, 0x0B, 0xFA, 0x3F, 0xFF, 0xFF, 0xFF, 0xFC, 0x3F,
    0xFF, 0xFF, 0xFF, 0xFD, 0x1F, 0xF5, 0x00, 0x00, 0x00, 0x0B, 0xFD, 0x30, 0x18, 0xA0, 0x02, 0xEF,
    0xFF, 0xFF, 0xF4, 0x00, 0x2A, 0xEF, 0xEA, 0x30, 0x00, 0x3C, 0xFF, 0x50, 0x0D, 0xFF, 0xF5, 0x01,
    0xFF, 0x50, 0x00, 0x1F, 0xF5, 0x00, 0x8F, 0xFF, 0xFF, 0x58, 0xFF, 0xFF, 0xF5, 0x01, 0xFF, 0x50,
    0x00, 0x1F, 0xF5, 0x00, 0x01, 0xFF, 0x50, 0x00, 0x1F, 0xF5, 0x00, 0x01, 0xFF, 0x50, 0x00, 0x1F,
    0xF5, 0x00, 0x01, 0xFF, 0x50, 0x00, 0x1F, 0xF5, 0x00, 0x00, 0x00, 0x00, 0x0A, 0xFC, 0x00, 0x00,
    0x00, 0x01, 0xFF, 0xC0, 0x00, 0x4B, 0xEF, 0xDD, 0x20, 0x00, 0x5F, 0xFF, 0xFF, 0xFC, 0x00, 0x0C,
    0xFB, 0x11, 0x7F, 0xF2, 0x00, 0xEF, 0x60, 0x01, 0xFF, 0x30, 0x0C, 0xFB, 0x11, 0x7F, 0xF1, 0x00,
    0x5F, 0xFF, 0xFF, 0xF9, 0x00, 0x01, 0x9E, 0xEE, 0xC6, 0x00, 0x00, 0xBF, 0x20, 0x00, 0x00, 0x00,
    0x0D, 0xFF, 0xFF, 0xFE, 0xB3, 0x00, 0x3E, 0xFF, 0xFF, 0xFF, 0xE1, 0x2E, 0xA0, 0x00, 0x03, 0xFF,
    0x46, 0xFB, 0x20, 0x01, 0x5F, 0xF4, 0x3F, 0xFF, 0xFF, 0xFF, 0xFC, 0x00, 0x4B, 0xEF, 0xFE, 0xC7,
    0x10, 0x9F, 0xD0, 0x00, 0x00, 0x09, 0xFD, 0x00, 0x00, 0x00, 0x9F, 0xD0, 0x00, 0x00, 0x09, 0xFD,
    0x00, 0x00, 0x00, 0x9F, 0xD2, 0xBE, 0xD6, 0x09, 0xFD, 0xDF, 0xFF, 0xF5, 0x9F, 0xF7, 0x13, 0xEF,
    0xB9, 0xFD, 0x00, 0x09, 0xFD, 0x9F, 0xD0, 0x00, 0x8F, 0xD9, 0xFD, 0x00, 0x08, 0xFD, 0x9F, 0xD0,
    0x00, 0x8F, 0xD9, 0xFD, 0x00, 0x08, 0xFD, 0x9F, 0xD0, 0x00, 0x8F, 0xD9, 0xFD, 0x00, 0x08, 0xFD,
    0x7E, 0xA0, 0xCF, 0xF0, 0x7F, 0xB0, 0x00, 0x00, 0x9F, 0xD0, 0x9F, 0xD0, 0x9F, 0xD0, 0x9F, 0xD0,
    0x9F, 0xD0, 0x9F, 0xD0, 0x9F, 0xD0, 0x9F, 0xD0, 0x9F, 0xD0, 0x9F, 0xD0, 0x00, 0x7E, 0xA0, 0x00,
    0xCF, 0xF0, 0x00, 0x7F, 0xB0, 0x00, 0x00, 0x00, 0x00, 0x9F, 0xD0, 0x00, 0x9F, 0xD0, 0x00, 0x9F,
    0xD0, 0x00, 0x9F, 0xD0, 0x00, 0x9F, 0xD0, 0x00, 0x9F, 0xD0, 0x00, 0x9F, 0xD0, 0x00, 0x9F, 0xD0,
    0x00, 0x9F, 0xD0, 0x00, 0x9F, 0xD0, 0x00, 0x9F, 0xD0, 0x00, 0x9F, 0xC0, 0x2F, 0xFF, 0x90, 0x2F,
    0xEB, 0x20, 0x9F, 0xD0, 0x00, 0x00, 0x00, 0x9F, 0xD0, 0x00, 0x00, 0x00, 0x9F, 0xD0, 0x00, 0x00,
    0x00, 0x9F, 0xD0, 0x00, 0x00, 0x00, 0x9F, 0xD0, 0x01, 0xDF, 0xB0, 0x9F, 0xD0, 0x1C, 0xFC, 0x10,
    0x9F, 0xD0, 0xAF, 0xD2, 0x00, 0x9F, 0xD6, 0xFE, 0x30, 0x00, 0x9F, 0xEF, 0xFF, 0x30, 0x00, 0x9F,
    0xFE, 0xDF, 0xC0, 0x00, 0x9F, 0xF4, 0x4F, 0xF6, 0x00, 0x9F, 0xD0, 0x0B, 0xFE, 0x10, 0x9F, 0xD0,
    0x03, 0xFF, 0xA0, 0x9F, 0xD0, 0x00, 0x9F, 0xF4, 0x9F, 0xD0, 0x09, 0xFD, 0x00, 0x9F, 0xD0, 0x09,
    0xFD, 0x00, 0x9F, 0xD0, 0x09, 0xFD, 0x00, 0x9F, 0xD0, 0x09, 0xFD, 0x00, 0x9F, 0xD0, 0x09, 0xFD,
    0x00, 0x9F, 0xD0, 0x09, 0xFD, 0x00, 0x7F, 0xFF, 0x21, 0xAE, 0xF2, 0x9F, 0xD2, 0xCE, 0xD5, 0x05,
    0xCE, 0xC4, 0x09, 0xFD, 0xDF, 0xFF, 0xF7, 0xFF, 0xFF, 0xE1, 0x9F, 0xF6, 0x14, 0xFF, 0xF5, 0x16,
    0xFF, 0x69, 0xFD, 0x00, 0x0C, 0xFB, 0x00, 0x0E, 0xF8, 0x9F, 0xD0, 0x00, 0xBF, 0xB0, 0x00, 0xDF,
    0x99, 0xFD, 0x00, 0x0B, 0xFB, 0x00, 0x0D, 0xF9, 0x9F, 0xD0, 0x00, 0xBF, 0xB0, 0x00, 0xDF, 0x99,
    0xFD, 0x00, 0x0B, 0xFB, 0x00, 0x0D, 0xF9, 0x9F, 0xD0, 0x00, 0xBF, 0xB0, 0x00, 0xDF, 0x99, 0xFD,
    0x00, 0x0B, 0xFB, 0x00, 0x0D, 0xF9, 0x9F, 0xD2, 0xBE, 0xD6, 0x09, 0xFD, 0xDF, 0xFF, 0xF5, 0x9F,
    0xF7, 0x13, 0xEF, 0xB9, 0xFD, 0x00, 0x09, 0xFD, 0x9F, 0xD0, 0x00, 0x8F, 0xD9, 0xFD, 0x00, 0x08,
    0xFD, 0x9F, 0xD0, 0x00, 0x8F, 0xD9, 0xFD, 0x00, 0x08, 0xFD, 0x9F, 0xD0, 0x00, 0x8F, 0xD9, 0xFD,
    0x00, 0x08, 0xFD, 0x00, 0x2A, 0xEF, 0xD7, 0x10, 0x02, 0xEF, 0xFF, 0xFF, 0xB0, 0x0B, 0xFD, 0x31,
    0x5F, 0xF6, 0x1F, 0xF6, 0x00, 0x0B, 0xFC, 0x3F, 0xF4, 0x00, 0x09, 0xFE, 0x3F, 0xF4, 0x00, 0x09,
    0xFE, 0x1F, 0xF6, 0x00, 0x0B, 0xFB, 0x0B, 0xFD, 0x31, 0x5F, 0xF6, 0x02, 0xEF, 0xFF, 0xFF, 0xB0,
    0x00, 0x2A, 0xEF, 0xD8, 0x10, 0x9F, 0xD3, 0xBE, 0xD8, 0x00, 0x9F, 0xDD, 0xFF, 0xFF, 0xA0, 0x9F,
    0xF7, 0x12, 0xBF, 0xF2, 0x9F, 0xD0, 0x00, 0x2F, 0xF6, 0x9F, 0xD0, 0x00, 0x0F, 0xF8, 0x9F, 0xD0,
    0x00, 0x0F, 0xF8, 0x9F, 0xD0, 0x00, 0x2F, 0xF6, 0x9F, 0xF6, 0x12, 0xBF, 0xF2, 0x9F, 0xDD, 0xFF,
    0xFF, 0xA0, 0x9F, 0xD3, 0xBF, 0xE8, 0x00, 0x9F, 0xD0, 0x00, 0x00, 0x00, 0x9F, 0xD0, 0x00, 0x00,
    0x00, 0x9F, 0xD0, 0x00, 0x00, 0x00, 0x9F, 0xD0, 0x00, 0x00, 0x00, 0x00, 0x5C, 0xFD, 0x67, 0xFF,
    0x04, 0xFF, 0xFF, 0xFB, 0xFF, 0x0B, 0xFE, 0x41, 0x3D, 0xFF, 0x0F, 0xF8, 0x00, 0x07, 0xFF, 0x2F,
    0xF6, 0x00, 0x07, 0xFF, 0x2F, 0xF6, 0x00, 0x07, 0xFF, 0x0F, 0xF8, 0x00, 0x07, 0xFF, 0x0B, 0xFE,
    0x41, 0x3D, 0xFF, 0x04, 0xFF, 0xFF, 0xFB, 0xFF, 0x00, 0x5C, 0xFD, 0x67, 0xFF, 0x00, 0x00, 0x00,
    0x07, 0xFF, 0x00, 0x00, 0x00, 0x07, 0xFF, 0x00, 0x00, 0x00, 0x07, 0xFF, 0x00, 0x00, 0x00, 0x07,
    0xFF, 0x9F, 0xD3, 0xCF, 0x19, 0xFD, 0xEF, 0xF1, 0x9F, 0xF7, 0x10, 0x09, 0xFD, 0x00, 0x00, 0x9F,
    0xD0, 0x00, 0x09, 0xFD, 0x00, 0x00, 0x9F, 0xD0, 0x00, 0x09, 0xFD, 0x00, 0x00, 0x9F, 0xD0, 0x00,
    0x09, 0xFD, 0x00, 0x00, 0x00, 0x7D, 0xEE, 0xB4, 0x00, 0x9F, 0xFF, 0xFF, 0xF4, 0x1F, 0xF7, 0x02,
    0x88, 0x01, 0xFF, 0x93, 0x00, 0x00, 0x0A, 0xFF, 0xFF, 0xC5, 0x00, 0x18, 0xCF, 0xFF, 0xF5, 0x00,
    0x00, 0x03, 0xCF, 0xA0, 0xAC, 0x40, 0x2C, 0xF9, 0x3E, 0xFF, 0xFF, 0xFE, 0x30, 0x29, 0xDF, 0xDA,
    0x30, 0x00, 0xCF, 0x60, 0x00, 0x0C, 0xF6, 0x00, 0x01, 0xEF, 0x60, 0x08, 0xFF, 0xFF, 0xF6, 0x8F,
    0xFF, 0xFF, 0x60, 0x1F, 0xF6, 0x00, 0x01, 0xFF, 0x60, 0x00, 0x1F, 0xF6, 0x00, 0x01, 0xFF, 0x60,
    0x00, 0x1F, 0xF6, 0x00, 0x01, 0xFF, 0x60, 0x00, 0x0D, 0xFF, 0xF4, 0x00, 0x3C, 0xFF, 0x40, 0xBF,
    0xB0, 0x00, 0xAF, 0xCB, 0xFB, 0x00, 0x0A, 0xFC, 0xBF, 0xB0, 0x00, 0xAF, 0xCB, 0xFB, 0x00, 0x0A,
    0xFC, 0xBF, 0xB0, 0x00, 0xAF, 0xCB, 0xFB, 0x00, 0x0A, 0xFC, 0xAF, 0xC0, 0x00, 0xBF, 0xC8, 0xFF,
    0x41, 0x5E, 0xFC, 0x2F, 0xFF, 0xFE, 0xCF, 0xC0, 0x5C, 0xEC, 0x4A, 0xFC, 0x9F, 0xC0, 0x00, 0x0B,
    0xF9, 0x4F, 0xF2, 0x00, 0x1F, 0xF4, 0x0E, 0xF6, 0x00, 0x5F, 0xE0, 0x09, 0xFB, 0x00, 0xAF, 0x90,
    0x04, 0xFF, 0x10, 0xEF, 0x40, 0x00, 0xEF, 0x54, 0xFE, 0x00, 0x00, 0x9F, 0x98, 0xF9, 0x00, 0x00,
    0x4F, 0xDC, 0xF4, 0x00, 0x00, 0x0E, 0xFF, 0xE0, 0x00, 0x00, 0x0A, 0xFF, 0x90, 0x00, 0x6F, 0xE0,
    0x00, 0x7F, 0xF1, 0x00, 0x4F, 0xF1, 0x2F, 0xF2, 0x00, 0xBF, 0xF5, 0x00, 0x7F, 0xB0, 0x0D, 0xF6,
    0x00, 0xEF, 0xFA, 0x00, 0xBF, 0x70, 0x09, 0xF9, 0x04, 0xF9, 0xFE, 0x00, 0xEF, 0x30, 0x05, 0xFD,
    0x08, 0xF4, 0xBF, 0x33, 0xFE, 0x00, 0x01, 0xFF, 0x1C, 0xF1, 0x7F, 0x76, 0xFA, 0x00, 0x00, 0xCF,
    0x6F, 0xB0, 0x3F, 0xBA, 0xF6, 0x00, 0x00, 0x8F, 0xDF, 0x70, 0x0E, 0xFE, 0xF2, 0x00, 0x00, 0x4F,
    0xFF, 0x30, 0x0A, 0xFF, 0xC0, 0x00, 0x00, 0x0E, 0xFD, 0x00, 0x05, 0xFF, 0x80, 0x00, 0x4F, 0xF8,
    0x00, 0x1D, 0xF9, 0x08, 0xFF, 0x20, 0x8F, 0xD1, 0x01, 0xDF, 0xB3, 0xFF, 0x40, 0x00, 0x3F, 0xFE,
    0xF9, 0x00, 0x00, 0x08, 0xFF, 0xD1, 0x00, 0x00, 0x0A, 0xFF, 0xD1, 0x00, 0x00, 0x5F, 0xED, 0xF9,
    0x00, 0x01, 0xEF, 0x75, 0xFF, 0x40, 0x0A, 0xFC, 0x00, 0xBF, 0xD1, 0x5F, 0xF4, 0x00, 0x2F, 0xFA,
    0xAF, 0xB0, 0x00, 0x0A, 0xF9, 0x5F, 0xF1, 0x00, 0x1E, 0xF4, 0x1E, 0xF6, 0x00, 0x5F, 0xE0, 0x0A,
    0xFB, 0x00, 0xAF, 0x90, 0x05, 0xFF, 0x10, 0xEF, 0x40, 0x01, 0xEF, 0x54, 0xFE, 0x00, 0x00, 0xAF,
    0x98, 0xF9, 0x00, 0x00, 0x5F, 0xDC, 0xF4, 0x00, 0x00, 0x0E, 0xFF, 0xE0, 0x00, 0x00, 0x0A, 0xFF,
    0x90, 0x00, 0x00, 0x06, 0xFF, 0x40, 0x00, 0x00, 0x09, 0xFE, 0x00, 0x00, 0x08, 0xFF, 0xF8, 0x00,
    0x00, 0x08, 0xFE, 0xA0, 0x00, 0x00, 0x2F, 0xFF, 0xFF, 0xFF, 0xB2, 0xFF, 0xFF, 0xFF, 0xFB, 0x00,
    0x00, 0x09, 0xFF, 0x40, 0x00, 0x06, 0xFF, 0x60, 0x00, 0x05, 0xFF, 0x80, 0x00, 0x03, 0xEF, 0xA0,
    0x00, 0x02, 0xDF, 0xC0, 0x00, 0x01, 0xCF, 0xD1, 0x00, 0x00, 0x4F, 0xFF, 0xFF, 0xFF, 0xC4, 0xFF,
    0xFF, 0xFF, 0xFC, 0x00, 0x5E, 0xFD, 0x00, 0xBF, 0xFD, 0x00, 0xCF, 0x70, 0x00, 0xCF, 0x70, 0x00,
    0xCF, 0x70, 0x00, 0xCF, 0x70, 0x05, 0xFF, 0x40, 0x9F, 0xE8, 0x00, 0x9F, 0x80, 0x00, 0x9F, 0xE8,
    0x00, 0x05, 0xFF, 0x40, 0x00, 0xCF, 0x70, 0x00, 0xCF, 0x70, 0x00, 0xCF, 0x70, 0x00, 0xCF, 0x70,
    0x00, 0xBF, 0xFD, 0x00, 0x5E, 0xFD, 0x7F, 0x97, 0xF9, 0x7F, 0x97, 0xF9, 0x7F, 0x97, 0xF9, 0x7F,
    0x97, 0xF9, 0x7F, 0x97, 0xF9, 0x7F, 0x97, 0xF9, 0x7F, 0x97, 0xF9, 0x7F, 0x97, 0xF9, 0x7F, 0x90,
    0xFF, 0xD3, 0x00, 0xFF, 0xFA, 0x00, 0x08, 0xFA, 0x00, 0x08, 0xFA, 0x00, 0x08, 0xFA, 0x00, 0x08,
    0xFB, 0x00, 0x05, 0xFE, 0x40, 0x00, 0x9F, 0xF8, 0x00, 0x09, 0xF8, 0x00, 0x9F, 0xF8, 0x05, 0xFE,
    0x40, 0x08, 0xFB, 0x00, 0x08, 0xFA, 0x00, 0x08, 0xFA, 0x00, 0x08, 0xFA, 0x00, 0xFF, 0xFA, 0x00,
    0xFF, 0xD3, 0x00, 0x3C, 0xFD, 0x94, 0x13, 0x90, 0xCF, 0xFF, 0xFF, 0xFF, 0xF3, 0x56, 0x13, 0x7C,
    0xEE, 0x70, 0x5F, 0xFF, 0xFF, 0xFF, 0xFF, 0xFF, 0xFF, 0x25, 0xFF, 0xFF, 0xFF, 0xFF, 0xFF, 0xFF,
    0xF2, 0x0C, 0xE7, 0x3F, 0xFC, 0x0C, 0xE7,
];

const HEADING_GLYPHS: &[Glyph; 97] = &[
    Glyph {
        advance: 4,
        left: 0,
        top: 0,
        width: 0,
        height: 0,
        offset: 0,
    },
    Glyph {
        advance: 6,
        left: 1,
        top: -13,
        width: 4,
        height: 13,
        offset: 0,
    },
    Glyph {
        advance: 9,
        left: 1,
        top: -14,
        width: 7,
        height: 6,
        offset: 26,
    },
    Glyph {
        advance: 12,
        left: 0,
        top: -13,
        width: 12,
        height: 13,
        offset: 47,
    },
    Glyph {
        advance: 11,
        left: 0,
        top: -15,
        width: 11,
        height: 17,
        offset: 125,
    },
    Glyph {
        advance: 18,
        left: 1,
        top: -13,
        width: 17,
        height: 13,
        offset: 219,
    },
    Glyph {
        advance: 14,
        left: 1,
        top: -13,
        width: 13,
        height: 13,
        offset: 330,
    },
    Glyph {
        advance: 5,
        left: 1,
        top: -14,
        width: 3,
        height: 6,
        offset: 415,
    },
    Glyph {
        advance: 6,
        left: 0,
        top: -14,
        width: 7,
        height: 17,
        offset: 424,
    },
    Glyph {
        advance: 6,
        left: -1,
        top: -14,
        width: 7,
        height: 17,
        offset: 484,
    },
    Glyph {
        advance: 11,
        left: 0,
        top: -14,
        width: 10,
        height: 9,
        offset: 544,
    },
    Glyph {
        advance: 11,
        left: 1,
        top: -11,
        width: 10,
        height: 10,
        offset: 589,
    },
    Glyph {
        advance: 6,
        left: 0,
        top: -3,
        width: 5,
        height: 6,
        offset: 639,
    },
    Glyph {
        advance: 8,
        left: 1,
        top: -7,
        width: 6,
        height: 2,
        offset: 654,
    },
    Glyph {
        advance: 6,
        left: 1,
        top: -3,
        width: 4,
        height: 3,
        offset: 660,
    },
    Glyph {
        advance: 8,
        left: 0,
        top: -14,
        width: 8,
        height: 17,
        offset: 666,
    },
    Glyph {
        advance: 11,
        left: 0,
        top: -13,
        width: 11,
        height: 13,
        offset: 734,
    },
    Glyph {
        advance: 11,
        left: 0,
        top: -13,
        width: 11,
        height: 13,
        offset: 806,
    },
    Glyph {
        advance: 11,
        left: 1,
        top: -13,
        width: 10,
        height: 13,
        offset: 878,
    },
    Glyph {
        advance: 11,
        left: 0,
        top: -13,
        width: 11,
        height: 13,
        offset: 943,
    },
    Glyph {
        advance: 11,
        left: 0,
        top: -13,
        width: 11,
        height: 13,
        offset: 1015,
    },
    Glyph {
        advance: 11,
        left: 1,
        top: -13,
        width: 10,
        height: 13,
        offset: 1087,
    },
    Glyph {
        advance: 11,
        left: 0,
        top: -13,
        width: 11,
        height: 13,
        offset: 1152,
    },
    Glyph {
        advance: 11,
        left: 1,
        top: -13,
        width: 10,
        height: 13,
        offset: 1224,
    },
    Glyph {
        advance: 11,
        left: 0,
        top: -13,
        width: 11,
        height: 13,
        offset: 1289,
    },
    Glyph {
        advance: 11,
        left: 0,
        top: -13,
        width: 11,
        height: 13,
        offset: 1361,
    },
    Glyph {
        advance: 6,
        left: 1,
        top: -10,
        width: 4,
        height: 10,
        offset: 1433,
    },
    Glyph {
        advance: 6,
        left: 0,
        top: -10,
        width: 5,
        height: 13,
        offset: 1453,
    },
    Glyph {
        advance: 11,
        left: 1,
        top: -11,
        width: 9,
        height: 11,
        offset: 1486,
    },
    Glyph {
        advance: 11,
        left: 1,
        top: -9,
        width: 10,
        height: 6,
        offset: 1536,
    },
    Glyph {
        advance: 11,
        left: 1,
        top: -11,
        width: 9,
        height: 11,
        offset: 1566,
    },
    Glyph {
        advance: 9,
        left: 0,
        top: -13,
        width: 9,
        height: 13,
        offset: 1616,
    },
    Glyph {
        advance: 17,
        left: 1,
        top: -13,
        width: 15,
        height: 15,
        offset: 1675,
    },
    Glyph {
        advance: 13,
        left: 0,
        top: -13,
        width: 13,
        height: 13,
        offset: 1788,
    },
    Glyph {
        advance: 13,
        left: 1,
        top: -13,
        width: 11,
        height: 13,
        offset: 1873,
    },
    Glyph {
        advance: 12,
        left: 1,
        top: -13,
        width: 11,
        height: 13,
        offset: 1945,
    },
    Glyph {
        advance: 13,
        left: 1,
        top: -13,
        width: 12,
        height: 13,
        offset: 2017,
    },
    Glyph {
        advance: 11,
        left: 1,
        top: -13,
        width: 10,
        height: 13,
        offset: 2095,
    },
    Glyph {
        advance: 11,
        left: 1,
        top: -13,
        width: 10,
        height: 13,
        offset: 2160,
    },
    Glyph {
        advance: 14,
        left: 1,
        top: -13,
        width: 12,
        height: 13,
        offset: 2225,
    },
    Glyph {
        advance: 14,
        left: 1,
        top: -13,
        width: 12,
        height: 13,
        offset: 2303,
    },
    Glyph {
        advance: 8,
        left: 1,
        top: -13,
        width: 7,
        height: 13,
        offset: 2381,
    },
    Glyph {
        advance: 10,
        left: 0,
        top: -13,
        width: 9,
        height: 13,
        offset: 2427,
    },
    Glyph {
        advance: 13,
        left: 1,
        top: -13,
        width: 12,
        height: 13,
        offset: 2486,
    },
    Glyph {
        advance: 10,
        left: 1,
        top: -13,
        width: 9,
        height: 13,
        offset: 2564,
    },
    Glyph {
        advance: 16,
        left: 1,
        top: -13,
        width: 13,
        height: 13,
        offset: 2623,
    },
    Glyph {
        advance: 14,
        left: 1,
        top: -13,
        width: 12,
        height: 13,
        offset: 2708,
    },
    Glyph {
        advance: 14,
        left: 1,
        top: -13,
        width: 12,
        height: 13,
        offset: 2786,
    },
    Glyph {
        advance: 12,
        left: 1,
        top: -13,
        width: 11,
        height: 13,
        offset: 2864,
    },
    Glyph {
        advance: 14,
        left: 1,
        top: -13,
        width: 12,
        height: 16,
        offset: 2936,
    },
    Glyph {
        advance: 13,
        left: 1,
        top: -13,
        width: 11,
        height: 13,
        offset: 3032,
    },
    Glyph {
        advance: 12,
        left: 0,
        top: -13,
        width: 11,
        height: 13,
        offset: 3104,
    },
    Glyph {
        advance: 11,
        left: 0,
        top: -13,
        width: 11,
        height: 13,
        offset: 3176,
    },
    Glyph {
        advance: 13,
        left: 1,
        top: -13,
        width: 11,
        height: 13,
        offset: 3248,
    },
    Glyph {
        advance: 12,
        left: 0,
        top: -13,
        width: 12,
        height: 13,
        offset: 3320,
    },
    Glyph {
        advance: 18,
        left: 0,
        top: -13,
        width: 18,
        height: 13,
        offset: 3398,
    },
    Glyph {
        advance: 12,
        left: 0,
        top: -13,
        width: 13,
        height: 13,
        offset: 3515,
    },
    Glyph {
        advance: 12,
        left: 0,
        top: -13,
        width: 12,
        height: 13,
        offset: 3600,
    },
    Glyph {
        advance: 11,
        left: 0,
        top: -13,
        width: 11,
        height: 13,
        offset: 3678,
    },
    Glyph {
        advance: 6,
        left: 1,
        top: -14,
        width: 5,
        height: 17,
        offset: 3750,
    },
    Glyph {
        advance: 8,
        left: 0,
        top: -14,
        width: 9,
        height: 17,
        offset: 3793,
    },
    Glyph {
        advance: 6,
        left: 1,
        top: -14,
        width: 4,
        height: 17,
        offset: 3870,
    },
    Glyph {
        advance: 11,
        left: 0,
        top: -13,
        width: 11,
        height: 8,
        offset: 3904,
    },
    Glyph {
        advance: 11,
        left: 0,
        top: 1,
        width: 11,
        height: 2,
        offset: 3948,
    },
    Glyph {
        advance: 11,
        left: 3,
        top: -16,
        width: 4,
        height: 5,
        offset: 3959,
    },
    Glyph {
        advance: 11,
        left: 0,
        top: -10,
        width: 11,
        height: 10,
        offset: 3969,
    },
    Glyph {
        advance: 11,
        left: 1,
        top: -14,
        width: 10,
        height: 14,
        offset: 4024,
    },
    Glyph {
        advance: 10,
        left: 0,
        top: -10,
        width: 10,
        height: 10,
        offset: 4094,
    },
    Glyph {
        advance: 11,
        left: 0,
        top: -14,
        width: 10,
        height: 14,
        offset: 4144,
    },
    Glyph {
        advance: 11,
        left: 0,
        top: -10,
        width: 10,
        height: 10,
        offset: 4214,
    },
    Glyph {
        advance: 7,
        left: 0,
        top: -14,
        width: 7,
        height: 14,
        offset: 4264,
    },
    Glyph {
        advance: 10,
        left: 0,
        top: -12,
        width: 11,
        height: 16,
        offset: 4313,
    },
    Glyph {
        advance: 11,
        left: 1,
        top: -14,
        width: 9,
        height: 14,
        offset: 4401,
    },
    Glyph {
        advance: 5,
        left: 1,
        top: -14,
        width: 4,
        height: 14,
        offset: 4464,
    },
    Glyph {
        advance: 5,
        left: -1,
        top: -14,
        width: 6,
        height: 18,
        offset: 4492,
    },
    Glyph {
        advance: 11,
        left: 1,
        top: -14,
        width: 10,
        height: 14,
        offset: 4546,
    },
    Glyph {
        advance: 6,
        left: 1,
        top: -14,
        width: 5,
        height: 14,
        offset: 4616,
    },
    Glyph {
        advance: 17,
        left: 1,
        top: -10,
        width: 15,
        height: 10,
        offset: 4651,
    },
    Glyph {
        advance: 11,
        left: 1,
        top: -10,
        width: 9,
        height: 10,
        offset: 4726,
    },
    Glyph {
        advance: 11,
        left: 0,
        top: -10,
        width: 10,
        height: 10,
        offset: 4771,
    },
    Glyph {
        advance: 11,
        left: 1,
        top: -10,
        width: 10,
        height: 14,
        offset: 4821,
    },
    Glyph {
        advance: 11,
        left: 0,
        top: -10,
        width: 10,
        height: 14,
        offset: 4891,
    },
    Glyph {
        advance: 7,
        left: 1,
        top: -10,
        width: 7,
        height: 10,
        offset: 4961,
    },
    Glyph {
        advance: 9,
        left: 0,
        top: -10,
        width: 9,
        height: 10,
        offset: 4996,
    },
    Glyph {
        advance: 7,
        left: 0,
        top: -13,
        width: 7,
        height: 13,
        offset: 5041,
    },
    Glyph {
        advance: 11,
        left: 1,
        top: -10,
        width: 9,
        height: 10,
        offset: 5087,
    },
    Glyph {
        advance: 10,
        left: 0,
        top: -10,
        width: 10,
        height: 10,
        offset: 5132,
    },
    Glyph {
        advance: 16,
        left: 0,
        top: -10,
        width: 16,
        height: 10,
        offset: 5182,
    },
    Glyph {
        advance: 10,
        left: 0,
        top: -10,
        width: 10,
        height: 10,
        offset: 5262,
    },
    Glyph {
        advance: 10,
        left: 0,
        top: -10,
        width: 10,
        height: 14,
        offset: 5312,
    },
    Glyph {
        advance: 10,
        left: 0,
        top: -10,
        width: 9,
        height: 10,
        offset: 5382,
    },
    Glyph {
        advance: 7,
        left: 0,
        top: -14,
        width: 6,
        height: 17,
        offset: 5427,
    },
    Glyph {
        advance: 7,
        left: 2,
        top: -14,
        width: 3,
        height: 17,
        offset: 5478,
    },
    Glyph {
        advance: 7,
        left: 1,
        top: -14,
        width: 6,
        height: 17,
        offset: 5504,
    },
    Glyph {
        advance: 11,
        left: 1,
        top: -7,
        width: 10,
        height: 3,
        offset: 5555,
    },
    Glyph {
        advance: 15,
        left: 0,
        top: -7,
        width: 15,
        height: 2,
        offset: 5570,
    },
    Glyph {
        advance: 7,
        left: 1,
        top: -7,
        width: 4,
        height: 3,
        offset: 5585,
    },
];

pub(super) const HEADING: Font = Font {
    ascent: 20,
    descent: 6,
    glyphs: HEADING_GLYPHS,
    data: HEADING_DATA,
};

const STRONG_DATA: &[u8] = &[
    0x7F, 0xF0, 0x7F, 0xF0, 0x7F, 0xF0, 0x6F, 0xF0, 0x5F, 0xE0, 0x3F, 0xC0, 0x1F, 0xA0, 0x0E, 0x80,
    0x0C, 0x60, 0x00, 0x00, 0x5E, 0xC1, 0xAF, 0xF3, 0x5E, 0xC1, 0xAF, 0x50, 0xDF, 0x2A, 0xF5, 0x0D,
    0xF2, 0xAF, 0x50, 0xDF, 0x2A, 0xF5, 0x0D, 0xF2, 0xAF, 0x50, 0xDF, 0x26, 0x93, 0x08, 0x91, 0x00,
    0x01, 0xF7, 0x00, 0xAD, 0x00, 0x00, 0x03, 0xF5, 0x00, 0xCB, 0x00, 0x00, 0x05, 0xF3, 0x00, 0xE9,
    0x00, 0x00, 0x07, 0xF1, 0x01, 0xF7, 0x00, 0x0B, 0xFF, 0xFF, 0xFF, 0xFF, 0xF5, 0x00, 0x0D, 0xA0,
    0x07, 0xF1, 0x00, 0x00, 0x0F, 0x80, 0x09, 0xE0, 0x00, 0x00, 0x2F, 0x60, 0x0B, 0xC0, 0x00, 0x00,
    0x4F, 0x40, 0x0D, 0xA0, 0x00, 0x8F, 0xFF, 0xFF, 0xFF, 0xFF, 0x80, 0x00, 0xAD, 0x00, 0x4F, 0x30,
    0x00, 0x00, 0xDA, 0x00, 0x7F, 0x10, 0x00, 0x01, 0xF8, 0x00, 0xAD, 0x00, 0x00, 0x00, 0x00, 0x6F,
    0x60, 0x00, 0x00, 0x00, 0x6F, 0x60, 0x00, 0x00, 0x3B, 0xEF, 0xEB, 0x40, 0x04, 0xFF, 0xFF, 0xFF,
    0xF6, 0x0B, 0xFA, 0x5F, 0x59, 0xE3, 0x0E, 0xF4, 0x4F, 0x40, 0x10, 0x0C, 0xFA, 0x4F, 0x40, 0x00,
    0x05, 0xFF, 0xFF, 0x93, 0x00, 0x00, 0x6D, 0xFF, 0xFF, 0xA1, 0x00, 0x00, 0x6F, 0xCF, 0xF8, 0x00,
    0x00, 0x4F, 0x47, 0xFD, 0x01, 0x30, 0x4F, 0x44, 0xFD, 0x1D, 0xF6, 0x5F, 0x6C, 0xFA, 0x0A, 0xFF,
    0xFF, 0xFF, 0xE2, 0x00, 0x6C, 0xFF, 0xE9, 0x20, 0x00, 0x00, 0x6F, 0x60, 0x00, 0x00, 0x00, 0x6F,
    0x60, 0x00, 0x01, 0x9E, 0xEA, 0x20, 0x00, 0x06, 0xFB, 0x00, 0x00, 0x9F, 0x53, 0xFB, 0x00, 0x02,
    0xEE, 0x20, 0x00, 0x0E, 0xF0, 0x0C, 0xF1, 0x00, 0xBF, 0x60, 0x00, 0x00, 0xFF, 0x00, 0xCF, 0x30,
    0x6F, 0xA0, 0x00, 0x00, 0x0E, 0xF0, 0x0C, 0xF1, 0x2E, 0xE1, 0x00, 0x00, 0x00, 0x9F, 0x53, 0xFB,
    0x0B, 0xF5, 0x00, 0x00, 0x00, 0x01, 0x9E, 0xEA, 0x26, 0xFA, 0x08, 0xDE, 0xB2, 0x00, 0x00, 0x00,
    0x02, 0xEE, 0x17, 0xF6, 0x2E, 0xC0, 0x00, 0x00, 0x00, 0xBF, 0x50, 0xCF, 0x10, 0xBF, 0x30, 0x00,
    0x00, 0x6F, 0xA0, 0x0E, 0xF1, 0x0B, 0xF4, 0x00, 0x00, 0x2E, 0xE1, 0x00, 0xCF, 0x10, 0xBF, 0x30,
    0x00, 0x0B, 0xF5, 0x00, 0x07, 0xF6, 0x2E, 0xC0, 0x00, 0x06, 0xFA, 0x00, 0x00, 0x08, 0xDE, 0xB2,
    0x00, 0x00, 0x5C, 0xED, 0x91, 0x00, 0x00, 0x05, 0xFF, 0xFF, 0xFC, 0x00, 0x00, 0x0B, 0xFA, 0x15,
    0xFF, 0x20, 0x00, 0x0C, 0xF7, 0x01, 0xFF, 0x10, 0x00, 0x07, 0xFE, 0x4C, 0xF9, 0x00, 0x00, 0x00,
    0xCF, 0xFF, 0xA0, 0x00, 0x00, 0x04, 0xDF, 0xFD, 0x10, 0xBF, 0xF3, 0x4F, 0xF8, 0xEF, 0xB1, 0xDF,
    0xF3, 0xCF, 0x80, 0x4E, 0xFC, 0xFD, 0x00, 0xEF, 0x60, 0x04, 0xFF, 0xF7, 0x00, 0xDF, 0xD3, 0x03,
    0xCF, 0xF8, 0x00, 0x4F, 0xFF, 0xFF, 0xFD, 0xFF, 0x60, 0x04, 0xBE, 0xFC, 0x71, 0x8F, 0xF4, 0xAF,
    0x5A, 0xF5, 0xAF, 0x5A, 0xF5, 0xAF, 0x56, 0x93, 0x00, 0x06, 0xFC, 0x00, 0x03, 0xFD, 0x10, 0x00,
    0xBF, 0x50, 0x00, 0x4F, 0xD0, 0x00, 0x08, 0xF8, 0x00, 0x00, 0xCF, 0x40, 0x00, 0x0E, 0xF2, 0x00,
    0x01, 0xFF, 0x10, 0x00, 0x1F, 0xF1, 0x00, 0x00, 0xEF, 0x20, 0x00, 0x0C, 0xF4, 0x00, 0x00, 0x8F,
    0x80, 0x00, 0x04, 0xFD, 0x00, 0x00, 0x0C, 0xF5, 0x00, 0x00, 0x3F, 0xD1, 0x00, 0x00, 0x7F, 0xB0,
    0x0B, 0xF7, 0x00, 0x00, 0x1D, 0xF4, 0x00, 0x00, 0x4F, 0xC0, 0x00, 0x00, 0xCF, 0x40, 0x00, 0x07,
    0xF9, 0x00, 0x00, 0x3F, 0xD0, 0x00, 0x01, 0xFF, 0x00, 0x00, 0x0F, 0xF2, 0x00, 0x00, 0xFF, 0x20,
    0x00, 0x1F, 0xF0, 0x00, 0x03, 0xFD, 0x00, 0x00, 0x7F, 0x90, 0x00, 0x0C, 0xF5, 0x00, 0x04, 0xFC,
    0x00, 0x01, 0xDF, 0x40, 0x00, 0xBF, 0x70, 0x00, 0x00, 0x00, 0xFF, 0x00, 0x00, 0x00, 0x00, 0xEE,
    0x00, 0x00, 0x0C, 0x71, 0xDE, 0x17, 0xC0, 0x4F, 0xFF, 0xFF, 0xFF, 0xF4, 0x01, 0x6C, 0xFF, 0xC6,
    0x10, 0x00, 0x1D, 0xEE, 0xD1, 0x00, 0x00, 0xCF, 0x77, 0xFC, 0x00, 0x02, 0xDC, 0x00, 0xCD, 0x20,
    0x00, 0x12, 0x00, 0x21, 0x00, 0x00, 0x04, 0x73, 0x00, 0x00, 0x00, 0x9F, 0x60, 0x00, 0x00, 0x09,
    0xF6, 0x00, 0x00, 0x00, 0x9F, 0x60, 0x00, 0xCF, 0xFF, 0xFF, 0xFF, 0x9C, 0xFF, 0xFF, 0xFF, 0xF9,
    0x00, 0x09, 0xF6, 0x00, 0x00, 0x00, 0x9F, 0x60, 0x00, 0x00, 0x09, 0xF6, 0x00, 0x00, 0x00, 0x47,
    0x30, 0x00, 0x06, 0xEB, 0x00, 0xBF, 0xF2, 0x06, 0xFE, 0x00, 0x1E, 0x80, 0x1C, 0xB1, 0x00, 0xEF,
    0xFF, 0xF3, 0xEF, 0xFF, 0xF3, 0x6E, 0xB0, 0xBF, 0xF2, 0x6E, 0xB0, 0x00, 0x00, 0x0E, 0xF1, 0x00,
    0x00, 0x4F, 0xB0, 0x00, 0x00, 0x8F, 0x60, 0x00, 0x00, 0xDF, 0x10, 0x00, 0x03, 0xFB, 0x00, 0x00,
    0x08, 0xF6, 0x00, 0x00, 0x0D, 0xF1, 0x00, 0x00, 0x3F, 0xB0, 0x00, 0x00, 0x7F, 0x70, 0x00, 0x00,
    0xCF, 0x20, 0x00, 0x02, 0xFC, 0x00, 0x00, 0x07, 0xF7, 0x00, 0x00, 0x0C, 0xF2, 0x00, 0x00, 0x2F,
    0xC0, 0x00, 0x00, 0x6F, 0x70, 0x00, 0x00, 0xBF, 0x30, 0x00, 0x00, 0x00, 0x19, 0xEF, 0xD8, 0x10,
    0x00, 0x1D, 0xFF, 0xFF, 0xFB, 0x00, 0x08, 0xFE, 0x41, 0x6F, 0xF5, 0x00, 0xEF, 0x80, 0x00, 0xBF,
    0xB0, 0x2F, 0xF5, 0x00, 0x08, 0xFE, 0x03, 0xFF, 0x40, 0x00, 0x7F, 0xF0, 0x4F, 0xF4, 0x00, 0x07,
    0xFF, 0x13, 0xFF, 0x40, 0x00, 0x7F, 0xF0, 0x2F, 0xF5, 0x00, 0x08, 0xFE, 0x00, 0xEF, 0x80, 0x00,
    0xBF, 0xB0, 0x08, 0xFE, 0x41, 0x6F, 0xF5, 0x00, 0x1D, 0xFF, 0xFF, 0xFB, 0x00, 0x00, 0x19, 0xEF,
    0xD8, 0x10, 0x00, 0x00, 0x08, 0xFF, 0xF6, 0x00, 0x00, 0x05, 0xFE, 0xFF, 0x60, 0x00, 0x02, 0xEF,
    0x6E, 0xF6, 0x00, 0x01, 0xDF, 0xC0, 0xEF, 0x60, 0x00, 0x1D, 0xF3, 0x0E, 0xF6, 0x00, 0x00, 0x37,
    0x00, 0xEF, 0x60, 0x00, 0x00, 0x00, 0x0E, 0xF6, 0x00, 0x00, 0x00, 0x00, 0xEF, 0x60, 0x00, 0x00,
    0x00, 0x0E, 0xF6, 0x00, 0x00, 0x00, 0x00, 0xEF, 0x60, 0x00, 0x00, 0x00, 0x0E, 0xF6, 0x00, 0x00,
    0x5F, 0xFF, 0xFF, 0xFF, 0xF4, 0x05, 0xFF, 0xFF, 0xFF, 0xFF, 0x40, 0x00, 0x2A, 0xDF, 0xD7, 0x00,
    0x03, 0xEF, 0xFF, 0xFF, 0xB0, 0x0C, 0xFB, 0x21, 0x9F, 0xF4, 0x05, 0xB2, 0x00, 0x1F, 0xF7, 0x00,
    0x00, 0x00, 0x1F, 0xF6, 0x00, 0x00, 0x00, 0x7F, 0xF2, 0x00, 0x00, 0x03, 0xFF, 0x80, 0x00, 0x00,
    0x4E, 0xFA, 0x00, 0x00, 0x05, 0xFF, 0x90, 0x00, 0x00, 0x7F, 0xF7, 0x00, 0x00, 0x08, 0xFE, 0x50,
    0x00, 0x00, 0x0D, 0xFF, 0xFF, 0xFF, 0xFC, 0x0D, 0xFF, 0xFF, 0xFF, 0xFC, 0x00, 0x5B, 0xEE, 0xC7,
    0x00, 0x08, 0xFF, 0xFF, 0xFF, 0xA0, 0x0A, 0xF7, 0x11, 0xAF, 0xF3, 0x00, 0x30, 0x00, 0x3F, 0xF4,
    0x00, 0x00, 0x01, 0xAF, 0xD0, 0x00, 0x08, 0xFF, 0xFA, 0x20, 0x00, 0x08, 0xFF, 0xFC, 0x40, 0x00,
    0x00, 0x02, 0x9F, 0xE2, 0x00, 0x00, 0x00, 0x0F, 0xF6, 0x03, 0x40, 0x00, 0x1F, 0xF7, 0x4F, 0xE5,
    0x11, 0x9F, 0xF4, 0x1C, 0xFF, 0xFF, 0xFF, 0xA0, 0x01, 0x7C, 0xEE, 0xC5, 0x00, 0x00, 0x00, 0x0B,
    0xFF, 0x80, 0x00, 0x00, 0x06, 0xFF, 0xF8, 0x00, 0x00, 0x01, 0xEE, 0xCF, 0x80, 0x00, 0x00, 0xAF,
    0x5B, 0xF8, 0x00, 0x00, 0x5F, 0xB0, 0xBF, 0x80, 0x00, 0x1D, 0xE2, 0x0B, 0xF8, 0x00, 0x09, 0xF7,
    0x00, 0xBF, 0x80, 0x03, 0xFC, 0x00, 0x0B, 0xF8, 0x00, 0x6F, 0xFF, 0xFF, 0xFF, 0xFF, 0x26, 0xFF,
    0xFF, 0xFF, 0xFF, 0xF2, 0x00, 0x00, 0x00, 0xBF, 0x80, 0x00, 0x00, 0x00, 0x0B, 0xF8, 0x00, 0x00,
    0x00, 0x00, 0xBF, 0x80, 0x00, 0x2F, 0xFF, 0xFF, 0xFF, 0x43, 0xFF, 0xFF, 0xFF, 0xF4, 0x4F, 0x90,
    0x00, 0x00, 0x05, 0xF8, 0x00, 0x00, 0x00, 0x6F, 0x70, 0x00, 0x00, 0x07, 0xF6, 0x7E, 0xFB, 0x30,
    0x8F, 0xAF, 0xFF, 0xFF, 0x36, 0xCB, 0x21, 0x4E, 0xFB, 0x00, 0x00, 0x00, 0x9F, 0xE0, 0x70, 0x00,
    0x09, 0xFD, 0xBF, 0xB2, 0x14, 0xEF, 0x95, 0xFF, 0xFF, 0xFF, 0xD2, 0x03, 0xAE, 0xFD, 0x91, 0x00,
    0x00, 0x00, 0x4E, 0xFD, 0x20, 0x00, 0x05, 0xFF, 0xB1, 0x00, 0x00, 0x3E, 0xFC, 0x10, 0x00, 0x00,
    0xCF, 0xD1, 0x00, 0x00, 0x05, 0xFF, 0x50, 0x00, 0x00, 0x0B, 0xFD, 0x5D, 0xFC, 0x40, 0x0E, 0xFB,
    0xFF, 0xFF, 0xF4, 0x1F, 0xFD, 0x31, 0x4E, 0xFC, 0x1F, 0xF6, 0x00, 0x07, 0xFF, 0x0E, 0xF6, 0x00,
    0x07, 0xFE, 0x09, 0xFD, 0x30, 0x3E, 0xFA, 0x01, 0xDF, 0xFF, 0xFF, 0xD2, 0x00, 0x19, 0xDF, 0xD8,
    0x10, 0xEF, 0xFF, 0xFF, 0xFF, 0xCE, 0xFF, 0xFF, 0xFF, 0xFC, 0xEF, 0x10, 0x00, 0xCF, 0x9E, 0xF1,
    0x00, 0x3F, 0xF4, 0xEF, 0x10, 0x09, 0xFD, 0x00, 0x00, 0x01, 0xEF, 0x70, 0x00, 0x00, 0x6F, 0xF1,
    0x00, 0x00, 0x0C, 0xFA, 0x00, 0x00, 0x02, 0xFF, 0x40, 0x00, 0x00, 0x8F, 0xD0, 0x00, 0x00, 0x0E,
    0xF8, 0x00, 0x00, 0x05, 0xFF, 0x20, 0x00, 0x00, 0xBF, 0xB0, 0x00, 0x00, 0x00, 0x3A, 0xDE, 0xD9,
    0x20, 0x04, 0xFF, 0xFF, 0xFF, 0xE2, 0x0B, 0xFC, 0x20, 0x3E, 0xF8, 0x0B, 0xF7, 0x00, 0x0A, 0xF8,
    0x06, 0xFC, 0x20, 0x3E, 0xF3, 0x00, 0x6E, 0xFF, 0xFD, 0x40, 0x01, 0xAF, 0xFF, 0xFF, 0x90, 0x0B,
    0xFC, 0x31, 0x4E, 0xF8, 0x1F, 0xF5, 0x00, 0x08, 0xFD, 0x2F, 0xF5, 0x00, 0x08, 0xFE, 0x0E, 0xFC,
    0x20, 0x4E, 0xFB, 0x05, 0xFF, 0xFF, 0xFF, 0xE3, 0x00, 0x3A, 0xEF, 0xD9, 0x20, 0x00, 0x2A, 0xEF,
    0xD8, 0x10, 0x04, 0xFF, 0xFF, 0xFF, 0xB0, 0x0D, 0xFC, 0x21, 0x4E, 0xF6, 0x2F, 0xF4, 0x00, 0x09,
    0xFB, 0x3F, 0xF4, 0x00, 0x09, 0xFD, 0x1F, 0xFC, 0x21, 0x4E, 0xFD, 0x07, 0xFF, 0xFF, 0xEC, 0xFC,
    0x00, 0x6D, 0xFC, 0x4F, 0xF8, 0x00, 0x00, 0x00, 0x8F, 0xF2, 0x00, 0x00, 0x03, 0xFF, 0x90, 0x00,
    0x00, 0x2D, 0xFD, 0x10, 0x00, 0x02, 0xDF, 0xE3, 0x00, 0x00, 0x4E, 0xFD, 0x20, 0x00, 0x4E, 0xD1,
    0x8F, 0xF4, 0x4E, 0xD1, 0x00, 0x00, 0x00, 0x00, 0x00, 0x00, 0x00, 0x00, 0x4E, 0xD1, 0x8F, 0xF4,
    0x4E, 0xD1, 0x04, 0xED, 0x10, 0x8F, 0xF4, 0x04, 0xED, 0x10, 0x00, 0x00, 0x00, 0x00, 0x00, 0x00,
    0x00, 0x00, 0x00, 0x00, 0x4E, 0xD1, 0x08, 0xFF, 0x40, 0x4E, 0xF2, 0x00, 0xCB, 0x00, 0x9D, 0x20,
    0x00, 0x00, 0x00, 0x1A, 0x00, 0x00, 0x00, 0x5E, 0xF0, 0x00, 0x02, 0xBF, 0xFB, 0x00, 0x06, 0xEF,
    0xE5, 0x00, 0x1B, 0xFF, 0x91, 0x00, 0x03, 0xFF, 0x70, 0x00, 0x00, 0x1B, 0xFF, 0x91, 0x00, 0x00,
    0x06, 0xEF, 0xE5, 0x00, 0x00, 0x02, 0xBF, 0xFB, 0x00, 0x00, 0x00, 0x5E, 0xF0, 0x00, 0x00, 0x00,
    0x1A, 0x00, 0xCF, 0xFF, 0xFF, 0xFF, 0x9C, 0xFF, 0xFF, 0xFF, 0xF9, 0x00, 0x00, 0x00, 0x00, 0x00,
    0x00, 0x00, 0x00, 0x00, 0xCF, 0xFF, 0xFF, 0xFF, 0x9C, 0xFF, 0xFF, 0xFF, 0xF9, 0x38, 0x00, 0x00,
    0x00, 0x03, 0xFD, 0x40, 0x00, 0x00, 0x1C, 0xFF, 0x91, 0x00, 0x00, 0x07, 0xEF, 0xD4, 0x00, 0x00,
    0x02, 0xBF, 0xF9, 0x00, 0x00, 0x00, 0xAF, 0xF0, 0x00, 0x02, 0xBF, 0xF9, 0x00, 0x07, 0xEF, 0xD4,
    0x00, 0x2C, 0xFF, 0x81, 0x00, 0x03, 0xFD, 0x30, 0x00, 0x00, 0x38, 0x00, 0x00, 0x00, 0x00, 0x01,
    0x9E, 0xFD, 0x50, 0x00, 0xCF, 0xFF, 0xFF, 0x70, 0x6F, 0xE3, 0x1A, 0xFF, 0x13, 0xB6, 0x00, 0x2F,
    0xF4, 0x00, 0x00, 0x03, 0xFF, 0x40, 0x00, 0x00, 0x7F, 0xF1, 0x00, 0x06, 0xAF, 0xF7, 0x00, 0x01,
    0xFF, 0xD6, 0x00, 0x00, 0x1F, 0xF2, 0x00, 0x00, 0x00, 0x00, 0x00, 0x00, 0x00, 0x2D, 0xE4, 0x00,
    0x00, 0x05, 0xFF, 0x80, 0x00, 0x00, 0x2D, 0xE4, 0x00, 0x00, 0x00, 0x01, 0x8C, 0xEF, 0xDA, 0x50,
    0x00, 0x00, 0x06, 0xEA, 0x41, 0x02, 0x7E, 0xB1, 0x00, 0x05, 0xF5, 0x00, 0x00, 0x00, 0x1C, 0xC0,
    0x01, 0xE8, 0x02, 0xBF, 0xC9, 0xD3, 0x2F, 0x70, 0x7F, 0x10, 0xCE, 0x32, 0xDF, 0x40, 0xBC, 0x0B,
    0xC0, 0x3F, 0x90, 0x08, 0xF4, 0x07, 0xF0, 0xDA, 0x05, 0xF8, 0x00, 0x8F, 0x40, 0x6F, 0x1D, 0xA0,
    0x5F, 0x80, 0x08, 0xF4, 0x07, 0xF0, 0xBB, 0x03, 0xF9, 0x00, 0x8F, 0x40, 0x9D, 0x08, 0xE1, 0x0C,
    0xE3, 0x27, 0xF6, 0x1E, 0x60, 0x2F, 0x70, 0x2B, 0xEA, 0x08, 0xEE, 0x80, 0x00, 0x7F, 0x40, 0x00,
    0x00, 0x00, 0x00, 0x00, 0x00, 0x7F, 0x94, 0x10, 0x00, 0x00, 0x00, 0x00, 0x00, 0x28, 0xCE, 0xFF,
    0xFF, 0x20, 0x00, 0x00, 0x00, 0x9F, 0xFB, 0x00, 0x00, 0x00, 0x00, 0xDF, 0xFF, 0x10, 0x00, 0x00,
    0x03, 0xFD, 0xDF, 0x50, 0x00, 0x00, 0x08, 0xF9, 0x9F, 0xA0, 0x00, 0x00, 0x0D, 0xF5, 0x5F, 0xE0,
    0x00, 0x00, 0x3F, 0xF1, 0x1F, 0xF5, 0x00, 0x00, 0x8F, 0xC0, 0x0B, 0xF9, 0x00, 0x00, 0xDF, 0x70,
    0x07, 0xFE, 0x00, 0x02, 0xFF, 0xFF, 0xFF, 0xFF, 0x40, 0x07, 0xFF, 0xFF, 0xFF, 0xFF, 0x90, 0x0C,
    0xF9, 0x00, 0x00, 0x9F, 0xE0, 0x2F, 0xF4, 0x00, 0x00, 0x4F, 0xF4, 0x7F, 0xE0, 0x00, 0x00, 0x0E,
    0xF8, 0x8F, 0xFF, 0xFF, 0xEC, 0x40, 0x08, 0xFF, 0xFF, 0xFF, 0xFF, 0x30, 0x8F, 0xD0, 0x00, 0x3F,
    0xF8, 0x08, 0xFD, 0x00, 0x00, 0xDF, 0x80, 0x8F, 0xD0, 0x00, 0x3F, 0xF4, 0x08, 0xFF, 0xFF, 0xFF,
    0xD5, 0x00, 0x8F, 0xFF, 0xFF, 0xFF, 0xC2, 0x08, 0xFD, 0x00, 0x01, 0xCF, 0xB0, 0x8F, 0xD0, 0x00,
    0x06, 0xFF, 0x18, 0xFD, 0x00, 0x00, 0x6F, 0xF0, 0x8F, 0xD0, 0x00, 0x1B, 0xFC, 0x08, 0xFF, 0xFF,
    0xFF, 0xFF, 0x50, 0x8F, 0xFF, 0xFF, 0xFE, 0x60, 0x00, 0x00, 0x03, 0xAE, 0xFD, 0x92, 0x00, 0x06,
    0xFF, 0xFF, 0xFF, 0xE2, 0x02, 0xFF, 0xB3, 0x14, 0xDF, 0xB0, 0x9F, 0xD0, 0x00, 0x04, 0x81, 0x0D,
    0xF9, 0x00, 0x00, 0x00, 0x00, 0xFF, 0x70, 0x00, 0x00, 0x00, 0x1F, 0xF7, 0x00, 0x00, 0x00, 0x00,
    0xFF, 0x70, 0x00, 0x00, 0x00, 0x0D, 0xF9, 0x00, 0x00, 0x00, 0x00, 0x9F, 0xD0, 0x00, 0x03, 0xB3,
    0x03, 0xFF, 0xA2, 0x14, 0xDF, 0xB0, 0x07, 0xFF, 0xFF, 0xFF, 0xD2, 0x00, 0x04, 0xBE, 0xFD, 0x81,
    0x00, 0x8F, 0xFF, 0xFE, 0xC7, 0x00, 0x08, 0xFF, 0xFF, 0xFF, 0xFC, 0x10, 0x8F, 0xD0, 0x01, 0x6E,
    0xF8, 0x08, 0xFD, 0x00, 0x00, 0x7F, 0xE1, 0x8F, 0xD0, 0x00, 0x03, 0xFF, 0x48, 0xFD, 0x00, 0x00,
    0x1F, 0xF6, 0x8F, 0xD0, 0x00, 0x01, 0xFF, 0x78, 0xFD, 0x00, 0x00, 0x1F, 0xF6, 0x8F, 0xD0, 0x00,
    0x03, 0xFF, 0x48, 0xFD, 0x00, 0x00, 0x7F, 0xE1, 0x8F, 0xD0, 0x01, 0x6E, 0xF8, 0x08, 0xFF, 0xFF,
    0xFF, 0xFC, 0x10, 0x8F, 0xFF, 0xFE, 0xC7, 0x00, 0x00, 0x8F, 0xFF, 0xFF, 0xFF, 0xB8, 0xFF, 0xFF,
    0xFF, 0xFB, 0x8F, 0xD0, 0x00, 0x00, 0x08, 0xFD, 0x00, 0x00, 0x00, 0x8F, 0xD0, 0x00, 0x00, 0x08,
    0xFF, 0xFF, 0xFF, 0xF1, 0x8F, 0xFF, 0xFF, 0xFF, 0x18, 0xFD, 0x00, 0x00, 0x00, 0x8F, 0xD0, 0x00,
    0x00, 0x08, 0xFD, 0x00, 0x00, 0x00, 0x8F, 0xD0, 0x00, 0x00, 0x08, 0xFF, 0xFF, 0xFF, 0xFB, 0x8F,
    0xFF, 0xFF, 0xFF, 0xB0, 0x8F, 0xFF, 0xFF, 0xFF, 0x88, 0xFF, 0xFF, 0xFF, 0xF8, 0x8F, 0xD0, 0x00,
    0x00, 0x08, 0xFD, 0x00, 0x00, 0x00, 0x8F, 0xD0, 0x00, 0x00, 0x08, 0xFF, 0xFF, 0xFF, 0xC0, 0x8F,
    0xFF, 0xFF, 0xFC, 0x08, 0xFD, 0x00, 0x00, 0x00, 0x8F, 0xD0, 0x00, 0x00, 0x08, 0xFD, 0x00, 0x00,
    0x00, 0x8F, 0xD0, 0x00, 0x00, 0x08, 0xFD, 0x00, 0x00, 0x00, 0x8F, 0xD0, 0x00, 0x00, 0x00, 0x00,
    0x02, 0x9D, 0xFD, 0xA3, 0x00, 0x00, 0x5F, 0xFF, 0xFF, 0xFF, 0x50, 0x02, 0xEF, 0xB3, 0x13, 0xBF,
    0xE1, 0x08, 0xFD, 0x10, 0x00, 0x0B, 0x50, 0x0D, 0xF9, 0x00, 0x00, 0x00, 0x00, 0x0F, 0xF7, 0x00,
    0x00, 0x00, 0x00, 0x1F, 0xF7, 0x00, 0x3F, 0xFF, 0xF8, 0x0F, 0xF7, 0x00, 0x3F, 0xFF, 0xF8, 0x0D,
    0xF9, 0x00, 0x00, 0x0B, 0xF8, 0x09, 0xFD, 0x10, 0x00, 0x0E, 0xF8, 0x02, 0xFF, 0xB3, 0x12, 0xAF,
    0xF8, 0x00, 0x6F, 0xFF, 0xFF, 0xFA, 0xF8, 0x00, 0x04, 0xBE, 0xEC, 0x48, 0xF8, 0x8F, 0xD0, 0x00,
    0x00, 0xEF, 0x78, 0xFD, 0x00, 0x00, 0x0E, 0xF7, 0x8F, 0xD0, 0x00, 0x00, 0xEF, 0x78, 0xFD, 0x00,
    0x00, 0x0E, 0xF7, 0x8F, 0xD0, 0x00, 0x00, 0xEF, 0x78, 0xFF, 0xFF, 0xFF, 0xFF, 0xF7, 0x8F, 0xFF,
    0xFF, 0xFF, 0xFF, 0x78, 0xFD, 0x00, 0x00, 0x0E, 0xF7, 0x8F, 0xD0, 0x00, 0x00, 0xEF, 0x78, 0xFD,
    0x00, 0x00, 0x0E, 0xF7, 0x8F, 0xD0, 0x00, 0x00, 0xEF, 0x78, 0xFD, 0x00, 0x00, 0x0E, 0xF7, 0x8F,
    0xD0, 0x00, 0x00, 0xEF, 0x70, 0x1F, 0xFF, 0xFF, 0xA1, 0xFF, 0xFF, 0xFA, 0x00, 0x6F, 0xF0, 0x00,
    0x06, 0xFF, 0x00, 0x00, 0x6F, 0xF0, 0x00, 0x06, 0xFF, 0x00, 0x00, 0x6F, 0xF0, 0x00, 0x06, 0xFF,
    0x00, 0x00, 0x6F, 0xF0, 0x00, 0x06, 0xFF, 0x00, 0x00, 0x6F, 0xF0, 0x01, 0xFF, 0xFF, 0xFA, 0x1F,
    0xFF, 0xFF, 0xA0, 0x00, 0xEF, 0xFF, 0xFF, 0x60, 0x0E, 0xFF, 0xFF, 0xF6, 0x00, 0x00, 0x00, 0xFF,
    0x60, 0x00, 0x00, 0x0F, 0xF6, 0x00, 0x00, 0x00, 0xFF, 0x60, 0x00, 0x00, 0x0F, 0xF6, 0x00, 0x00,
    0x00, 0xFF, 0x60, 0x00, 0x00, 0x0F, 0xF6, 0x00, 0x00, 0x00, 0xFF, 0x62, 0x77, 0x00, 0x0F, 0xF6,
    0x4F, 0xF5, 0x17, 0xFF, 0x30, 0xCF, 0xFF, 0xFF, 0x90, 0x01, 0x9D, 0xFD, 0x70, 0x00, 0x8F, 0xD0,
    0x00, 0x08, 0xFF, 0x38, 0xFD, 0x00, 0x05, 0xFF, 0x60, 0x8F, 0xD0, 0x03, 0xEF, 0x80, 0x08, 0xFD,
    0x01, 0xDF, 0xB0, 0x00, 0x8F, 0xD0, 0xAF, 0xD1, 0x00, 0x08, 0xFD, 0x6F, 0xF6, 0x00, 0x00, 0x8F,
    0xEE, 0xFF, 0xD0, 0x00, 0x08, 0xFF, 0xE6, 0xFF, 0x80, 0x00, 0x8F, 0xF5, 0x09, 0xFF, 0x20, 0x08,
    0xFD, 0x00, 0x1E, 0xFB, 0x00, 0x8F, 0xD0, 0x00, 0x6F, 0xF6, 0x08, 0xFD, 0x00, 0x00, 0xCF, 0xE1,
    0x8F, 0xD0, 0x00, 0x03, 0xFF, 0x90, 0x8F, 0xD0, 0x00, 0x00, 0x8F, 0xD0, 0x00, 0x00, 0x8F, 0xD0,
    0x00, 0x00, 0x8F, 0xD0, 0x00, 0x00, 0x8F, 0xD0, 0x00, 0x00, 0x8F, 0xD0, 0x00, 0x00, 0x8F, 0xD0,
    0x00, 0x00, 0x8F, 0xD0, 0x00, 0x00, 0x8F, 0xD0, 0x00, 0x00, 0x8F, 0xD0, 0x00, 0x00, 0x8F, 0xD0,
    0x00, 0x00, 0x8F, 0xFF, 0xFF, 0xFC, 0x8F, 0xFF, 0xFF, 0xFC, 0x8F, 0xF6, 0x00, 0x00, 0x09, 0xFF,
    0x38, 0xFF, 0xD0, 0x00, 0x01, 0xFF, 0xF3, 0x8F, 0xFF, 0x50, 0x00, 0x8F, 0xFF, 0x38, 0xFE, 0xFC,
    0x00, 0x1E, 0xEF, 0xF3, 0x8F, 0xBC, 0xF4, 0x07, 0xF8, 0xFF, 0x38, 0xFB, 0x5F, 0xB0, 0xDE, 0x2F,
    0xF3, 0x8F, 0xB0, 0xDF, 0x9F, 0x80, 0xFF, 0x38, 0xFB, 0x06, 0xFF, 0xF1, 0x0F, 0xF3, 0x8F, 0xB0,
    0x0D, 0xF9, 0x00, 0xFF, 0x38, 0xFB, 0x00, 0x6F, 0x20, 0x0F, 0xF3, 0x8F, 0xB0, 0x00, 0x70, 0x00,
    0xFF, 0x38, 0xFB, 0x00, 0x00, 0x00, 0x0F, 0xF3, 0x8F, 0xB0, 0x00, 0x00, 0x00, 0xFF, 0x30, 0x8F,
    0xF6, 0x00, 0x00, 0xCF, 0x78, 0xFF, 0xD1, 0x00, 0x0C, 0xF7, 0x8F, 0xFF, 0x70, 0x00, 0xCF, 0x78,
    0xFE, 0xFE, 0x10, 0x0C, 0xF7, 0x8F, 0xBB, 0xF9, 0x00, 0xCF, 0x78, 0xFB, 0x4F, 0xF3, 0x0C, 0xF7,
    0x8F, 0xB0, 0xCF, 0xB0, 0xCF, 0x78, 0xFB, 0x03, 0xFF, 0x3C, 0xF7, 0x8F, 0xB0, 0x0A, 0xFA, 0xCF,
    0x78, 0xFB, 0x00, 0x2F, 0xFE, 0xF7, 0x8F, 0xB0, 0x00, 0x8F, 0xFF, 0x78, 0xFB, 0x00, 0x01, 0xEF,
    0xF7, 0x8F, 0xB0, 0x00, 0x06, 0xFF, 0x70, 0x00, 0x03, 0xAE, 0xFD, 0x92, 0x00, 0x00, 0x6F, 0xFF,
    0xFF, 0xFE, 0x40, 0x02, 0xFF, 0xB3, 0x14, 0xDF, 0xD1, 0x09, 0xFD, 0x10, 0x00, 0x2F, 0xF6, 0x0D,
    0xF9, 0x00, 0x00, 0x0C, 0xFA, 0x0F, 0xF7, 0x00, 0x00, 0x0A, 0xFC, 0x1F, 0xF7, 0x00, 0x00, 0x0A,
    0xFD, 0x0F, 0xF7, 0x00, 0x00, 0x0A, 0xFC, 0x0D, 0xF9, 0x00, 0x00, 0x0C, 0xFA, 0x09, 0xFD, 0x10,
    0x00, 0x2F, 0xF6, 0x02, 0xFF, 0xB3, 0x14, 0xDF, 0xD1, 0x00, 0x6F, 0xFF, 0xFF, 0xFE, 0x40, 0x00,
    0x03, 0xAE, 0xFD, 0x92, 0x00, 0x8F, 0xFF, 0xFF, 0xEB, 0x20, 0x8F, 0xFF, 0xFF, 0xFF, 0xE2, 0x8F,
    0xD0, 0x00, 0x2D, 0xF9, 0x8F, 0xD0, 0x00, 0x09, 0xFC, 0x8F, 0xD0, 0x00, 0x0A, 0xFC, 0x8F, 0xD0,
    0x00, 0x2E, 0xF9, 0x8F, 0xFF, 0xFF, 0xFF, 0xE2, 0x8F, 0xFF, 0xFF, 0xFB, 0x30, 0x8F, 0xD0, 0x00,
    0x00, 0x00, 0x8F, 0xD0, 0x00, 0x00, 0x00, 0x8F, 0xD0, 0x00, 0x00, 0x00, 0x8F, 0xD0, 0x00, 0x00,
    0x00, 0x8F, 0xD0, 0x00, 0x00, 0x00, 0x00, 0x03, 0xAE, 0xFD, 0x92, 0x00, 0x00, 0x6F, 0xFF, 0xFF,
    0xFE, 0x40, 0x02, 0xFF, 0xB3, 0x14, 0xDF, 0xD1, 0x09, 0xFD, 0x10, 0x00, 0x2F, 0xF6, 0x0D, 0xF9,
    0x00, 0x00, 0x0C, 0xFA, 0x0F, 0xF7, 0x00, 0x00, 0x0A, 0xFC, 0x1F, 0xF7, 0x00, 0x00, 0x0A, 0xFD,
    0x0F, 0xF7, 0x00, 0x00, 0x0A, 0xFC, 0x0D, 0xF9, 0x00, 0x00, 0x0C, 0xFA, 0x09, 0xFD, 0x10, 0x00,
    0x2F, 0xF6, 0x03, 0xFF, 0xB3, 0x14, 0xDF, 0xE1, 0x00, 0x7F, 0xFF, 0xFF, 0xFF, 0x40, 0x00, 0x04,
    0xBF, 0xFF, 0xA3, 0x00, 0x00, 0x00, 0x09, 0xFA, 0x00, 0x00, 0x00, 0x00, 0x07, 0xFF, 0xF9, 0x00,
    0x00, 0x00, 0x01, 0xAE, 0xF9, 0x00, 0x8F, 0xFF, 0xFF, 0xFB, 0x30, 0x08, 0xFF, 0xFF, 0xFF, 0xFE,
    0x20, 0x8F, 0xD0, 0x00, 0x2D, 0xF9, 0x08, 0xFD, 0x00, 0x00, 0x9F, 0xC0, 0x8F, 0xD0, 0x00, 0x0A,
    0xFC, 0x08, 0xFD, 0x00, 0x02, 0xEF, 0x90, 0x8F, 0xFF, 0xFF, 0xFF, 0xE2, 0x08, 0xFF, 0xFF, 0xFF,
    0xC3, 0x00, 0x8F, 0xD0, 0x0A, 0xFD, 0x00, 0x08, 0xFD, 0x00, 0x3F, 0xF6, 0x00, 0x8F, 0xD0, 0x00,
    0xBF, 0xD0, 0x08, 0xFD, 0x00, 0x04, 0xFF, 0x50, 0x8F, 0xD0, 0x00, 0x0C, 0xFD, 0x00, 0x00, 0x29,
    0xDF, 0xEB, 0x50, 0x00, 0x3E, 0xFF, 0xFF, 0xFF, 0x80, 0x0B, 0xFD, 0x30, 0x2A, 0xE4, 0x00, 0xDF,
    0x70, 0x00, 0x02, 0x00, 0x0C, 0xFC, 0x10, 0x00, 0x00, 0x00, 0x6F, 0xFF, 0xC8, 0x40, 0x00, 0x00,
    0x6E, 0xFF, 0xFF, 0xC2, 0x00, 0x00, 0x03, 0x6A, 0xFF, 0xB0, 0x00, 0x00, 0x00, 0x07, 0xFF, 0x00,
    0x15, 0x00, 0x00, 0x5F, 0xF1, 0x1C, 0xF9, 0x20, 0x3C, 0xFC, 0x00, 0xAF, 0xFF, 0xFF, 0xFF, 0x40,
    0x00, 0x5B, 0xEF, 0xEA, 0x30, 0x00, 0x8F, 0xFF, 0xFF, 0xFF, 0xFF, 0x8F, 0xFF, 0xFF, 0xFF, 0xFF,
    0x00, 0x00, 0xFF, 0x60, 0x00, 0x00, 0x00, 0xFF, 0x60, 0x00, 0x00, 0x00, 0xFF, 0x60, 0x00, 0x00,
    0x00, 0xFF, 0x60, 0x00, 0x00, 0x00, 0xFF, 0x60, 0x00, 0x00, 0x00, 0xFF, 0x60, 0x00, 0x00, 0x00,
    0xFF, 0x60, 0x00, 0x00, 0x00, 0xFF, 0x60, 0x00, 0x00, 0x00, 0xFF, 0x60, 0x00, 0x00, 0x00, 0xFF,
    0x60, 0x00, 0x00, 0x00, 0xFF, 0x60, 0x00, 0x9F, 0xB0, 0x00, 0x05, 0xFF, 0x09, 0xFB, 0x00, 0x00,
    0x5F, 0xF0, 0x9F, 0xB0, 0x00, 0x05, 0xFF, 0x09, 0xFB, 0x00, 0x00, 0x5F, 0xF0, 0x9F, 0xB0, 0x00,
    0x05, 0xFF, 0x09, 0xFB, 0x00, 0x00, 0x5F, 0xF0, 0x9F, 0xB0, 0x00, 0x05, 0xFF, 0x09, 0xFB, 0x00,
    0x00, 0x5F, 0xF0, 0x8F, 0xC0, 0x00, 0x06, 0xFF, 0x07, 0xFE, 0x00, 0x00, 0x8F, 0xD0, 0x3F, 0xF9,
    0x21, 0x5E, 0xF9, 0x00, 0x9F, 0xFF, 0xFF, 0xFE, 0x20, 0x00, 0x7C, 0xEF, 0xD9, 0x20, 0x00, 0x8F,
    0xD0, 0x00, 0x00, 0x5F, 0xF1, 0x4F, 0xF3, 0x00, 0x00, 0x9F, 0xB0, 0x0E, 0xF7, 0x00, 0x00, 0xEF,
    0x60, 0x09, 0xFC, 0x00, 0x03, 0xFF, 0x20, 0x04, 0xFF, 0x10, 0x08, 0xFC, 0x00, 0x00, 0xEF, 0x60,
    0x0C, 0xF7, 0x00, 0x00, 0xAF, 0xA0, 0x2F, 0xF2, 0x00, 0x00, 0x5F, 0xE0, 0x6F, 0xC0, 0x00, 0x00,
    0x1F, 0xF3, 0x9F, 0x80, 0x00, 0x00, 0x0B, 0xF7, 0xDF, 0x30, 0x00, 0x00, 0x06, 0xFC, 0xFD, 0x00,
    0x00, 0x00, 0x01, 0xFF, 0xF8, 0x00, 0x00, 0x00, 0x00, 0xCF, 0xF4, 0x00, 0x00, 0x6F, 0xE0, 0x00,
    0x0D, 0xFF, 0x00, 0x00, 0xCF, 0x73, 0xFF, 0x20, 0x01, 0xFF, 0xF3, 0x00, 0x0E, 0xF4, 0x0E, 0xF5,
    0x00, 0x5F, 0xEF, 0x70, 0x03, 0xFF, 0x10, 0xBF, 0x80, 0x08, 0xF8, 0xFA, 0x00, 0x6F, 0xC0, 0x08,
    0xFB, 0x00, 0xCF, 0x2F, 0xE0, 0x09, 0xF8, 0x00, 0x4F, 0xE0, 0x0F, 0xC0, 0xCF, 0x20, 0xCF, 0x50,
    0x01, 0xFF, 0x23, 0xF9, 0x09, 0xF6, 0x0F, 0xF1, 0x00, 0x0D, 0xF5, 0x7F, 0x50, 0x5F, 0x93, 0xFD,
    0x00, 0x00, 0x9F, 0x8A, 0xF2, 0x02, 0xFC, 0x6F, 0x90, 0x00, 0x06, 0xFB, 0xED, 0x00, 0x0E, 0xF9,
    0xF6, 0x00, 0x00, 0x3F, 0xEF, 0xA0, 0x00, 0xAF, 0xEF, 0x30, 0x00, 0x00, 0xEF, 0xF6, 0x00, 0x07,
    0xFF, 0xE0, 0x00, 0x00, 0x0B, 0xFF, 0x30, 0x00, 0x3F, 0xFB, 0x00, 0x00, 0x3F, 0xF9, 0x00, 0x00,
    0x9F, 0xE1, 0x09, 0xFF, 0x20, 0x03, 0xFF, 0x50, 0x01, 0xEF, 0xB0, 0x0B, 0xFB, 0x00, 0x00, 0x5F,
    0xF4, 0x5F, 0xF2, 0x00, 0x00, 0x0B, 0xFD, 0xDF, 0x70, 0x00, 0x00, 0x02, 0xFF, 0xFD, 0x00, 0x00,
    0x00, 0x00, 0xCF, 0xF8, 0x00, 0x00, 0x00, 0x05, 0xFF, 0xFE, 0x20, 0x00, 0x00, 0x1D, 0xF8, 0xDF,
    0xA0, 0x00, 0x00, 0x8F, 0xD1, 0x5F, 0xF5, 0x00, 0x03, 0xFF, 0x50, 0x0B, 0xFD, 0x10, 0x0B, 0xFC,
    0x00, 0x03, 0xFF, 0x80, 0x6F, 0xF3, 0x00, 0x00, 0x9F, 0xF3, 0x8F, 0xF2, 0x00, 0x00, 0xAF, 0xD0,
    0x1D, 0xFB, 0x00, 0x04, 0xFF, 0x50, 0x05, 0xFF, 0x40, 0x0C, 0xFB, 0x00, 0x00, 0xBF, 0xD0, 0x6F,
    0xF2, 0x00, 0x00, 0x3F, 0xF7, 0xDF, 0x80, 0x00, 0x00, 0x09, 0xFF, 0xFD, 0x10, 0x00, 0x00, 0x01,
    0xEF, 0xF5, 0x00, 0x00, 0x00, 0x00, 0x8F, 0xE0, 0x00, 0x00, 0x00, 0x00, 0x8F, 0xD0, 0x00, 0x00,
    0x00, 0x00, 0x8F, 0xD0, 0x00, 0x00, 0x00, 0x00, 0x8F, 0xD0, 0x00, 0x00, 0x00, 0x00, 0x8F, 0xD0,
    0x00, 0x00, 0x00, 0x00, 0x8F, 0xD0, 0x00, 0x00, 0x0F, 0xFF, 0xFF, 0xFF, 0xFE, 0x00, 0xFF, 0xFF,
    0xFF, 0xFF, 0xE0, 0x00, 0x00, 0x00, 0x3F, 0xF9, 0x00, 0x00, 0x00, 0x1D, 0xFC, 0x00, 0x00, 0x00,
    0x09, 0xFE, 0x20, 0x00, 0x00, 0x05, 0xFF, 0x60, 0x00, 0x00, 0x02, 0xEF, 0xA0, 0x00, 0x00, 0x00,
    0xCF, 0xD1, 0x00, 0x00, 0x00, 0x8F, 0xF3, 0x00, 0x00, 0x00, 0x4F, 0xF7, 0x00, 0x00, 0x00, 0x1D,
    0xFB, 0x00, 0x00, 0x00, 0x05, 0xFF, 0xFF, 0xFF, 0xFF, 0xF1, 0x5F, 0xFF, 0xFF, 0xFF, 0xFF, 0x10,
    0x8F, 0xFF, 0x8F, 0x90, 0x8F, 0x90, 0x8F, 0x90, 0x8F, 0x90, 0x8F, 0x90, 0x8F, 0x90, 0x8F, 0x90,
    0x8F, 0x90, 0x8F, 0x90, 0x8F, 0x90, 0x8F, 0x90, 0x8F, 0x90, 0x8F, 0x90, 0x8F, 0x90, 0x8F, 0xFF,
    0x3F, 0xB0, 0x00, 0x00, 0x0D, 0xF1, 0x00, 0x00, 0x08, 0xF6, 0x00, 0x00, 0x03, 0xFB, 0x00, 0x00,
    0x00, 0xDF, 0x10, 0x00, 0x00, 0x8F, 0x60, 0x00, 0x00, 0x4F, 0xA0, 0x00, 0x00, 0x0E, 0xF1, 0x00,
    0x00, 0x09, 0xF5, 0x00, 0x00, 0x04, 0xFA, 0x00, 0x00, 0x00, 0xEE, 0x00, 0x00, 0x00, 0x9F, 0x50,
    0x00, 0x00, 0x5F, 0x90, 0x00, 0x00, 0x0E, 0xE0, 0x00, 0x00, 0x0A, 0xF4, 0x00, 0x00, 0x05, 0xF9,
    0x1F, 0xFF, 0x70, 0x0A, 0xF7, 0x00, 0xAF, 0x70, 0x0A, 0xF7, 0x00, 0xAF, 0x70, 0x0A, 0xF7, 0x00,
    0xAF, 0x70, 0x0A, 0xF7, 0x00, 0xAF, 0x70, 0x0A, 0xF7, 0x00, 0xAF, 0x70, 0x0A, 0xF7, 0x00, 0xAF,
    0x70, 0x0A, 0xF7, 0x00, 0xAF, 0x71, 0xFF, 0xF7, 0x00, 0x00, 0xDF, 0xA0, 0x00, 0x00, 0x06, 0xFF,
    0xF3, 0x00, 0x00, 0x1E, 0xFB, 0xFC, 0x00, 0x00, 0x8F, 0xB1, 0xEF, 0x50, 0x01, 0xEF, 0x30, 0x7F,
    0xD0, 0x09, 0xF9, 0x00, 0x0D, 0xF6, 0x1E, 0xE2, 0x00, 0x06, 0xFB, 0x01, 0x40, 0x00, 0x00, 0x40,
    0x7F, 0xFF, 0xFF, 0xFF, 0xF8, 0x7F, 0xFF, 0xFF, 0xFF, 0xF8, 0x06, 0xC2, 0x00, 0xAF, 0x90, 0x01,
    0xDF, 0x20, 0x03, 0xC3, 0x00, 0x8D, 0xFE, 0xB3, 0x00, 0x0A, 0xFF, 0xFF, 0xFF, 0x30, 0x04, 0xC3,
    0x03, 0xEF, 0x70, 0x00, 0x00, 0x00, 0xBF, 0x90, 0x03, 0xAD, 0xFF, 0xFF, 0x90, 0x2E, 0xF4, 0x00,
    0xBF, 0x90, 0x4F, 0xF3, 0x03, 0xDF, 0x90, 0x2F, 0xFF, 0xFF, 0x7F, 0xF8, 0x05, 0xCE, 0xD5, 0x0B,
    0xF8, 0xAF, 0xA0, 0x00, 0x00, 0x0A, 0xFA, 0x00, 0x00, 0x00, 0xAF, 0xA0, 0x00, 0x00, 0x0A, 0xFA,
    0x00, 0x00, 0x00, 0xAF, 0xA5, 0xDF, 0xC5, 0x0A, 0xFC, 0xFF, 0xFF, 0xF3, 0xAF, 0xE3, 0x03, 0xEF,
    0xAA, 0xFA, 0x00, 0x07, 0xFD, 0xAF, 0xA0, 0x00, 0x6F, 0xEA, 0xFA, 0x00, 0x07, 0xFD, 0xAF, 0xE3,
    0x03, 0xDF, 0xAA, 0xFC, 0xFF, 0xFF, 0xF3, 0xAF, 0xA5, 0xDF, 0xC5, 0x00, 0x00, 0x5C, 0xEE, 0xB3,
    0x00, 0x5F, 0xFF, 0xFF, 0xE3, 0x0D, 0xFA, 0x11, 0xAF, 0x73, 0xFF, 0x20, 0x01, 0x20, 0x4F, 0xF2,
    0x00, 0x00, 0x03, 0xFF, 0x20, 0x01, 0x40, 0x0D, 0xFA, 0x11, 0xAF, 0x80, 0x5F, 0xFF, 0xFF, 0xE3,
    0x00, 0x5C, 0xEE, 0xB3, 0x00, 0x00, 0x00, 0x00, 0x0D, 0xF7, 0x00, 0x00, 0x00, 0x0D, 0xF7, 0x00,
    0x00, 0x00, 0x0D, 0xF7, 0x00, 0x00, 0x00, 0x0D, 0xF7, 0x00, 0x7D, 0xFC, 0x3D, 0xF7, 0x06, 0xFF,
    0xFF, 0xDD, 0xF7, 0x0D, 0xFC, 0x21, 0x5F, 0xF7, 0x1F, 0xF4, 0x00, 0x0D, 0xF7, 0x2F, 0xF3, 0x00,
    0x0D, 0xF7, 0x1F, 0xF4, 0x00, 0x0D, 0xF7, 0x0D, 0xFC, 0x21, 0x5F, 0xF7, 0x06, 0xFF, 0xFF, 0xDD,
    0xF7, 0x00, 0x7D, 0xFC, 0x3D, 0xF7, 0x00, 0x4B, 0xEE, 0xC5, 0x00, 0x05, 0xFF, 0xFF, 0xFF, 0x60,
    0x0D, 0xFB, 0x21, 0x9F, 0xE1, 0x3F, 0xF2, 0x00, 0x2F, 0xF4, 0x4F, 0xFF, 0xFF, 0xFF, 0xF5, 0x3F,
    0xF2, 0x00, 0x00, 0x00, 0x0D, 0xFB, 0x20, 0x3B, 0x40, 0x04, 0xFF, 0xFF, 0xFF, 0xB0, 0x00, 0x3B,
    0xEF, 0xD7, 0x10, 0x00, 0x4D, 0xFF, 0x00, 0x1E, 0xFF, 0xF0, 0x03, 0xFF, 0x20, 0x00, 0x3F, 0xF2,
    0x00, 0x9F, 0xFF, 0xFF, 0x09, 0xFF, 0xFF, 0xF0, 0x03, 0xFF, 0x20, 0x00, 0x3F, 0xF2, 0x00, 0x03,
    0xFF, 0x20, 0x00, 0x3F, 0xF2, 0x00, 0x03, 0xFF, 0x20, 0x00, 0x3F, 0xF2, 0x00, 0x03, 0xFF, 0x20,
    0x00, 0x00, 0x00, 0x00, 0x2E, 0xF5, 0x00, 0x00, 0x00, 0x7F, 0xF5, 0x00, 0x7C, 0xEE, 0xEA, 0x00,
    0x08, 0xFF, 0xFF, 0xFF, 0x70, 0x0E, 0xF7, 0x01, 0xAF, 0xB0, 0x0E, 0xF7, 0x01, 0xAF, 0xA0, 0x08,
    0xFF, 0xFF, 0xFF, 0x40, 0x01, 0xBE, 0xEE, 0xB4, 0x00, 0x0C, 0xD1, 0x00, 0x00, 0x00, 0x0E, 0xFF,
    0xFF, 0xFD, 0x80, 0x04, 0xEF, 0xFF, 0xFF, 0xF7, 0x3E, 0x80, 0x00, 0x18, 0xFB, 0x7F, 0xA1, 0x00,
    0x1A, 0xFB, 0x4F, 0xFF, 0xFF, 0xFF, 0xF5, 0x05, 0xBE, 0xFF, 0xDA, 0x40, 0xAF, 0xA0, 0x00, 0x00,
    0x0A, 0xFA, 0x00, 0x00, 0x00, 0xAF, 0xA0, 0x00, 0x00, 0x0A, 0xFA, 0x00, 0x00, 0x00, 0xAF, 0xA4,
    0xDE, 0xC3, 0x0A, 0xFB, 0xFF, 0xFF, 0xD0, 0xAF, 0xE4, 0x16, 0xFF, 0x3A, 0xFA, 0x00, 0x0F, 0xF5,
    0xAF, 0xA0, 0x00, 0xEF, 0x5A, 0xFA, 0x00, 0x0E, 0xF5, 0xAF, 0xA0, 0x00, 0xEF, 0x5A, 0xFA, 0x00,
    0x0E, 0xF5, 0xAF, 0xA0, 0x00, 0xEF, 0x50, 0x8E, 0x8D, 0xFC, 0x8E, 0x80, 0x00, 0xAF, 0xAA, 0xFA,
    0xAF, 0xAA, 0xFA, 0xAF, 0xAA, 0xFA, 0xAF, 0xAA, 0xFA, 0xAF, 0xA0, 0x00, 0x8E, 0x80, 0x0D, 0xFC,
    0x00, 0x8E, 0x80, 0x00, 0x00, 0x00, 0xAF, 0xA0, 0x0A, 0xFA, 0x00, 0xAF, 0xA0, 0x0A, 0xFA, 0x00,
    0xAF, 0xA0, 0x0A, 0xFA, 0x00, 0xAF, 0xA0, 0x0A, 0xFA, 0x00, 0xAF, 0xA0, 0x0A, 0xFA, 0x00, 0xAF,
    0x92, 0xFF, 0xF7, 0x2F, 0xEA, 0x10, 0xAF, 0xA0, 0x00, 0x00, 0x0A, 0xFA, 0x00, 0x00, 0x00, 0xAF,
    0xA0, 0x00, 0x00, 0x0A, 0xFA, 0x00, 0x00, 0x00, 0xAF, 0xA0, 0x06, 0xFF, 0x4A, 0xFA, 0x05, 0xFF,
    0x50, 0xAF, 0xA3, 0xFF, 0x50, 0x0A, 0xFB, 0xDF, 0xA0, 0x00, 0xAF, 0xFF, 0xFE, 0x20, 0x0A, 0xFF,
    0x7C, 0xFB, 0x00, 0xAF, 0xB0, 0x3F, 0xF6, 0x0A, 0xFA, 0x00, 0x9F, 0xE2, 0xAF, 0xA0, 0x01, 0xEF,
    0xB0, 0xAF, 0xA0, 0xAF, 0xA0, 0xAF, 0xA0, 0xAF, 0xA0, 0xAF, 0xA0, 0xAF, 0xA0, 0xAF, 0xA0, 0xAF,
    0xA0, 0xAF, 0xA0, 0xAF, 0xA0, 0xAF, 0xA0, 0x8F, 0xFD, 0x2B, 0xFD, 0xAF, 0xA5, 0xDE, 0xB1, 0x1A,
    0xED, 0x70, 0xAF, 0xBF, 0xFF, 0xFB, 0xBF, 0xFF, 0xF5, 0xAF, 0xE3, 0x18, 0xFF, 0x91, 0x2D, 0xFA,
    0xAF, 0xA0, 0x02, 0xFF, 0x30, 0x09, 0xFB, 0xAF, 0xA0, 0x02, 0xFF, 0x30, 0x08, 0xFC, 0xAF, 0xA0,
    0x02, 0xFF, 0x30, 0x08, 0xFC, 0xAF, 0xA0, 0x02, 0xFF, 0x30, 0x08, 0xFC, 0xAF, 0xA0, 0x02, 0xFF,
    0x30, 0x08, 0xFC, 0xAF, 0xA0, 0x02, 0xFF, 0x30, 0x08, 0xFC, 0xAF, 0xA4, 0xDE, 0xC3, 0x0A, 0xFB,
    0xFF, 0xFF, 0xD0, 0xAF, 0xE4, 0x16, 0xFF, 0x3A, 0xFA, 0x00, 0x0F, 0xF5, 0xAF, 0xA0, 0x00, 0xEF,
    0x5A, 0xFA, 0x00, 0x0E, 0xF5, 0xAF, 0xA0, 0x00, 0xEF, 0x5A, 0xFA, 0x00, 0x0E, 0xF5, 0xAF, 0xA0,
    0x00, 0xEF, 0x50, 0x00, 0x4B, 0xEE, 0xC5, 0x00, 0x04, 0xFF, 0xFF, 0xFF, 0x60, 0x0D, 0xFA, 0x11,
    0x8F, 0xE1, 0x3F, 0xF2, 0x00, 0x1F, 0xF5, 0x4F, 0xF2, 0x00, 0x0F, 0xF6, 0x3F, 0xF2, 0x00, 0x1F,
    0xF5, 0x0D, 0xFA, 0x11, 0x8F, 0xE1, 0x04, 0xFF, 0xFF, 0xFF, 0x60, 0x00, 0x4B, 0xEF, 0xC5, 0x00,
    0xAF, 0xA5, 0xDF, 0xC5, 0x0A, 0xFC, 0xFF, 0xFF, 0xF3, 0xAF, 0xE3, 0x03, 0xEF, 0xAA, 0xFA, 0x00,
    0x07, 0xFD, 0xAF, 0xA0, 0x00, 0x6F, 0xEA, 0xFA, 0x00, 0x07, 0xFD, 0xAF, 0xE3, 0x03, 0xDF, 0xAA,
    0xFC, 0xFF, 0xFF, 0xF3, 0xAF, 0xA5, 0xDF, 0xC5, 0x0A, 0xFA, 0x00, 0x00, 0x00, 0xAF, 0xA0, 0x00,
    0x00, 0x0A, 0xFA, 0x00, 0x00, 0x00, 0xAF, 0xA0, 0x00, 0x00, 0x00, 0x00, 0x7D, 0xFC, 0x3D, 0xF7,
    0x06, 0xFF, 0xFF, 0xDD, 0xF7, 0x0D, 0xFC, 0x21, 0x5F, 0xF7, 0x1F, 0xF4, 0x00, 0x0D, 0xF7, 0x2F,
    0xF3, 0x00, 0x0D, 0xF7, 0x1F, 0xF4, 0x00, 0x0D, 0xF7, 0x0D, 0xFC, 0x21, 0x5F, 0xF7, 0x06, 0xFF,
    0xFF, 0xDD, 0xF7, 0x00, 0x7D, 0xFC, 0x3D, 0xF7, 0x00, 0x00, 0x00, 0x0D, 0xF7, 0x00, 0x00, 0x00,
    0x0D, 0xF7, 0x00, 0x00, 0x00, 0x0D, 0xF7, 0x00, 0x00, 0x00, 0x0D, 0xF7, 0xAF, 0xA6, 0xDB, 0xAF,
    0xCF, 0xFB, 0xAF, 0xE4, 0x10, 0xAF, 0xA0, 0x00, 0xAF, 0xA0, 0x00, 0xAF, 0xA0, 0x00, 0xAF, 0xA0,
    0x00, 0xAF, 0xA0, 0x00, 0xAF, 0xA0, 0x00, 0x01, 0x9D, 0xFE, 0x92, 0x00, 0xBF, 0xFF, 0xFF, 0xC0,
    0x1F, 0xF4, 0x03, 0x81, 0x01, 0xFF, 0xD9, 0x73, 0x00, 0x07, 0xFF, 0xFF, 0xF9, 0x00, 0x02, 0x68,
    0xBF, 0xF2, 0x07, 0x82, 0x02, 0xFF, 0x33, 0xFF, 0xFF, 0xFF, 0xC0, 0x03, 0xAE, 0xFD, 0x81, 0x00,
    0x00, 0xEF, 0x20, 0x00, 0x0E, 0xF2, 0x00, 0x02, 0xFF, 0x20, 0x08, 0xFF, 0xFF, 0xF1, 0x8F, 0xFF,
    0xFF, 0x10, 0x2F, 0xF2, 0x00, 0x02, 0xFF, 0x20, 0x00, 0x2F, 0xF2, 0x00, 0x02, 0xFF, 0x20, 0x00,
    0x2F, 0xF2, 0x00, 0x01, 0xFF, 0xFE, 0x00, 0x06, 0xDF, 0xE0, 0xCF, 0x80, 0x01, 0xFF, 0x4C, 0xF8,
    0x00, 0x1F, 0xF4, 0xCF, 0x80, 0x01, 0xFF, 0x4C, 0xF8, 0x00, 0x1F, 0xF4, 0xCF, 0x80, 0x01, 0xFF,
    0x4C, 0xF9, 0x00, 0x1F, 0xF4, 0xAF, 0xD2, 0x18, 0xFF, 0x45, 0xFF, 0xFF, 0xBF, 0xF4, 0x07, 0xDE,
    0xB2, 0xFF, 0x40, 0x9F, 0xA0, 0x00, 0x2F, 0xF1, 0x4F, 0xE1, 0x00, 0x7F, 0xB0, 0x0E, 0xF5, 0x00,
    0xCF, 0x50, 0x09, 0xFA, 0x02, 0xFE, 0x10, 0x03, 0xFE, 0x06, 0xFA, 0x00, 0x00, 0xDF, 0x4B, 0xF5,
    0x00, 0x00, 0x8F, 0x9F, 0xE0, 0x00, 0x00, 0x3F, 0xFF, 0x90, 0x00, 0x00, 0x0C, 0xFF, 0x40, 0x00,
    0x7F, 0xB0, 0x00, 0xCF, 0x90, 0x00, 0xEF, 0x32, 0xFF, 0x10, 0x2F, 0xFD, 0x00, 0x3F, 0xE0, 0x0D,
    0xF4, 0x06, 0xFE, 0xF3, 0x07, 0xF9, 0x00, 0x9F, 0x80, 0xBF, 0x7F, 0x80, 0xAF, 0x50, 0x04, 0xFC,
    0x0E, 0xC2, 0xFC, 0x0E, 0xF1, 0x00, 0x1F, 0xF5, 0xF8, 0x0C, 0xF4, 0xFC, 0x00, 0x00, 0xBF, 0xCF,
    0x30, 0x7F, 0xCF, 0x70, 0x00, 0x07, 0xFF, 0xE0, 0x03, 0xFF, 0xF3, 0x00, 0x00, 0x2F, 0xF9, 0x00,
    0x0D, 0xFE, 0x00, 0x00, 0x4F, 0xF6, 0x00, 0x5F, 0xE2, 0x08, 0xFE, 0x11, 0xEF, 0x50, 0x00, 0xCF,
    0xA9, 0xFA, 0x00, 0x00, 0x2E, 0xFF, 0xD1, 0x00, 0x00, 0x0A, 0xFF, 0x60, 0x00, 0x00, 0x3F, 0xFF,
    0xE1, 0x00, 0x01, 0xDF, 0x6B, 0xFA, 0x00, 0x09, 0xFB, 0x02, 0xFF, 0x60, 0x5F, 0xF2, 0x00, 0x7F,
    0xE2, 0xAF, 0x90, 0x00, 0x1F, 0xF1, 0x5F, 0xE0, 0x00, 0x6F, 0xB0, 0x0E, 0xF4, 0x00, 0xBF, 0x60,
    0x09, 0xF9, 0x01, 0xFF, 0x10, 0x04, 0xFE, 0x06, 0xFB, 0x00, 0x00, 0xEF, 0x4B, 0xF6, 0x00, 0x00,
    0x9F, 0x8E, 0xF1, 0x00, 0x00, 0x4F, 0xFF, 0xA0, 0x00, 0x00, 0x0D, 0xFF, 0x50, 0x00, 0x00, 0x09,
    0xFE, 0x10, 0x00, 0x00, 0x0B, 0xFA, 0x00, 0x00, 0x09, 0xFF, 0xF4, 0x00, 0x00, 0x09, 0xFE, 0x70,
    0x00, 0x00, 0x3F, 0xFF, 0xFF, 0xFF, 0x43, 0xFF, 0xFF, 0xFF, 0xF4, 0x00, 0x00, 0x1D, 0xFB, 0x00,
    0x00, 0x1C, 0xFB, 0x00, 0x00, 0x1C, 0xFB, 0x10, 0x00, 0x1C, 0xFB, 0x10, 0x00, 0x1C, 0xFC, 0x10,
    0x00, 0x05, 0xFF, 0xFF, 0xFF, 0xF6, 0x5F, 0xFF, 0xFF, 0xFF, 0x60, 0x00, 0x6E, 0xF9, 0x00, 0xDF,
    0x30, 0x00, 0xDF, 0x30, 0x00, 0xDF, 0x30, 0x00, 0xDF, 0x30, 0x00, 0xEF, 0x30, 0x06, 0xFE, 0x10,
    0xAF, 0xE5, 0x00, 0xAF, 0x60, 0x00, 0xAF, 0xE6, 0x00, 0x05, 0xFF, 0x10, 0x00, 0xEF, 0x30, 0x00,
    0xDF, 0x30, 0x00, 0xDF, 0x30, 0x00, 0xDF, 0x30, 0x00, 0x7E, 0xF9, 0x9F, 0x59, 0xF5, 0x9F, 0x59,
    0xF5, 0x9F, 0x59, 0xF5, 0x9F, 0x59, 0xF5, 0x9F, 0x59, 0xF5, 0x9F, 0x59, 0xF5, 0x9F, 0x59, 0xF5,
    0x9F, 0x59, 0xF5, 0x1F, 0xFC, 0x10, 0x00, 0x0A, 0xF6, 0x00, 0x00, 0xAF, 0x70, 0x00, 0x0A, 0xF7,
    0x00, 0x00, 0xAF, 0x70, 0x00, 0x0A, 0xF7, 0x00, 0x00, 0x6F, 0xC2, 0x00, 0x00, 0xAF, 0xF3, 0x00,
    0x00, 0xDF, 0x30, 0x01, 0xBF, 0xF3, 0x00, 0x8F, 0xC2, 0x00, 0x0A, 0xF7, 0x00, 0x00, 0xAF, 0x70,
    0x00, 0x0A, 0xF7, 0x00, 0x00, 0xAF, 0x70, 0x01, 0xFF, 0xD2, 0x00, 0x4D, 0xEC, 0x83, 0x17, 0x4D,
    0xFF, 0xFF, 0xFF, 0xFA, 0x65, 0x14, 0x9D, 0xFC, 0x20, 0x5F, 0xFF, 0xFF, 0xFF, 0xFF, 0xFF, 0xF6,
    0x5F, 0xFF, 0xFF, 0xFF, 0xFF, 0xFF, 0xF6, 0x1D, 0xE4, 0x4F, 0xF9, 0x1D, 0xE4,
];

const STRONG_GLYPHS: &[Glyph; 97] = &[
    Glyph {
        advance: 4,
        left: 0,
        top: 0,
        width: 0,
        height: 0,
        offset: 0,
    },
    Glyph {
        advance: 6,
        left: 1,
        top: -13,
        width: 4,
        height: 13,
        offset: 0,
    },
    Glyph {
        advance: 8,
        left: 1,
        top: -13,
        width: 7,
        height: 6,
        offset: 26,
    },
    Glyph {
        advance: 12,
        left: 0,
        top: -13,
        width: 12,
        height: 13,
        offset: 47,
    },
    Glyph {
        advance: 11,
        left: 0,
        top: -15,
        width: 10,
        height: 17,
        offset: 125,
    },
    Glyph {
        advance: 17,
        left: 0,
        top: -13,
        width: 17,
        height: 13,
        offset: 210,
    },
    Glyph {
        advance: 13,
        left: 1,
        top: -13,
        width: 12,
        height: 13,
        offset: 321,
    },
    Glyph {
        advance: 5,
        left: 1,
        top: -13,
        width: 3,
        height: 6,
        offset: 399,
    },
    Glyph {
        advance: 6,
        left: 0,
        top: -14,
        width: 7,
        height: 16,
        offset: 408,
    },
    Glyph {
        advance: 6,
        left: -1,
        top: -14,
        width: 7,
        height: 16,
        offset: 464,
    },
    Glyph {
        advance: 10,
        left: 0,
        top: -13,
        width: 10,
        height: 9,
        offset: 520,
    },
    Glyph {
        advance: 11,
        left: 1,
        top: -11,
        width: 9,
        height: 10,
        offset: 565,
    },
    Glyph {
        advance: 5,
        left: 0,
        top: -3,
        width: 5,
        height: 5,
        offset: 610,
    },
    Glyph {
        advance: 7,
        left: 1,
        top: -6,
        width: 6,
        height: 2,
        offset: 623,
    },
    Glyph {
        advance: 5,
        left: 1,
        top: -3,
        width: 4,
        height: 3,
        offset: 629,
    },
    Glyph {
        advance: 8,
        left: 0,
        top: -13,
        width: 8,
        height: 16,
        offset: 635,
    },
    Glyph {
        advance: 11,
        left: 0,
        top: -13,
        width: 11,
        height: 13,
        offset: 699,
    },
    Glyph {
        advance: 11,
        left: 0,
        top: -13,
        width: 11,
        height: 13,
        offset: 771,
    },
    Glyph {
        advance: 11,
        left: 0,
        top: -13,
        width: 10,
        height: 13,
        offset: 843,
    },
    Glyph {
        advance: 11,
        left: 0,
        top: -13,
        width: 10,
        height: 13,
        offset: 908,
    },
    Glyph {
        advance: 11,
        left: 0,
        top: -13,
        width: 11,
        height: 13,
        offset: 973,
    },
    Glyph {
        advance: 11,
        left: 1,
        top: -13,
        width: 9,
        height: 13,
        offset: 1045,
    },
    Glyph {
        advance: 11,
        left: 0,
        top: -13,
        width: 10,
        height: 13,
        offset: 1104,
    },
    Glyph {
        advance: 11,
        left: 1,
        top: -13,
        width: 9,
        height: 13,
        offset: 1169,
    },
    Glyph {
        advance: 11,
        left: 0,
        top: -13,
        width: 10,
        height: 13,
        offset: 1228,
    },
    Glyph {
        advance: 11,
        left: 0,
        top: -13,
        width: 10,
        height: 13,
        offset: 1293,
    },
    Glyph {
        advance: 6,
        left: 1,
        top: -10,
        width: 4,
        height: 10,
        offset: 1358,
    },
    Glyph {
        advance: 6,
        left: 0,
        top: -10,
        width: 5,
        height: 12,
        offset: 1378,
    },
    Glyph {
        advance: 11,
        left: 1,
        top: -11,
        width: 9,
        height: 11,
        offset: 1408,
    },
    Glyph {
        advance: 11,
        left: 1,
        top: -8,
        width: 9,
        height: 6,
        offset: 1458,
    },
    Glyph {
        advance: 11,
        left: 1,
        top: -11,
        width: 9,
        height: 11,
        offset: 1485,
    },
    Glyph {
        advance: 9,
        left: 0,
        top: -13,
        width: 9,
        height: 13,
        offset: 1535,
    },
    Glyph {
        advance: 16,
        left: 1,
        top: -13,
        width: 15,
        height: 14,
        offset: 1594,
    },
    Glyph {
        advance: 12,
        left: 0,
        top: -13,
        width: 12,
        height: 13,
        offset: 1699,
    },
    Glyph {
        advance: 12,
        left: 1,
        top: -13,
        width: 11,
        height: 13,
        offset: 1777,
    },
    Glyph {
        advance: 12,
        left: 0,
        top: -13,
        width: 11,
        height: 13,
        offset: 1849,
    },
    Glyph {
        advance: 12,
        left: 1,
        top: -13,
        width: 11,
        height: 13,
        offset: 1921,
    },
    Glyph {
        advance: 11,
        left: 1,
        top: -13,
        width: 9,
        height: 13,
        offset: 1993,
    },
    Glyph {
        advance: 10,
        left: 1,
        top: -13,
        width: 9,
        height: 13,
        offset: 2052,
    },
    Glyph {
        advance: 13,
        left: 0,
        top: -13,
        width: 12,
        height: 13,
        offset: 2111,
    },
    Glyph {
        advance: 13,
        left: 1,
        top: -13,
        width: 11,
        height: 13,
        offset: 2189,
    },
    Glyph {
        advance: 8,
        left: 0,
        top: -13,
        width: 7,
        height: 13,
        offset: 2261,
    },
    Glyph {
        advance: 10,
        left: 0,
        top: -13,
        width: 9,
        height: 13,
        offset: 2307,
    },
    Glyph {
        advance: 12,
        left: 1,
        top: -13,
        width: 11,
        height: 13,
        offset: 2366,
    },
    Glyph {
        advance: 9,
        left: 1,
        top: -13,
        width: 8,
        height: 13,
        offset: 2438,
    },
    Glyph {
        advance: 15,
        left: 1,
        top: -13,
        width: 13,
        height: 13,
        offset: 2490,
    },
    Glyph {
        advance: 13,
        left: 1,
        top: -13,
        width: 11,
        height: 13,
        offset: 2575,
    },
    Glyph {
        advance: 13,
        left: 0,
        top: -13,
        width: 12,
        height: 13,
        offset: 2647,
    },
    Glyph {
        advance: 12,
        left: 1,
        top: -13,
        width: 10,
        height: 13,
        offset: 2725,
    },
    Glyph {
        advance: 13,
        left: 0,
        top: -13,
        width: 12,
        height: 16,
        offset: 2790,
    },
    Glyph {
        advance: 12,
        left: 1,
        top: -13,
        width: 11,
        height: 13,
        offset: 2886,
    },
    Glyph {
        advance: 11,
        left: 0,
        top: -13,
        width: 11,
        height: 13,
        offset: 2958,
    },
    Glyph {
        advance: 10,
        left: 0,
        top: -13,
        width: 10,
        height: 13,
        offset: 3030,
    },
    Glyph {
        advance: 12,
        left: 1,
        top: -13,
        width: 11,
        height: 13,
        offset: 3095,
    },
    Glyph {
        advance: 11,
        left: 0,
        top: -13,
        width: 12,
        height: 13,
        offset: 3167,
    },
    Glyph {
        advance: 17,
        left: 0,
        top: -13,
        width: 17,
        height: 13,
        offset: 3245,
    },
    Glyph {
        advance: 12,
        left: 0,
        top: -13,
        width: 12,
        height: 13,
        offset: 3356,
    },
    Glyph {
        advance: 11,
        left: 0,
        top: -13,
        width: 12,
        height: 13,
        offset: 3434,
    },
    Glyph {
        advance: 11,
        left: 0,
        top: -13,
        width: 11,
        height: 13,
        offset: 3512,
    },
    Glyph {
        advance: 6,
        left: 1,
        top: -14,
        width: 4,
        height: 16,
        offset: 3584,
    },
    Glyph {
        advance: 8,
        left: 0,
        top: -13,
        width: 8,
        height: 16,
        offset: 3616,
    },
    Glyph {
        advance: 6,
        left: 0,
        top: -14,
        width: 5,
        height: 16,
        offset: 3680,
    },
    Glyph {
        advance: 11,
        left: 0,
        top: -13,
        width: 10,
        height: 8,
        offset: 3720,
    },
    Glyph {
        advance: 10,
        left: 0,
        top: 1,
        width: 10,
        height: 2,
        offset: 3760,
    },
    Glyph {
        advance: 11,
        left: 2,
        top: -14,
        width: 5,
        height: 4,
        offset: 3770,
    },
    Glyph {
        advance: 10,
        left: 0,
        top: -9,
        width: 10,
        height: 9,
        offset: 3780,
    },
    Glyph {
        advance: 11,
        left: 1,
        top: -13,
        width: 9,
        height: 13,
        offset: 3825,
    },
    Glyph {
        advance: 9,
        left: 0,
        top: -9,
        width: 9,
        height: 9,
        offset: 3884,
    },
    Glyph {
        advance: 11,
        left: 0,
        top: -13,
        width: 10,
        height: 13,
        offset: 3925,
    },
    Glyph {
        advance: 10,
        left: 0,
        top: -9,
        width: 10,
        height: 9,
        offset: 3990,
    },
    Glyph {
        advance: 6,
        left: 0,
        top: -13,
        width: 7,
        height: 13,
        offset: 4035,
    },
    Glyph {
        advance: 10,
        left: 0,
        top: -11,
        width: 10,
        height: 15,
        offset: 4081,
    },
    Glyph {
        advance: 11,
        left: 1,
        top: -13,
        width: 9,
        height: 13,
        offset: 4156,
    },
    Glyph {
        advance: 5,
        left: 1,
        top: -13,
        width: 3,
        height: 13,
        offset: 4215,
    },
    Glyph {
        advance: 5,
        left: -1,
        top: -13,
        width: 5,
        height: 17,
        offset: 4235,
    },
    Glyph {
        advance: 10,
        left: 1,
        top: -13,
        width: 9,
        height: 13,
        offset: 4278,
    },
    Glyph {
        advance: 5,
        left: 1,
        top: -13,
        width: 4,
        height: 13,
        offset: 4337,
    },
    Glyph {
        advance: 16,
        left: 1,
        top: -9,
        width: 14,
        height: 9,
        offset: 4363,
    },
    Glyph {
        advance: 11,
        left: 1,
        top: -9,
        width: 9,
        height: 9,
        offset: 4426,
    },
    Glyph {
        advance: 10,
        left: 0,
        top: -9,
        width: 10,
        height: 9,
        offset: 4467,
    },
    Glyph {
        advance: 11,
        left: 1,
        top: -9,
        width: 9,
        height: 13,
        offset: 4512,
    },
    Glyph {
        advance: 11,
        left: 0,
        top: -9,
        width: 10,
        height: 13,
        offset: 4571,
    },
    Glyph {
        advance: 7,
        left: 1,
        top: -9,
        width: 6,
        height: 9,
        offset: 4636,
    },
    Glyph {
        advance: 9,
        left: 0,
        top: -9,
        width: 9,
        height: 9,
        offset: 4663,
    },
    Glyph {
        advance: 7,
        left: 0,
        top: -12,
        width: 7,
        height: 12,
        offset: 4704,
    },
    Glyph {
        advance: 11,
        left: 1,
        top: -9,
        width: 9,
        height: 9,
        offset: 4746,
    },
    Glyph {
        advance: 9,
        left: 0,
        top: -9,
        width: 10,
        height: 9,
        offset: 4787,
    },
    Glyph {
        advance: 15,
        left: 0,
        top: -9,
        width: 15,
        height: 9,
        offset: 4832,
    },
    Glyph {
        advance: 10,
        left: 0,
        top: -9,
        width: 10,
        height: 9,
        offset: 4900,
    },
    Glyph {
        advance: 9,
        left: 0,
        top: -9,
        width: 10,
        height: 13,
        offset: 4945,
    },
    Glyph {
        advance: 9,
        left: 0,
        top: -9,
        width: 9,
        height: 9,
        offset: 5010,
    },
    Glyph {
        advance: 7,
        left: 0,
        top: -14,
        width: 6,
        height: 16,
        offset: 5051,
    },
    Glyph {
        advance: 7,
        left: 2,
        top: -14,
        width: 3,
        height: 16,
        offset: 5099,
    },
    Glyph {
        advance: 7,
        left: 0,
        top: -14,
        width: 7,
        height: 16,
        offset: 5123,
    },
    Glyph {
        advance: 11,
        left: 1,
        top: -7,
        width: 9,
        height: 3,
        offset: 5179,
    },
    Glyph {
        advance: 14,
        left: 0,
        top: -6,
        width: 14,
        height: 2,
        offset: 5193,
    },
    Glyph {
        advance: 6,
        left: 1,
        top: -7,
        width: 4,
        height: 3,
        offset: 5207,
    },
];

pub(super) const STRONG: Font = Font {
    ascent: 19,
    descent: 5,
    glyphs: STRONG_GLYPHS,
    data: STRONG_DATA,
};

const BODY_DATA: &[u8] = &[
    0xB6, 0xB6, 0xB6, 0x95, 0x84, 0x72, 0x00, 0xB7, 0xB7, 0xD1, 0x95, 0xD1, 0x95, 0xD1, 0x95, 0x90,
    0x63, 0x00, 0x09, 0x40, 0xB1, 0x00, 0x00, 0xC1, 0x0C, 0x00, 0x0B, 0xFF, 0xFF, 0xFF, 0x60, 0x02,
    0xA0, 0x58, 0x00, 0x00, 0x57, 0x08, 0x50, 0x03, 0xFF, 0xFF, 0xFF, 0xE0, 0x00, 0xA3, 0x0C, 0x10,
    0x00, 0x0C, 0x10, 0xC0, 0x00, 0x00, 0xD0, 0x2B, 0x00, 0x00, 0x00, 0x07, 0x50, 0x00, 0x2B, 0xFE,
    0xA2, 0x0C, 0x78, 0x68, 0xA0, 0xF1, 0x74, 0x00, 0x0B, 0xBA, 0x50, 0x00, 0x17, 0xDF, 0xB2, 0x00,
    0x07, 0x58, 0xC0, 0x20, 0x74, 0x1E, 0x1E, 0x68, 0x58, 0xB0, 0x3B, 0xFE, 0xA1, 0x00, 0x07, 0x50,
    0x00, 0x06, 0xED, 0x40, 0x00, 0xA5, 0x00, 0x1D, 0x23, 0xC0, 0x06, 0x90, 0x00, 0x2C, 0x00, 0xE0,
    0x2C, 0x10, 0x00, 0x1D, 0x23, 0xC0, 0xB3, 0x00, 0x00, 0x06, 0xED, 0x47, 0x83, 0xDE, 0x70, 0x00,
    0x00, 0x3C, 0x0B, 0x41, 0xD1, 0x00, 0x01, 0xC2, 0x0D, 0x10, 0xB3, 0x00, 0x09, 0x60, 0x0B, 0x41,
    0xD1, 0x00, 0x4B, 0x00, 0x03, 0xDE, 0x70, 0x00, 0x6D, 0xE8, 0x00, 0x00, 0x2E, 0x22, 0xD3, 0x00,
    0x02, 0xD0, 0x0D, 0x20, 0x00, 0x0B, 0x9C, 0x60, 0x00, 0x01, 0xAE, 0x80, 0x6F, 0x70, 0xB6, 0x2D,
    0x78, 0x60, 0x0F, 0x10, 0x1D, 0xE2, 0x00, 0xD7, 0x12, 0xAF, 0x50, 0x03, 0xBE, 0xD8, 0x3E, 0x40,
    0xD1, 0xD1, 0xD1, 0x90, 0x02, 0xC2, 0x0B, 0x40, 0x3B, 0x00, 0x86, 0x00, 0xC2, 0x00, 0xD1, 0x00,
    0xD1, 0x00, 0xC2, 0x00, 0x86, 0x00, 0x3B, 0x00, 0x0B, 0x40, 0x02, 0xC2, 0x95, 0x00, 0x0C, 0x20,
    0x06, 0x90, 0x01, 0xD0, 0x00, 0xC2, 0x00, 0xB3, 0x00, 0xB3, 0x00, 0xC2, 0x01, 0xD0, 0x05, 0x90,
    0x0C, 0x20, 0x95, 0x00, 0x00, 0x85, 0x00, 0x47, 0x97, 0x82, 0x26, 0xED, 0x61, 0x06, 0xAB, 0x30,
    0x06, 0x12, 0x40, 0x00, 0x06, 0x40, 0x00, 0x00, 0x96, 0x00, 0x00, 0x09, 0x60, 0x02, 0xFF, 0xFF,
    0xFE, 0x00, 0x09, 0x60, 0x00, 0x00, 0x96, 0x00, 0x00, 0x06, 0x40, 0x00, 0x0D, 0x60, 0xD6, 0x19,
    0x00, 0x2F, 0xFF, 0x40, 0x0C, 0x60, 0xC6, 0x00, 0x09, 0x50, 0x00, 0xD1, 0x00, 0x3B, 0x00, 0x07,
    0x70, 0x00, 0xB3, 0x00, 0x1D, 0x00, 0x05, 0x90, 0x00, 0x95, 0x00, 0x0D, 0x10, 0x03, 0xB0, 0x00,
    0x77, 0x00, 0x0B, 0x30, 0x00, 0x01, 0xAE, 0xE8, 0x00, 0x9A, 0x12, 0xC6, 0x0E, 0x20, 0x05, 0xB2,
    0xE0, 0x00, 0x2E, 0x3E, 0x00, 0x02, 0xF2, 0xE0, 0x00, 0x2E, 0x0E, 0x20, 0x05, 0xB0, 0x9A, 0x12,
    0xC6, 0x01, 0xAE, 0xE8, 0x00, 0x00, 0x8F, 0xC0, 0x00, 0x1A, 0xC6, 0xC0, 0x00, 0x1A, 0x15, 0xC0,
    0x00, 0x00, 0x05, 0xC0, 0x00, 0x00, 0x05, 0xC0, 0x00, 0x00, 0x05, 0xC0, 0x00, 0x00, 0x05, 0xC0,
    0x00, 0x00, 0x05, 0xC0, 0x00, 0x0D, 0xFF, 0xFF, 0xF2, 0x02, 0xAE, 0xD7, 0x00, 0xC8, 0x13, 0xE5,
    0x05, 0x00, 0x09, 0x80, 0x00, 0x00, 0xB6, 0x00, 0x00, 0x6D, 0x10, 0x00, 0x6D, 0x20, 0x00, 0x8C,
    0x20, 0x00, 0x9B, 0x10, 0x00, 0x0F, 0xFF, 0xFF, 0xE0, 0x03, 0xCE, 0xD6, 0x00, 0xC6, 0x04, 0xE3,
    0x00, 0x00, 0x0C, 0x50, 0x00, 0x05, 0xD1, 0x00, 0x9F, 0xE4, 0x00, 0x00, 0x03, 0xD3, 0x01, 0x00,
    0x09, 0x83, 0xD3, 0x03, 0xD4, 0x06, 0xDF, 0xD6, 0x00, 0x00, 0x01, 0xEE, 0x00, 0x00, 0x0A, 0x8E,
    0x00, 0x00, 0x4B, 0x2E, 0x00, 0x01, 0xD2, 0x2E, 0x00, 0x09, 0x70, 0x2E, 0x00, 0x3C, 0x00, 0x2E,
    0x00, 0x8F, 0xFF, 0xFF, 0xF4, 0x00, 0x00, 0x2E, 0x00, 0x00, 0x00, 0x2E, 0x00, 0x6F, 0xFF, 0xF7,
    0x87, 0x00, 0x00, 0x96, 0x00, 0x00, 0xA7, 0xDE, 0x91, 0x78, 0x12, 0xC8, 0x00, 0x00, 0x5C, 0x10,
    0x00, 0x5C, 0xB7, 0x12, 0xC7, 0x2B, 0xED, 0x80, 0x00, 0x08, 0xB1, 0x00, 0x08, 0xA0, 0x00, 0x03,
    0xC0, 0x00, 0x00, 0xB8, 0xDE, 0xA1, 0x0F, 0x81, 0x2B, 0x91, 0xF1, 0x00, 0x4D, 0x0F, 0x10, 0x04,
    0xC0, 0xA9, 0x12, 0xB7, 0x01, 0xAE, 0xD8, 0x00, 0x2F, 0xFF, 0xFF, 0xD2, 0xD0, 0x00, 0x7A, 0x2D,
    0x00, 0x0D, 0x30, 0x00, 0x05, 0xC0, 0x00, 0x00, 0xC5, 0x00, 0x00, 0x3E, 0x00, 0x00, 0x0A, 0x80,
    0x00, 0x01, 0xE1, 0x00, 0x00, 0x8A, 0x00, 0x00, 0x02, 0xBE, 0xEA, 0x10, 0x0C, 0x81, 0x1B, 0x90,
    0x0E, 0x30, 0x06, 0xB0, 0x09, 0x81, 0x1B, 0x60, 0x01, 0xCF, 0xFA, 0x00, 0x1D, 0x61, 0x19, 0xA0,
    0x3E, 0x00, 0x02, 0xF0, 0x1E, 0x61, 0x19, 0xC0, 0x03, 0xBE, 0xEA, 0x20, 0x01, 0xAE, 0xD8, 0x00,
    0xA9, 0x12, 0xB7, 0x1F, 0x10, 0x04, 0xC1, 0xF1, 0x00, 0x4D, 0x0C, 0x91, 0x2A, 0xC0, 0x2B, 0xEC,
    0x97, 0x00, 0x00, 0x2D, 0x10, 0x00, 0x1C, 0x50, 0x00, 0x3C, 0x50, 0x00, 0xB8, 0xB8, 0x00, 0x00,
    0x00, 0xB8, 0xB8, 0x0B, 0x80, 0xB8, 0x00, 0x00, 0x00, 0x00, 0x00, 0xB8, 0x0C, 0x81, 0x91, 0x00,
    0x00, 0x68, 0x00, 0x4C, 0x92, 0x3B, 0xB3, 0x00, 0xC8, 0x00, 0x00, 0x3B, 0xB3, 0x00, 0x00, 0x4C,
    0x92, 0x00, 0x00, 0x68, 0x2F, 0xFF, 0xFF, 0xE0, 0x00, 0x00, 0x00, 0x00, 0x00, 0x00, 0x02, 0xFF,
    0xFF, 0xFE, 0xA4, 0x00, 0x00, 0x3B, 0xB3, 0x00, 0x00, 0x4C, 0x91, 0x00, 0x00, 0xB9, 0x00, 0x4C,
    0x91, 0x3B, 0xB3, 0x00, 0xA4, 0x00, 0x00, 0x07, 0xDE, 0xA1, 0x6C, 0x21, 0xB8, 0x33, 0x00, 0x6A,
    0x00, 0x01, 0xB6, 0x00, 0x8D, 0x80, 0x00, 0xA5, 0x00, 0x00, 0x00, 0x00, 0x00, 0xB7, 0x00, 0x00,
    0xB7, 0x00, 0x00, 0x06, 0xCE, 0xEC, 0x60, 0x00, 0x0A, 0xC4, 0x11, 0x5C, 0x90, 0x06, 0xA0, 0x00,
    0x00, 0x0C, 0x40, 0xC1, 0x1B, 0xE8, 0xC0, 0x49, 0x1C, 0x09, 0x91, 0x3E, 0x02, 0xB2, 0xB0, 0xB5,
    0x00, 0xE0, 0x3A, 0x1C, 0x09, 0x90, 0x3E, 0x18, 0x60, 0xD1, 0x1B, 0xE8, 0x7E, 0xA0, 0x07, 0x90,
    0x00, 0x00, 0x00, 0x00, 0x0B, 0xB3, 0x00, 0x00, 0x00, 0x00, 0x07, 0xCF, 0xFF, 0xC0, 0x00, 0x00,
    0x0B, 0xF1, 0x00, 0x00, 0x1D, 0xA6, 0x00, 0x00, 0x68, 0x4B, 0x00, 0x00, 0xB2, 0x0D, 0x10, 0x02,
    0xB0, 0x07, 0x70, 0x07, 0xFF, 0xFF, 0xC0, 0x0C, 0x20, 0x00, 0xD2, 0x3D, 0x00, 0x00, 0x88, 0x88,
    0x00, 0x00, 0x4D, 0xCF, 0xFF, 0xE7, 0x0C, 0x40, 0x03, 0xE3, 0xC4, 0x00, 0x0C, 0x5C, 0x40, 0x03,
    0xE1, 0xCF, 0xFF, 0xF7, 0x0C, 0x40, 0x01, 0xC6, 0xC4, 0x00, 0x08, 0x9C, 0x40, 0x01, 0xC6, 0xCF,
    0xFF, 0xE9, 0x00, 0x00, 0x7D, 0xFC, 0x40, 0x07, 0xD3, 0x14, 0xE3, 0x0E, 0x30, 0x00, 0x41, 0x3F,
    0x00, 0x00, 0x00, 0x4E, 0x00, 0x00, 0x00, 0x3E, 0x00, 0x00, 0x00, 0x0E, 0x30, 0x00, 0x42, 0x08,
    0xC3, 0x14, 0xE3, 0x00, 0x8D, 0xFC, 0x40, 0xCF, 0xFF, 0xC4, 0x0C, 0x40, 0x15, 0xE3, 0xC4, 0x00,
    0x07, 0xAC, 0x40, 0x00, 0x4D, 0xC4, 0x00, 0x03, 0xEC, 0x40, 0x00, 0x4D, 0xC4, 0x00, 0x07, 0xAC,
    0x40, 0x15, 0xE3, 0xCF, 0xFF, 0xC4, 0x00, 0xCF, 0xFF, 0xFB, 0xC4, 0x00, 0x00, 0xC4, 0x00, 0x00,
    0xC4, 0x00, 0x00, 0xCF, 0xFF, 0xF7, 0xC4, 0x00, 0x00, 0xC4, 0x00, 0x00, 0xC4, 0x00, 0x00, 0xCF,
    0xFF, 0xFB, 0xCF, 0xFF, 0xF9, 0xC4, 0x00, 0x00, 0xC4, 0x00, 0x00, 0xC4, 0x00, 0x00, 0xCF, 0xFF,
    0xF4, 0xC4, 0x00, 0x00, 0xC4, 0x00, 0x00, 0xC4, 0x00, 0x00, 0xC4, 0x00, 0x00, 0x00, 0x6D, 0xFD,
    0x70, 0x00, 0x6D, 0x41, 0x3C, 0x90, 0x0E, 0x40, 0x00, 0x14, 0x02, 0xF0, 0x00, 0x00, 0x00, 0x4E,
    0x00, 0x0F, 0xFF, 0x12, 0xF0, 0x00, 0x00, 0xF1, 0x0E, 0x40, 0x00, 0x1F, 0x10, 0x7D, 0x41, 0x2A,
    0xE1, 0x00, 0x6D, 0xFD, 0x5E, 0x10, 0xC4, 0x00, 0x02, 0xFC, 0x40, 0x00, 0x2F, 0xC4, 0x00, 0x02,
    0xFC, 0x40, 0x00, 0x2F, 0xCF, 0xFF, 0xFF, 0xFC, 0x40, 0x00, 0x2F, 0xC4, 0x00, 0x02, 0xFC, 0x40,
    0x00, 0x2F, 0xC4, 0x00, 0x02, 0xF0, 0x3F, 0xFF, 0x60, 0x0E, 0x20, 0x00, 0xE2, 0x00, 0x0E, 0x20,
    0x00, 0xE2, 0x00, 0x0E, 0x20, 0x00, 0xE2, 0x00, 0x0E, 0x20, 0x3F, 0xFF, 0x60, 0x0B, 0xFF, 0xF7,
    0x00, 0x00, 0x97, 0x00, 0x00, 0x97, 0x00, 0x00, 0x97, 0x00, 0x00, 0x97, 0x00, 0x00, 0x97, 0x22,
    0x00, 0xA7, 0x6C, 0x12, 0xE4, 0x09, 0xEE, 0x70, 0xC4, 0x00, 0x2D, 0x4C, 0x40, 0x1C, 0x60, 0xC4,
    0x0B, 0x80, 0x0C, 0x48, 0xA0, 0x00, 0xCA, 0xDC, 0x00, 0x0C, 0xB0, 0xB7, 0x00, 0xC4, 0x02, 0xE3,
    0x0C, 0x40, 0x06, 0xD1, 0xC4, 0x00, 0x0B, 0x90, 0xC4, 0x00, 0x00, 0xC4, 0x00, 0x00, 0xC4, 0x00,
    0x00, 0xC4, 0x00, 0x00, 0xC4, 0x00, 0x00, 0xC4, 0x00, 0x00, 0xC4, 0x00, 0x00, 0xC4, 0x00, 0x00,
    0xCF, 0xFF, 0xF2, 0xCD, 0x00, 0x00, 0x5F, 0x5C, 0xD7, 0x00, 0x0D, 0xD5, 0xC6, 0xE1, 0x06, 0xAB,
    0x5C, 0x49, 0x70, 0xD3, 0xB5, 0xC4, 0x2E, 0x79, 0x0B, 0x5C, 0x40, 0x8F, 0x20, 0xB5, 0xC4, 0x01,
    0x70, 0x0B, 0x5C, 0x40, 0x00, 0x00, 0xB5, 0xC4, 0x00, 0x00, 0x0B, 0x50, 0xCB, 0x00, 0x01, 0xFC,
    0xE6, 0x00, 0x1F, 0xC7, 0xE1, 0x01, 0xFC, 0x49, 0x90, 0x1F, 0xC4, 0x1E, 0x31, 0xFC, 0x40, 0x6C,
    0x1F, 0xC4, 0x00, 0xC6, 0xFC, 0x40, 0x03, 0xEF, 0xC4, 0x00, 0x09, 0xF0, 0x00, 0x6D, 0xFD, 0x80,
    0x00, 0x6D, 0x41, 0x3C, 0x90, 0x0E, 0x30, 0x00, 0x1E, 0x23, 0xF0, 0x00, 0x00, 0xC5, 0x4E, 0x00,
    0x00, 0x0B, 0x73, 0xF0, 0x00, 0x00, 0xC5, 0x0E, 0x30, 0x00, 0x1E, 0x20, 0x7D, 0x41, 0x3B, 0xA0,
    0x00, 0x6D, 0xFD, 0x80, 0x00, 0xCF, 0xFF, 0xD6, 0x0C, 0x40, 0x03, 0xE2, 0xC4, 0x00, 0x0C, 0x5C,
    0x40, 0x03, 0xE2, 0xCF, 0xFF, 0xD6, 0x0C, 0x40, 0x00, 0x00, 0xC4, 0x00, 0x00, 0x0C, 0x40, 0x00,
    0x00, 0xC4, 0x00, 0x00, 0x00, 0x00, 0x6D, 0xFD, 0x80, 0x00, 0x6D, 0x41, 0x3C, 0x90, 0x0E, 0x30,
    0x00, 0x1E, 0x23, 0xF0, 0x00, 0x00, 0xC5, 0x3E, 0x00, 0x00, 0x0B, 0x62, 0xF0, 0x00, 0x00, 0xC5,
    0x0E, 0x30, 0x00, 0x1E, 0x20, 0x6D, 0x41, 0x3B, 0x90, 0x00, 0x6C, 0xFD, 0x70, 0x00, 0x00, 0x0C,
    0x30, 0x00, 0x00, 0x00, 0x9F, 0x90, 0x00, 0xCF, 0xFF, 0xD6, 0x0C, 0x40, 0x03, 0xE2, 0xC4, 0x00,
    0x0C, 0x5C, 0x40, 0x03, 0xE2, 0xCF, 0xFF, 0xE6, 0x0C, 0x40, 0x5C, 0x00, 0xC4, 0x00, 0xD5, 0x0C,
    0x40, 0x05, 0xD0, 0xC4, 0x00, 0x0D, 0x60, 0x03, 0xBE, 0xE9, 0x10, 0xE5, 0x12, 0xA8, 0x2E, 0x00,
    0x00, 0x00, 0xDA, 0x41, 0x00, 0x01, 0x8D, 0xFA, 0x10, 0x00, 0x01, 0xAA, 0x01, 0x00, 0x04, 0xC3,
    0xE5, 0x12, 0xA8, 0x04, 0xCF, 0xD9, 0x10, 0xBF, 0xFF, 0xFF, 0xF2, 0x00, 0x0C, 0x40, 0x00, 0x00,
    0x0C, 0x40, 0x00, 0x00, 0x0C, 0x40, 0x00, 0x00, 0x0C, 0x40, 0x00, 0x00, 0x0C, 0x40, 0x00, 0x00,
    0x0C, 0x40, 0x00, 0x00, 0x0C, 0x40, 0x00, 0x00, 0x0C, 0x40, 0x00, 0xD4, 0x00, 0x06, 0xAD, 0x40,
    0x00, 0x6A, 0xD4, 0x00, 0x06, 0xAD, 0x40, 0x00, 0x6A, 0xD4, 0x00, 0x06, 0xAC, 0x40, 0x00, 0x7A,
    0xB6, 0x00, 0x09, 0x86, 0xD3, 0x14, 0xE3, 0x08, 0xEF, 0xD6, 0x00, 0x99, 0x00, 0x00, 0xA7, 0x4E,
    0x00, 0x00, 0xE2, 0x0D, 0x40, 0x05, 0xC0, 0x08, 0x90, 0x0A, 0x70, 0x03, 0xE0, 0x0E, 0x20, 0x00,
    0xD3, 0x4C, 0x00, 0x00, 0x88, 0x97, 0x00, 0x00, 0x3C, 0xD2, 0x00, 0x00, 0x0D, 0xC0, 0x00, 0x98,
    0x00, 0x0E, 0x80, 0x00, 0xE3, 0x6B, 0x00, 0x4C, 0xC0, 0x02, 0xE0, 0x2E, 0x00, 0x86, 0xD1, 0x06,
    0xA0, 0x0D, 0x30, 0xC2, 0xA5, 0x09, 0x60, 0x0A, 0x61, 0xD0, 0x68, 0x0D, 0x20, 0x06, 0xA4, 0x90,
    0x2C, 0x2E, 0x00, 0x02, 0xD8, 0x50, 0x0D, 0x6A, 0x00, 0x00, 0xDD, 0x10, 0x09, 0xD6, 0x00, 0x00,
    0xAC, 0x00, 0x05, 0xF2, 0x00, 0x4E, 0x10, 0x01, 0xE4, 0x09, 0xA0, 0x0A, 0x90, 0x01, 0xE4, 0x4D,
    0x10, 0x00, 0x5D, 0xD4, 0x00, 0x00, 0x0D, 0xD0, 0x00, 0x00, 0x6B, 0xD6, 0x00, 0x02, 0xE2, 0x3E,
    0x10, 0x0B, 0x80, 0x09, 0xA0, 0x5D, 0x00, 0x01, 0xE5, 0x8B, 0x00, 0x01, 0xE4, 0x1D, 0x50, 0x09,
    0x90, 0x05, 0xD1, 0x3E, 0x10, 0x00, 0xB8, 0xC5, 0x00, 0x00, 0x2F, 0xB0, 0x00, 0x00, 0x0B, 0x60,
    0x00, 0x00, 0x0B, 0x60, 0x00, 0x00, 0x0B, 0x60, 0x00, 0x00, 0x0B, 0x60, 0x00, 0x4F, 0xFF, 0xFF,
    0xD0, 0x00, 0x00, 0x0A, 0x80, 0x00, 0x00, 0x6C, 0x00, 0x00, 0x03, 0xD2, 0x00, 0x00, 0x1D, 0x40,
    0x00, 0x00, 0xA8, 0x00, 0x00, 0x06, 0xB0, 0x00, 0x00, 0x3D, 0x20, 0x00, 0x00, 0x8F, 0xFF, 0xFF,
    0xF1, 0xCF, 0x5C, 0x20, 0xC2, 0x0C, 0x20, 0xC2, 0x0C, 0x20, 0xC2, 0x0C, 0x20, 0xC2, 0x0C, 0x20,
    0xC2, 0x0C, 0xF5, 0x59, 0x00, 0x01, 0xD0, 0x00, 0x0C, 0x20, 0x00, 0x87, 0x00, 0x03, 0xB0, 0x00,
    0x0D, 0x00, 0x00, 0xA4, 0x00, 0x06, 0x80, 0x00, 0x1D, 0x00, 0x00, 0xC2, 0x00, 0x08, 0x60, 0x00,
    0x4A, 0x3F, 0xE0, 0x0D, 0x00, 0xD0, 0x0D, 0x00, 0xD0, 0x0D, 0x00, 0xD0, 0x0D, 0x00, 0xD0, 0x0D,
    0x00, 0xD3, 0xFE, 0x00, 0x1D, 0xB0, 0x00, 0x00, 0x79, 0xC4, 0x00, 0x01, 0xD1, 0x3D, 0x00, 0x09,
    0x60, 0x0A, 0x60, 0x2C, 0x00, 0x02, 0xD0, 0x01, 0x00, 0x00, 0x10, 0x9F, 0xFF, 0xFF, 0xE0, 0x23,
    0x03, 0xD0, 0x08, 0x40, 0x06, 0xDE, 0xB2, 0x00, 0xA2, 0x19, 0x90, 0x00, 0x00, 0x4C, 0x00, 0x8E,
    0xFF, 0xC0, 0x5C, 0x20, 0x4C, 0x05, 0xC2, 0x18, 0xC0, 0x0A, 0xED, 0x3C, 0x80, 0xD2, 0x00, 0x00,
    0xD2, 0x00, 0x00, 0xD2, 0x00, 0x00, 0xD6, 0xDE, 0x80, 0xD8, 0x12, 0xC6, 0xD2, 0x00, 0x5B, 0xD2,
    0x00, 0x4D, 0xD2, 0x00, 0x5B, 0xD8, 0x12, 0xC6, 0xD6, 0xDE, 0x80, 0x02, 0xBE, 0xD4, 0x00, 0xD6,
    0x14, 0xD0, 0x4C, 0x00, 0x00, 0x05, 0xB0, 0x00, 0x00, 0x4C, 0x00, 0x00, 0x00, 0xD6, 0x14, 0xD0,
    0x02, 0xBE, 0xD4, 0x00, 0x00, 0x00, 0x09, 0x70, 0x00, 0x00, 0x97, 0x00, 0x00, 0x09, 0x70, 0x3C,
    0xEA, 0xA7, 0x0D, 0x61, 0x3D, 0x73, 0xD0, 0x00, 0x97, 0x5C, 0x00, 0x09, 0x73, 0xD0, 0x00, 0x97,
    0x0D, 0x61, 0x3D, 0x70, 0x3C, 0xEA, 0x97, 0x02, 0xBE, 0xD3, 0x00, 0xD6, 0x14, 0xE1, 0x4C, 0x00,
    0x0A, 0x65, 0xFF, 0xFF, 0xF8, 0x4B, 0x00, 0x00, 0x00, 0xD5, 0x13, 0xB1, 0x02, 0xBE, 0xD6, 0x00,
    0x03, 0xEE, 0x08, 0x80, 0x08, 0x80, 0x9F, 0xFE, 0x08, 0x80, 0x08, 0x80, 0x08, 0x80, 0x08, 0x80,
    0x08, 0x80, 0x08, 0x80, 0x00, 0x00, 0x2E, 0x80, 0x3C, 0xED, 0x50, 0x0D, 0x51, 0x7C, 0x01, 0xF0,
    0x02, 0xE0, 0x0D, 0x50, 0x6B, 0x00, 0x3E, 0xEB, 0x20, 0x0C, 0x20, 0x00, 0x00, 0xAF, 0xFF, 0xC3,
    0x3A, 0x00, 0x07, 0xA6, 0xB1, 0x01, 0x89, 0x19, 0xEF, 0xEA, 0x10, 0xD2, 0x00, 0x00, 0xD2, 0x00,
    0x00, 0xD2, 0x00, 0x00, 0xD6, 0xDE, 0x70, 0xD8, 0x13, 0xE2, 0xD2, 0x00, 0xB5, 0xD2, 0x00, 0xB5,
    0xD2, 0x00, 0xB5, 0xD2, 0x00, 0xB5, 0xD2, 0x00, 0xB5, 0xD2, 0x00, 0x00, 0xD2, 0xD2, 0xD2, 0xD2,
    0xD2, 0xD2, 0xD2, 0x0D, 0x20, 0x00, 0x00, 0x00, 0xD2, 0x0D, 0x20, 0xD2, 0x0D, 0x20, 0xD2, 0x0D,
    0x20, 0xD2, 0x0D, 0x20, 0xD2, 0xFB, 0x00, 0xD2, 0x00, 0x00, 0xD2, 0x00, 0x00, 0xD2, 0x00, 0x00,
    0xD2, 0x05, 0xD1, 0xD2, 0x4D, 0x20, 0xD5, 0xE3, 0x00, 0xDD, 0xC6, 0x00, 0xD4, 0x3E, 0x10, 0xD2,
    0x08, 0xA0, 0xD2, 0x01, 0xD5, 0xD2, 0x0D, 0x20, 0xD2, 0x0D, 0x20, 0xD2, 0x0D, 0x20, 0xD2, 0x0D,
    0x20, 0xD2, 0x0A, 0xF2, 0xD6, 0xDE, 0x64, 0xDE, 0x70, 0xD7, 0x14, 0xF8, 0x13, 0xE2, 0xD2, 0x00,
    0xD4, 0x00, 0xC4, 0xD2, 0x00, 0xC4, 0x00, 0xB5, 0xD2, 0x00, 0xC4, 0x00, 0xB5, 0xD2, 0x00, 0xC4,
    0x00, 0xB5, 0xD2, 0x00, 0xC4, 0x00, 0xB5, 0xD6, 0xDE, 0x70, 0xD8, 0x13, 0xE2, 0xD2, 0x00, 0xB5,
    0xD2, 0x00, 0xB5, 0xD2, 0x00, 0xB5, 0xD2, 0x00, 0xB5, 0xD2, 0x00, 0xB5, 0x02, 0xBE, 0xC4, 0x00,
    0xD6, 0x13, 0xD2, 0x4C, 0x00, 0x08, 0x85, 0xB0, 0x00, 0x7A, 0x4C, 0x00, 0x08, 0x80, 0xD6, 0x13,
    0xD2, 0x02, 0xBE, 0xC4, 0x00, 0xD6, 0xDE, 0x80, 0xD8, 0x12, 0xC6, 0xD2, 0x00, 0x5B, 0xD2, 0x00,
    0x4D, 0xD2, 0x00, 0x5B, 0xD8, 0x12, 0xC6, 0xD6, 0xDE, 0x80, 0xD2, 0x00, 0x00, 0xD2, 0x00, 0x00,
    0xD2, 0x00, 0x00, 0x03, 0xCE, 0xAA, 0x70, 0xD6, 0x13, 0xD7, 0x3D, 0x00, 0x09, 0x75, 0xC0, 0x00,
    0x97, 0x3D, 0x00, 0x09, 0x70, 0xD6, 0x13, 0xD7, 0x03, 0xCE, 0xA9, 0x70, 0x00, 0x00, 0x97, 0x00,
    0x00, 0x09, 0x70, 0x00, 0x00, 0x97, 0xD6, 0xD8, 0xD8, 0x10, 0xD2, 0x00, 0xD2, 0x00, 0xD2, 0x00,
    0xD2, 0x00, 0xD2, 0x00, 0x07, 0xEE, 0x90, 0x2D, 0x21, 0x83, 0x2E, 0x41, 0x00, 0x07, 0xDF, 0xB2,
    0x00, 0x01, 0xA8, 0x4B, 0x21, 0x97, 0x07, 0xEE, 0xA1, 0x06, 0x80, 0x07, 0x80, 0x9F, 0xFF, 0x08,
    0x80, 0x08, 0x80, 0x08, 0x80, 0x08, 0x80, 0x08, 0x80, 0x04, 0xFD, 0xE1, 0x00, 0xC4, 0xE1, 0x00,
    0xC4, 0xE1, 0x00, 0xC4, 0xE1, 0x00, 0xC4, 0xE2, 0x00, 0xC4, 0xB8, 0x14, 0xE4, 0x3C, 0xE9, 0xC4,
    0x97, 0x00, 0x1E, 0x14, 0xC0, 0x05, 0xA0, 0x0E, 0x20, 0xA5, 0x00, 0x97, 0x1E, 0x00, 0x04, 0xB5,
    0xA0, 0x00, 0x0D, 0xB5, 0x00, 0x00, 0x9E, 0x00, 0x00, 0x78, 0x00, 0x99, 0x00, 0x87, 0x3C, 0x00,
    0xCD, 0x00, 0xB3, 0x0E, 0x02, 0xAB, 0x30, 0xE0, 0x0A, 0x36, 0x67, 0x73, 0xA0, 0x07, 0x7A, 0x23,
    0xB7, 0x60, 0x03, 0xBC, 0x00, 0xDB, 0x30, 0x00, 0xE9, 0x00, 0x9E, 0x00, 0x4D, 0x10, 0x4D, 0x10,
    0x99, 0x1D, 0x30, 0x01, 0xDB, 0x80, 0x00, 0x06, 0xF1, 0x00, 0x01, 0xDA, 0xA0, 0x00, 0xA7, 0x0D,
    0x50, 0x6C, 0x00, 0x3D, 0x10, 0x96, 0x00, 0x0E, 0x24, 0xB0, 0x04, 0xB0, 0x0E, 0x10, 0x96, 0x00,
    0x96, 0x0D, 0x10, 0x04, 0xB4, 0xB0, 0x00, 0x0D, 0x96, 0x00, 0x00, 0x9F, 0x10, 0x00, 0x05, 0xB0,
    0x00, 0x00, 0x96, 0x00, 0x00, 0xCC, 0x10, 0x00, 0x7F, 0xFF, 0xF7, 0x00, 0x03, 0xD2, 0x00, 0x1D,
    0x40, 0x00, 0xA8, 0x00, 0x06, 0xB0, 0x00, 0x3D, 0x10, 0x00, 0x9F, 0xFF, 0xF9, 0x04, 0xFA, 0x07,
    0x70, 0x07, 0x70, 0x1A, 0x60, 0xBD, 0x20, 0xB3, 0x00, 0xBD, 0x10, 0x1A, 0x60, 0x07, 0x70, 0x07,
    0x70, 0x07, 0x70, 0x04, 0xFA, 0x67, 0x67, 0x67, 0x67, 0x67, 0x67, 0x67, 0x67, 0x67, 0x67, 0x67,
    0x67, 0x3F, 0xB0, 0x00, 0x0D, 0x00, 0x00, 0xD0, 0x00, 0x0E, 0x30, 0x00, 0x9F, 0x30, 0x00, 0xB3,
    0x00, 0x7F, 0x30, 0x0E, 0x30, 0x00, 0xD0, 0x00, 0x0D, 0x00, 0x00, 0xD0, 0x03, 0xFA, 0x00, 0x0A,
    0xEB, 0x41, 0x81, 0x81, 0x5C, 0xE7, 0x8F, 0xFF, 0xFF, 0xFF, 0xFA, 0x7B, 0x7B,
];

const BODY_GLYPHS: &[Glyph; 97] = &[
    Glyph {
        advance: 3,
        left: 0,
        top: 0,
        width: 0,
        height: 0,
        offset: 0,
    },
    Glyph {
        advance: 4,
        left: 1,
        top: -9,
        width: 2,
        height: 9,
        offset: 0,
    },
    Glyph {
        advance: 5,
        left: 1,
        top: -10,
        width: 4,
        height: 4,
        offset: 9,
    },
    Glyph {
        advance: 9,
        left: 0,
        top: -9,
        width: 9,
        height: 9,
        offset: 17,
    },
    Glyph {
        advance: 8,
        left: 0,
        top: -10,
        width: 7,
        height: 11,
        offset: 58,
    },
    Glyph {
        advance: 12,
        left: 0,
        top: -9,
        width: 12,
        height: 9,
        offset: 97,
    },
    Glyph {
        advance: 9,
        left: 0,
        top: -9,
        width: 9,
        height: 9,
        offset: 151,
    },
    Glyph {
        advance: 3,
        left: 1,
        top: -10,
        width: 2,
        height: 4,
        offset: 192,
    },
    Glyph {
        advance: 4,
        left: 1,
        top: -10,
        width: 4,
        height: 12,
        offset: 196,
    },
    Glyph {
        advance: 4,
        left: 0,
        top: -10,
        width: 4,
        height: 12,
        offset: 220,
    },
    Glyph {
        advance: 6,
        left: 0,
        top: -10,
        width: 6,
        height: 5,
        offset: 244,
    },
    Glyph {
        advance: 8,
        left: 0,
        top: -7,
        width: 7,
        height: 7,
        offset: 259,
    },
    Glyph {
        advance: 4,
        left: 0,
        top: -2,
        width: 3,
        height: 3,
        offset: 284,
    },
    Glyph {
        advance: 5,
        left: 0,
        top: -4,
        width: 5,
        height: 1,
        offset: 289,
    },
    Glyph {
        advance: 4,
        left: 0,
        top: -2,
        width: 3,
        height: 2,
        offset: 292,
    },
    Glyph {
        advance: 5,
        left: 0,
        top: -10,
        width: 5,
        height: 12,
        offset: 295,
    },
    Glyph {
        advance: 8,
        left: 0,
        top: -9,
        width: 7,
        height: 9,
        offset: 325,
    },
    Glyph {
        advance: 8,
        left: 0,
        top: -9,
        width: 8,
        height: 9,
        offset: 357,
    },
    Glyph {
        advance: 8,
        left: 0,
        top: -9,
        width: 7,
        height: 9,
        offset: 393,
    },
    Glyph {
        advance: 8,
        left: 0,
        top: -9,
        width: 7,
        height: 9,
        offset: 425,
    },
    Glyph {
        advance: 8,
        left: 0,
        top: -9,
        width: 8,
        height: 9,
        offset: 457,
    },
    Glyph {
        advance: 8,
        left: 1,
        top: -9,
        width: 6,
        height: 9,
        offset: 493,
    },
    Glyph {
        advance: 8,
        left: 0,
        top: -9,
        width: 7,
        height: 9,
        offset: 520,
    },
    Glyph {
        advance: 8,
        left: 0,
        top: -9,
        width: 7,
        height: 9,
        offset: 552,
    },
    Glyph {
        advance: 8,
        left: 0,
        top: -9,
        width: 8,
        height: 9,
        offset: 584,
    },
    Glyph {
        advance: 8,
        left: 0,
        top: -9,
        width: 7,
        height: 9,
        offset: 620,
    },
    Glyph {
        advance: 4,
        left: 1,
        top: -7,
        width: 2,
        height: 7,
        offset: 652,
    },
    Glyph {
        advance: 4,
        left: 0,
        top: -7,
        width: 3,
        height: 8,
        offset: 659,
    },
    Glyph {
        advance: 8,
        left: 1,
        top: -7,
        width: 6,
        height: 7,
        offset: 671,
    },
    Glyph {
        advance: 8,
        left: 0,
        top: -6,
        width: 7,
        height: 4,
        offset: 692,
    },
    Glyph {
        advance: 8,
        left: 1,
        top: -7,
        width: 6,
        height: 7,
        offset: 706,
    },
    Glyph {
        advance: 6,
        left: 0,
        top: -9,
        width: 6,
        height: 9,
        offset: 727,
    },
    Glyph {
        advance: 12,
        left: 0,
        top: -9,
        width: 11,
        height: 11,
        offset: 754,
    },
    Glyph {
        advance: 8,
        left: 0,
        top: -9,
        width: 8,
        height: 9,
        offset: 815,
    },
    Glyph {
        advance: 8,
        left: 1,
        top: -9,
        width: 7,
        height: 9,
        offset: 851,
    },
    Glyph {
        advance: 8,
        left: 0,
        top: -9,
        width: 8,
        height: 9,
        offset: 883,
    },
    Glyph {
        advance: 9,
        left: 1,
        top: -9,
        width: 7,
        height: 9,
        offset: 919,
    },
    Glyph {
        advance: 8,
        left: 1,
        top: -9,
        width: 6,
        height: 9,
        offset: 951,
    },
    Glyph {
        advance: 7,
        left: 1,
        top: -9,
        width: 6,
        height: 9,
        offset: 978,
    },
    Glyph {
        advance: 9,
        left: 0,
        top: -9,
        width: 9,
        height: 9,
        offset: 1005,
    },
    Glyph {
        advance: 9,
        left: 1,
        top: -9,
        width: 7,
        height: 9,
        offset: 1046,
    },
    Glyph {
        advance: 5,
        left: 0,
        top: -9,
        width: 5,
        height: 9,
        offset: 1078,
    },
    Glyph {
        advance: 7,
        left: 0,
        top: -9,
        width: 6,
        height: 9,
        offset: 1101,
    },
    Glyph {
        advance: 8,
        left: 1,
        top: -9,
        width: 7,
        height: 9,
        offset: 1128,
    },
    Glyph {
        advance: 7,
        left: 1,
        top: -9,
        width: 6,
        height: 9,
        offset: 1160,
    },
    Glyph {
        advance: 11,
        left: 1,
        top: -9,
        width: 9,
        height: 9,
        offset: 1187,
    },
    Glyph {
        advance: 9,
        left: 1,
        top: -9,
        width: 7,
        height: 9,
        offset: 1228,
    },
    Glyph {
        advance: 9,
        left: 0,
        top: -9,
        width: 9,
        height: 9,
        offset: 1260,
    },
    Glyph {
        advance: 8,
        left: 1,
        top: -9,
        width: 7,
        height: 9,
        offset: 1301,
    },
    Glyph {
        advance: 9,
        left: 0,
        top: -9,
        width: 9,
        height: 11,
        offset: 1333,
    },
    Glyph {
        advance: 8,
        left: 1,
        top: -9,
        width: 7,
        height: 9,
        offset: 1383,
    },
    Glyph {
        advance: 8,
        left: 0,
        top: -9,
        width: 7,
        height: 9,
        offset: 1415,
    },
    Glyph {
        advance: 7,
        left: 0,
        top: -9,
        width: 8,
        height: 9,
        offset: 1447,
    },
    Glyph {
        advance: 9,
        left: 1,
        top: -9,
        width: 7,
        height: 9,
        offset: 1483,
    },
    Glyph {
        advance: 8,
        left: 0,
        top: -9,
        width: 8,
        height: 9,
        offset: 1515,
    },
    Glyph {
        advance: 12,
        left: 0,
        top: -9,
        width: 12,
        height: 9,
        offset: 1551,
    },
    Glyph {
        advance: 8,
        left: 0,
        top: -9,
        width: 8,
        height: 9,
        offset: 1605,
    },
    Glyph {
        advance: 8,
        left: 0,
        top: -9,
        width: 8,
        height: 9,
        offset: 1641,
    },
    Glyph {
        advance: 8,
        left: 0,
        top: -9,
        width: 8,
        height: 9,
        offset: 1677,
    },
    Glyph {
        advance: 4,
        left: 1,
        top: -10,
        width: 3,
        height: 12,
        offset: 1713,
    },
    Glyph {
        advance: 5,
        left: 0,
        top: -10,
        width: 5,
        height: 12,
        offset: 1731,
    },
    Glyph {
        advance: 4,
        left: 0,
        top: -10,
        width: 3,
        height: 12,
        offset: 1761,
    },
    Glyph {
        advance: 8,
        left: 0,
        top: -9,
        width: 8,
        height: 6,
        offset: 1779,
    },
    Glyph {
        advance: 7,
        left: 0,
        top: 1,
        width: 7,
        height: 1,
        offset: 1803,
    },
    Glyph {
        advance: 8,
        left: 2,
        top: -11,
        width: 3,
        height: 3,
        offset: 1807,
    },
    Glyph {
        advance: 7,
        left: 0,
        top: -7,
        width: 7,
        height: 7,
        offset: 1812,
    },
    Glyph {
        advance: 8,
        left: 1,
        top: -10,
        width: 6,
        height: 10,
        offset: 1837,
    },
    Glyph {
        advance: 7,
        left: 0,
        top: -7,
        width: 7,
        height: 7,
        offset: 1867,
    },
    Glyph {
        advance: 8,
        left: 0,
        top: -10,
        width: 7,
        height: 10,
        offset: 1892,
    },
    Glyph {
        advance: 7,
        left: 0,
        top: -7,
        width: 7,
        height: 7,
        offset: 1927,
    },
    Glyph {
        advance: 4,
        left: 0,
        top: -10,
        width: 4,
        height: 10,
        offset: 1952,
    },
    Glyph {
        advance: 7,
        left: 0,
        top: -8,
        width: 7,
        height: 11,
        offset: 1972,
    },
    Glyph {
        advance: 7,
        left: 1,
        top: -10,
        width: 6,
        height: 10,
        offset: 2011,
    },
    Glyph {
        advance: 3,
        left: 1,
        top: -10,
        width: 2,
        height: 10,
        offset: 2041,
    },
    Glyph {
        advance: 3,
        left: 0,
        top: -10,
        width: 3,
        height: 13,
        offset: 2051,
    },
    Glyph {
        advance: 7,
        left: 1,
        top: -10,
        width: 6,
        height: 10,
        offset: 2071,
    },
    Glyph {
        advance: 4,
        left: 1,
        top: -10,
        width: 3,
        height: 10,
        offset: 2101,
    },
    Glyph {
        advance: 11,
        left: 1,
        top: -7,
        width: 10,
        height: 7,
        offset: 2116,
    },
    Glyph {
        advance: 7,
        left: 1,
        top: -7,
        width: 6,
        height: 7,
        offset: 2151,
    },
    Glyph {
        advance: 7,
        left: 0,
        top: -7,
        width: 7,
        height: 7,
        offset: 2172,
    },
    Glyph {
        advance: 8,
        left: 1,
        top: -7,
        width: 6,
        height: 10,
        offset: 2197,
    },
    Glyph {
        advance: 8,
        left: 0,
        top: -7,
        width: 7,
        height: 10,
        offset: 2227,
    },
    Glyph {
        advance: 5,
        left: 1,
        top: -7,
        width: 4,
        height: 7,
        offset: 2262,
    },
    Glyph {
        advance: 6,
        left: 0,
        top: -7,
        width: 6,
        height: 7,
        offset: 2276,
    },
    Glyph {
        advance: 5,
        left: 0,
        top: -9,
        width: 4,
        height: 9,
        offset: 2297,
    },
    Glyph {
        advance: 7,
        left: 1,
        top: -7,
        width: 6,
        height: 7,
        offset: 2315,
    },
    Glyph {
        advance: 6,
        left: 0,
        top: -7,
        width: 7,
        height: 7,
        offset: 2336,
    },
    Glyph {
        advance: 10,
        left: 0,
        top: -7,
        width: 10,
        height: 7,
        offset: 2361,
    },
    Glyph {
        advance: 7,
        left: 0,
        top: -7,
        width: 7,
        height: 7,
        offset: 2396,
    },
    Glyph {
        advance: 6,
        left: 0,
        top: -7,
        width: 7,
        height: 10,
        offset: 2421,
    },
    Glyph {
        advance: 6,
        left: 0,
        top: -7,
        width: 6,
        height: 7,
        offset: 2456,
    },
    Glyph {
        advance: 4,
        left: 0,
        top: -10,
        width: 4,
        height: 12,
        offset: 2477,
    },
    Glyph {
        advance: 4,
        left: 1,
        top: -10,
        width: 2,
        height: 12,
        offset: 2501,
    },
    Glyph {
        advance: 4,
        left: 0,
        top: -10,
        width: 5,
        height: 12,
        offset: 2513,
    },
    Glyph {
        advance: 8,
        left: 0,
        top: -5,
        width: 7,
        height: 2,
        offset: 2543,
    },
    Glyph {
        advance: 10,
        left: 0,
        top: -4,
        width: 10,
        height: 1,
        offset: 2550,
    },
    Glyph {
        advance: 4,
        left: 1,
        top: -5,
        width: 2,
        height: 2,
        offset: 2555,
    },
];

pub(super) const BODY: Font = Font {
    ascent: 14,
    descent: 4,
    glyphs: BODY_GLYPHS,
    data: BODY_DATA,
};

const BODY_STRONG_DATA: &[u8] = &[
    0x0D, 0xE0, 0x0D, 0xE0, 0x0D, 0xD0, 0x0B, 0xB0, 0x09, 0x90, 0x06, 0x70, 0x00, 0x00, 0x0C, 0xD0,
    0x0C, 0xD0, 0x1F, 0x74, 0xF3, 0x1F, 0x74, 0xF3, 0x1F, 0x74, 0xF3, 0x1F, 0x74, 0xF3, 0x01, 0x00,
    0x10, 0x00, 0x3E, 0x01, 0xF1, 0x00, 0x06, 0xA0, 0x3D, 0x00, 0x1F, 0xFF, 0xFF, 0xFF, 0x30, 0x0B,
    0x60, 0x98, 0x00, 0x00, 0xD4, 0x0B, 0x60, 0x00, 0x0F, 0x20, 0xD4, 0x00, 0xAF, 0xFF, 0xFF, 0xF9,
    0x00, 0x5C, 0x03, 0xE0, 0x00, 0x08, 0x80, 0x6B, 0x00, 0x00, 0x00, 0x0A, 0x90, 0x00, 0x04, 0xCF,
    0xFC, 0x60, 0x1E, 0xA9, 0x87, 0x70, 0x3F, 0x68, 0x80, 0x00, 0x1D, 0xDB, 0x80, 0x00, 0x01, 0x8E,
    0xFB, 0x30, 0x00, 0x08, 0x9C, 0xE1, 0x00, 0x08, 0x86, 0xF2, 0x2D, 0x59, 0x9B, 0xD0, 0x08, 0xDF,
    0xFB, 0x20, 0x00, 0x0A, 0x90, 0x00, 0x07, 0xEE, 0x60, 0x00, 0xBC, 0x00, 0x2F, 0x56, 0xF1, 0x06,
    0xE2, 0x00, 0x4F, 0x24, 0xF3, 0x2E, 0x60, 0x00, 0x2F, 0x56, 0xF1, 0xCA, 0x00, 0x00, 0x07, 0xEE,
    0x68, 0xE3, 0xBE, 0xC2, 0x00, 0x00, 0x3F, 0x48, 0xD1, 0xC9, 0x00, 0x01, 0xD9, 0x0B, 0xB0, 0xAB,
    0x00, 0x09, 0xD1, 0x08, 0xD1, 0xC9, 0x00, 0x5F, 0x30, 0x01, 0xBE, 0xC2, 0x00, 0x7D, 0xEA, 0x10,
    0x00, 0x04, 0xF5, 0x3F, 0x80, 0x00, 0x06, 0xF4, 0x1F, 0x80, 0x00, 0x01, 0xDC, 0xCC, 0x10, 0x00,
    0x02, 0xCF, 0xE1, 0x00, 0x00, 0x1D, 0xC3, 0xEB, 0x6F, 0xC0, 0x3F, 0x70, 0x4F, 0xFA, 0x00, 0x1E,
    0xC1, 0x2C, 0xFB, 0x00, 0x04, 0xCE, 0xE9, 0x5F, 0xA0, 0x1F, 0x71, 0xF7, 0x1F, 0x71, 0xF7, 0x01,
    0x00, 0x00, 0x7E, 0x20, 0x3F, 0x50, 0x0A, 0xC0, 0x00, 0xE7, 0x00, 0x3F, 0x50, 0x04, 0xF3, 0x00,
    0x4F, 0x30, 0x03, 0xF4, 0x00, 0x0E, 0x70, 0x00, 0xAC, 0x00, 0x03, 0xF5, 0x00, 0x07, 0xE2, 0x0A,
    0xC1, 0x00, 0x1E, 0x80, 0x00, 0x7F, 0x10, 0x02, 0xF5, 0x00, 0x0E, 0x90, 0x00, 0xDA, 0x00, 0x0D,
    0xA0, 0x00, 0xE9, 0x00, 0x2F, 0x50, 0x07, 0xF1, 0x01, 0xE8, 0x00, 0xAC, 0x10, 0x00, 0x1F, 0x50,
    0x02, 0x41, 0xF4, 0x33, 0x6F, 0xDF, 0xDF, 0x90, 0x1A, 0xFD, 0x20, 0x04, 0xF7, 0xF7, 0x00, 0x7A,
    0x07, 0xA0, 0x00, 0x06, 0x50, 0x00, 0x00, 0xC9, 0x00, 0x00, 0x0C, 0x90, 0x02, 0xFF, 0xFF, 0xFE,
    0x00, 0x0C, 0x90, 0x00, 0x00, 0xC9, 0x00, 0x00, 0x06, 0x50, 0x00, 0x0D, 0xC0, 0xDE, 0x09, 0xA3,
    0xE2, 0x4F, 0xFF, 0x74, 0xFF, 0xF7, 0x0D, 0xC0, 0xDC, 0x00, 0x05, 0xF1, 0x00, 0x0A, 0xB0, 0x00,
    0x0E, 0x60, 0x00, 0x4F, 0x20, 0x00, 0x9C, 0x00, 0x00, 0xE7, 0x00, 0x03, 0xF2, 0x00, 0x08, 0xD0,
    0x00, 0x0D, 0x80, 0x00, 0x2F, 0x30, 0x00, 0x7E, 0x00, 0x00, 0xC9, 0x00, 0x00, 0x02, 0xBE, 0xE9,
    0x10, 0x0C, 0xD2, 0x3E, 0x90, 0x3F, 0x70, 0x0A, 0xE1, 0x6F, 0x50, 0x08, 0xF3, 0x7F, 0x50, 0x08,
    0xF4, 0x6F, 0x50, 0x08, 0xF3, 0x3F, 0x70, 0x0A, 0xE1, 0x0C, 0xD2, 0x3E, 0x90, 0x01, 0xBE, 0xE9,
    0x10, 0x00, 0x9F, 0xF5, 0x00, 0x05, 0xFB, 0xF5, 0x00, 0x2E, 0xA5, 0xF5, 0x00, 0x2B, 0x15, 0xF5,
    0x00, 0x00, 0x05, 0xF5, 0x00, 0x00, 0x05, 0xF5, 0x00, 0x00, 0x05, 0xF5, 0x00, 0x00, 0x05, 0xF5,
    0x00, 0x0C, 0xFF, 0xFF, 0xF7, 0x05, 0xCE, 0xE9, 0x10, 0x2F, 0xA1, 0x5F, 0x90, 0x02, 0x10, 0x0E,
    0xC0, 0x00, 0x00, 0x2F, 0xA0, 0x00, 0x00, 0xAE, 0x20, 0x00, 0x09, 0xD3, 0x00, 0x00, 0xAE, 0x20,
    0x00, 0x1B, 0xE3, 0x00, 0x00, 0x3F, 0xFF, 0xFF, 0xF1, 0x08, 0xDF, 0xD8, 0x01, 0xC6, 0x17, 0xF7,
    0x00, 0x00, 0x2F, 0xA0, 0x00, 0x07, 0xF5, 0x00, 0x7F, 0xF8, 0x00, 0x00, 0x05, 0xF8, 0x01, 0x00,
    0x0E, 0xC5, 0xE4, 0x05, 0xF9, 0x19, 0xEF, 0xD8, 0x00, 0x00, 0x04, 0xFF, 0x20, 0x00, 0x0D, 0xEF,
    0x20, 0x00, 0x8D, 0x8F, 0x20, 0x02, 0xF5, 0x7F, 0x20, 0x0B, 0xB0, 0x7F, 0x20, 0x5F, 0x20, 0x7F,
    0x20, 0x9F, 0xFF, 0xFF, 0xF5, 0x00, 0x00, 0x7F, 0x20, 0x00, 0x00, 0x7F, 0x20, 0x0A, 0xFF, 0xFF,
    0xA0, 0x0B, 0x90, 0x00, 0x00, 0x0D, 0x80, 0x00, 0x00, 0x0E, 0x9C, 0xEB, 0x20, 0x08, 0x81, 0x3E,
    0xD0, 0x00, 0x00, 0x0A, 0xF2, 0x01, 0x00, 0x0A, 0xF1, 0x1D, 0x91, 0x3E, 0xB0, 0x06, 0xDF, 0xD9,
    0x10, 0x00, 0x1A, 0xF7, 0x00, 0x00, 0xBE, 0x30, 0x00, 0x07, 0xF3, 0x00, 0x00, 0x1E, 0xBC, 0xEC,
    0x30, 0x4F, 0xC2, 0x2D, 0xD0, 0x5F, 0x70, 0x09, 0xF3, 0x3F, 0x70, 0x09, 0xF2, 0x0C, 0xC2, 0x2D,
    0xB0, 0x02, 0xAE, 0xE9, 0x10, 0x4F, 0xFF, 0xFF, 0xF1, 0x4F, 0x30, 0x0D, 0xD0, 0x4F, 0x30, 0x4F,
    0x80, 0x00, 0x00, 0x9F, 0x20, 0x00, 0x01, 0xEB, 0x00, 0x00, 0x06, 0xF5, 0x00, 0x00, 0x0C, 0xE0,
    0x00, 0x00, 0x3F, 0x80, 0x00, 0x00, 0x9F, 0x30, 0x00, 0x03, 0xBE, 0xEA, 0x10, 0x0E, 0xC1, 0x2E,
    0xB0, 0x1F, 0x80, 0x0B, 0xD0, 0x0B, 0xC1, 0x2E, 0x80, 0x03, 0xEF, 0xFC, 0x10, 0x2E, 0xA1, 0x2D,
    0xD0, 0x6F, 0x60, 0x09, 0xF3, 0x2F, 0xA1, 0x2D, 0xE0, 0x04, 0xCE, 0xEA, 0x30, 0x02, 0xBE, 0xD8,
    0x10, 0x1D, 0xC1, 0x3E, 0x90, 0x5F, 0x60, 0x0A, 0xF0, 0x5F, 0x60, 0x0A, 0xF2, 0x2F, 0xC1, 0x3E,
    0xF1, 0x05, 0xDE, 0xAD, 0xB0, 0x00, 0x00, 0x6F, 0x40, 0x00, 0x05, 0xF8, 0x00, 0x01, 0x9F, 0x80,
    0x00, 0xCD, 0x0C, 0xD0, 0x00, 0x00, 0x00, 0x00, 0x0C, 0xD0, 0xCD, 0x00, 0x0C, 0xD0, 0x0C, 0xD0,
    0x00, 0x00, 0x00, 0x00, 0x00, 0x00, 0x0C, 0xD0, 0x0C, 0xF1, 0x07, 0xC0, 0x2D, 0x40, 0x00, 0x00,
    0x56, 0x00, 0x1A, 0xF7, 0x05, 0xEE, 0x60, 0x9F, 0xA1, 0x00, 0x9F, 0xA1, 0x00, 0x05, 0xEE, 0x60,
    0x00, 0x1A, 0xF7, 0x00, 0x00, 0x56, 0x2F, 0xFF, 0xFF, 0xE0, 0x00, 0x00, 0x00, 0x00, 0x00, 0x00,
    0x02, 0xFF, 0xFF, 0xFE, 0x83, 0x00, 0x00, 0xAF, 0x81, 0x00, 0x08, 0xFD, 0x40, 0x00, 0x2B, 0xF6,
    0x00, 0x2B, 0xF6, 0x08, 0xFD, 0x30, 0xAF, 0x80, 0x00, 0x83, 0x00, 0x00, 0x19, 0xEE, 0xA2, 0x8E,
    0x32, 0xEB, 0x02, 0x00, 0xCE, 0x00, 0x05, 0xFB, 0x00, 0xDF, 0xB2, 0x00, 0xDB, 0x00, 0x00, 0x00,
    0x00, 0x00, 0xDC, 0x00, 0x00, 0xDC, 0x00, 0x00, 0x06, 0xCE, 0xEC, 0x60, 0x00, 0x0A, 0xD4, 0x11,
    0x4C, 0xB0, 0x07, 0xC1, 0x00, 0x00, 0x1D, 0x60, 0xD4, 0x1B, 0xE9, 0xD2, 0x5B, 0x1F, 0x07, 0xD1,
    0x5F, 0x23, 0xD3, 0xE0, 0x9B, 0x02, 0xF2, 0x3D, 0x2F, 0x07, 0xD1, 0x2E, 0x38, 0x90, 0xE3, 0x1B,
    0xE5, 0x7E, 0xB1, 0x07, 0xC0, 0x00, 0x00, 0x00, 0x00, 0x0B, 0xC4, 0x10, 0x00, 0x00, 0x00, 0x07,
    0xCE, 0xFF, 0xC0, 0x00, 0x00, 0x0D, 0xF9, 0x00, 0x00, 0x03, 0xFE, 0xE0, 0x00, 0x00, 0x8F, 0x7F,
    0x40, 0x00, 0x0D, 0xC2, 0xF9, 0x00, 0x03, 0xF8, 0x0D, 0xE0, 0x00, 0x8F, 0x40, 0x9F, 0x40, 0x0D,
    0xFF, 0xFF, 0xF9, 0x03, 0xF8, 0x00, 0x0D, 0xE0, 0x9F, 0x30, 0x00, 0x7F, 0x50, 0xEF, 0xFF, 0xEA,
    0x1E, 0xC0, 0x05, 0xF7, 0xEC, 0x00, 0x2F, 0x9E, 0xC0, 0x05, 0xF5, 0xEF, 0xFF, 0xFB, 0x1E, 0xC0,
    0x02, 0xEB, 0xEC, 0x00, 0x0C, 0xEE, 0xC0, 0x02, 0xEC, 0xEF, 0xFF, 0xFC, 0x20, 0x00, 0x6D, 0xFE,
    0xA2, 0x07, 0xF6, 0x14, 0xF9, 0x1E, 0xB0, 0x00, 0x20, 0x4F, 0x80, 0x00, 0x00, 0x5F, 0x80, 0x00,
    0x00, 0x4F, 0x80, 0x00, 0x00, 0x1F, 0xB0, 0x00, 0x30, 0x08, 0xF6, 0x14, 0xEA, 0x00, 0x7D, 0xFE,
    0xA1, 0xEF, 0xFF, 0xD6, 0x00, 0xEC, 0x01, 0x6F, 0x70, 0xEC, 0x00, 0x0B, 0xE0, 0xEC, 0x00, 0x08,
    0xF3, 0xEC, 0x00, 0x08, 0xF4, 0xEC, 0x00, 0x08, 0xF3, 0xEC, 0x00, 0x0B, 0xE0, 0xEC, 0x01, 0x6F,
    0x70, 0xEF, 0xFF, 0xD6, 0x00, 0xEF, 0xFF, 0xFF, 0x1E, 0xC0, 0x00, 0x00, 0xEC, 0x00, 0x00, 0x0E,
    0xC0, 0x00, 0x00, 0xEF, 0xFF, 0xF8, 0x0E, 0xC0, 0x00, 0x00, 0xEC, 0x00, 0x00, 0x0E, 0xC0, 0x00,
    0x00, 0xEF, 0xFF, 0xFF, 0x10, 0xEF, 0xFF, 0xFE, 0xEC, 0x00, 0x00, 0xEC, 0x00, 0x00, 0xEC, 0x00,
    0x00, 0xEF, 0xFF, 0xF6, 0xEC, 0x00, 0x00, 0xEC, 0x00, 0x00, 0xEC, 0x00, 0x00, 0xEC, 0x00, 0x00,
    0x00, 0x6C, 0xFE, 0x91, 0x00, 0x6F, 0x61, 0x4E, 0xB0, 0x0E, 0xB0, 0x00, 0x68, 0x03, 0xF8, 0x00,
    0x00, 0x00, 0x5F, 0x80, 0x00, 0x00, 0x04, 0xF8, 0x01, 0xFF, 0xF5, 0x1E, 0xB0, 0x00, 0x5F, 0x50,
    0x7F, 0x61, 0x2B, 0xF5, 0x00, 0x7D, 0xFD, 0x8F, 0x50, 0xEC, 0x00, 0x07, 0xF4, 0xEC, 0x00, 0x07,
    0xF4, 0xEC, 0x00, 0x07, 0xF4, 0xEC, 0x00, 0x07, 0xF4, 0xEF, 0xFF, 0xFF, 0xF4, 0xEC, 0x00, 0x07,
    0xF4, 0xEC, 0x00, 0x07, 0xF4, 0xEC, 0x00, 0x07, 0xF4, 0xEC, 0x00, 0x07, 0xF4, 0x5F, 0xFF, 0xC0,
    0x2F, 0x90, 0x02, 0xF9, 0x00, 0x2F, 0x90, 0x02, 0xF9, 0x00, 0x2F, 0x90, 0x02, 0xF9, 0x00, 0x2F,
    0x90, 0x5F, 0xFF, 0xC0, 0x08, 0xFF, 0xFF, 0x10, 0x00, 0x0A, 0xF1, 0x00, 0x00, 0xAF, 0x10, 0x00,
    0x0A, 0xF1, 0x00, 0x00, 0xAF, 0x10, 0x00, 0x0A, 0xF1, 0x02, 0x00, 0xAF, 0x17, 0xF4, 0x1D, 0xC0,
    0x1A, 0xEE, 0xB2, 0x00, 0xEC, 0x00, 0x2E, 0xD1, 0xEC, 0x01, 0xCE, 0x20, 0xEC, 0x0A, 0xF4, 0x00,
    0xEC, 0x7F, 0x70, 0x00, 0xEE, 0xFF, 0xA0, 0x00, 0xEF, 0x7A, 0xF5, 0x00, 0xEC, 0x01, 0xEE, 0x10,
    0xEC, 0x00, 0x6F, 0xA0, 0xEC, 0x00, 0x0B, 0xF4, 0xEC, 0x00, 0x00, 0xEC, 0x00, 0x00, 0xEC, 0x00,
    0x00, 0xEC, 0x00, 0x00, 0xEC, 0x00, 0x00, 0xEC, 0x00, 0x00, 0xEC, 0x00, 0x00, 0xEC, 0x00, 0x00,
    0xEF, 0xFF, 0xF5, 0xEF, 0x40, 0x00, 0x9F, 0x8E, 0xFD, 0x00, 0x3F, 0xF8, 0xEE, 0xF7, 0x0B, 0xEF,
    0x8E, 0xAB, 0xE6, 0xF6, 0xF8, 0xEA, 0x3F, 0xFC, 0x1F, 0x8E, 0xA0, 0x9F, 0x31, 0xF8, 0xEA, 0x01,
    0x80, 0x1F, 0x8E, 0xA0, 0x00, 0x01, 0xF8, 0xEA, 0x00, 0x00, 0x1F, 0x80, 0xEF, 0x40, 0x05, 0xF4,
    0xEF, 0xC0, 0x05, 0xF4, 0xEE, 0xF7, 0x05, 0xF4, 0xEA, 0xCE, 0x15, 0xF4, 0xEA, 0x4F, 0x95, 0xF4,
    0xEA, 0x0A, 0xF7, 0xF4, 0xEA, 0x02, 0xEE, 0xF4, 0xEA, 0x00, 0x7F, 0xF4, 0xEA, 0x00, 0x0D, 0xF4,
    0x00, 0x6D, 0xFD, 0x81, 0x00, 0x7F, 0x61, 0x4E, 0xB0, 0x1E, 0xB0, 0x00, 0x7F, 0x44, 0xF8, 0x00,
    0x04, 0xF7, 0x5F, 0x80, 0x00, 0x4F, 0x84, 0xF8, 0x00, 0x04, 0xF7, 0x1E, 0xB0, 0x00, 0x7F, 0x40,
    0x7F, 0x61, 0x4E, 0xA0, 0x00, 0x6D, 0xFE, 0x91, 0x00, 0xEF, 0xFF, 0xEA, 0x1E, 0xC0, 0x03, 0xF9,
    0xEC, 0x00, 0x0E, 0xCE, 0xC0, 0x03, 0xF9, 0xEF, 0xFF, 0xEA, 0x1E, 0xC0, 0x00, 0x00, 0xEC, 0x00,
    0x00, 0x0E, 0xC0, 0x00, 0x00, 0xEC, 0x00, 0x00, 0x00, 0x00, 0x6D, 0xFD, 0x81, 0x00, 0x7F, 0x61,
    0x4E, 0xB0, 0x1E, 0xB0, 0x00, 0x7F, 0x44, 0xF8, 0x00, 0x04, 0xF7, 0x5F, 0x80, 0x00, 0x4F, 0x83,
    0xF8, 0x00, 0x04, 0xF7, 0x1E, 0xB0, 0x00, 0x7F, 0x40, 0x7F, 0x61, 0x4E, 0xB0, 0x00, 0x6D, 0xFE,
    0x91, 0x00, 0x00, 0x1F, 0x80, 0x00, 0x00, 0x00, 0xAF, 0xE0, 0x00, 0xEF, 0xFF, 0xEA, 0x1E, 0xC0,
    0x03, 0xF9, 0xEC, 0x00, 0x0E, 0xCE, 0xC0, 0x03, 0xFA, 0xEF, 0xFF, 0xFB, 0x1E, 0xC0, 0x6F, 0x70,
    0xEC, 0x01, 0xED, 0x0E, 0xC0, 0x08, 0xF5, 0xEC, 0x00, 0x2F, 0xC0, 0x03, 0xBE, 0xEC, 0x50, 0x0E,
    0xC1, 0x1A, 0xB0, 0x3F, 0x80, 0x00, 0x00, 0x0D, 0xD5, 0x20, 0x00, 0x02, 0x9D, 0xFD, 0x50, 0x00,
    0x00, 0x1B, 0xF2, 0x02, 0x00, 0x07, 0xF4, 0x3F, 0x81, 0x1C, 0xE1, 0x05, 0xCF, 0xEB, 0x30, 0xAF,
    0xFF, 0xFF, 0xF3, 0x00, 0x1F, 0x90, 0x00, 0x00, 0x1F, 0x90, 0x00, 0x00, 0x1F, 0x90, 0x00, 0x00,
    0x1F, 0x90, 0x00, 0x00, 0x1F, 0x90, 0x00, 0x00, 0x1F, 0x90, 0x00, 0x00, 0x1F, 0x90, 0x00, 0x00,
    0x1F, 0x90, 0x00, 0xFA, 0x00, 0x0B, 0xFF, 0xA0, 0x00, 0xBF, 0xFA, 0x00, 0x0B, 0xFF, 0xA0, 0x00,
    0xBF, 0xFA, 0x00, 0x0B, 0xFF, 0xA0, 0x00, 0xBE, 0xDC, 0x00, 0x0C, 0xD8, 0xF4, 0x15, 0xF7, 0x18,
    0xEF, 0xE9, 0x00, 0xAF, 0x20, 0x00, 0xCE, 0x05, 0xF7, 0x00, 0x1F, 0x90, 0x0E, 0xB0, 0x06, 0xF4,
    0x00, 0xAF, 0x10, 0xBE, 0x00, 0x05, 0xF6, 0x1F, 0x90, 0x00, 0x0E, 0xA5, 0xF4, 0x00, 0x00, 0xAE,
    0x9E, 0x00, 0x00, 0x05, 0xFE, 0x90, 0x00, 0x00, 0x1E, 0xF4, 0x00, 0x00, 0x8F, 0x20, 0x0D, 0xF4,
    0x00, 0xCD, 0x5F, 0x50, 0x2F, 0xF7, 0x00, 0xE9, 0x1F, 0x90, 0x5E, 0xBB, 0x03, 0xF6, 0x0D, 0xC0,
    0x9B, 0x7E, 0x06, 0xF2, 0x09, 0xF0, 0xD7, 0x3F, 0x39, 0xD0, 0x06, 0xF4, 0xF4, 0x0E, 0x7C, 0xA0,
    0x02, 0xFB, 0xF0, 0x0B, 0xBF, 0x60, 0x00, 0xEF, 0xB0, 0x07, 0xFF, 0x30, 0x00, 0xAF, 0x80, 0x04,
    0xFE, 0x00, 0x5F, 0xA0, 0x01, 0xEC, 0x00, 0xAF, 0x40, 0xAF, 0x30, 0x02, 0xED, 0x4F, 0x80, 0x00,
    0x06, 0xFF, 0xD0, 0x00, 0x00, 0x1E, 0xF7, 0x00, 0x00, 0x08, 0xFD, 0xE1, 0x00, 0x03, 0xF9, 0x3F,
    0xA0, 0x00, 0xCE, 0x10, 0x9F, 0x50, 0x7F, 0x60, 0x01, 0xED, 0x10, 0x9F, 0x50, 0x01, 0xEC, 0x01,
    0xEC, 0x00, 0x8F, 0x40, 0x08, 0xF5, 0x1E, 0xB0, 0x00, 0x1E, 0xD9, 0xF3, 0x00, 0x00, 0x6F, 0xF9,
    0x00, 0x00, 0x00, 0xDF, 0x10, 0x00, 0x00, 0x0C, 0xF0, 0x00, 0x00, 0x00, 0xCF, 0x00, 0x00, 0x00,
    0x0C, 0xF0, 0x00, 0x00, 0x4F, 0xFF, 0xFF, 0xF2, 0x00, 0x00, 0x3F, 0xC0, 0x00, 0x00, 0xCF, 0x30,
    0x00, 0x07, 0xF7, 0x00, 0x00, 0x3F, 0xC0, 0x00, 0x00, 0xCF, 0x20, 0x00, 0x08, 0xF7, 0x00, 0x00,
    0x3F, 0xC0, 0x00, 0x00, 0x8F, 0xFF, 0xFF, 0xF4, 0xEF, 0x9E, 0x90, 0xE9, 0x0E, 0x90, 0xE9, 0x0E,
    0x90, 0xE9, 0x0E, 0x90, 0xE9, 0x0E, 0x90, 0xE9, 0x0E, 0xF9, 0x5F, 0x10, 0x00, 0x1F, 0x50, 0x00,
    0x0B, 0xA0, 0x00, 0x06, 0xE0, 0x00, 0x02, 0xF4, 0x00, 0x00, 0xC9, 0x00, 0x00, 0x7D, 0x00, 0x00,
    0x3F, 0x30, 0x00, 0x0D, 0x80, 0x00, 0x08, 0xC0, 0x00, 0x04, 0xF2, 0x00, 0x00, 0xE7, 0x5F, 0xF3,
    0x05, 0xF3, 0x05, 0xF3, 0x05, 0xF3, 0x05, 0xF3, 0x05, 0xF3, 0x05, 0xF3, 0x05, 0xF3, 0x05, 0xF3,
    0x05, 0xF3, 0x05, 0xF3, 0x5F, 0xF3, 0x00, 0x2E, 0xD0, 0x00, 0x00, 0x9E, 0xF7, 0x00, 0x03, 0xF6,
    0xAE, 0x10, 0x0B, 0xD0, 0x2F, 0x80, 0x3F, 0x50, 0x09, 0xE1, 0x03, 0x00, 0x01, 0x20, 0x9F, 0xFF,
    0xFF, 0xD0, 0x69, 0x06, 0xF3, 0x09, 0x70, 0x07, 0xDF, 0xC4, 0x01, 0xB4, 0x1B, 0xE0, 0x00, 0x00,
    0x7F, 0x30, 0x9E, 0xFF, 0xF3, 0x6F, 0x60, 0x7F, 0x36, 0xF5, 0x1A, 0xF3, 0x1B, 0xFD, 0x4D, 0xD0,
    0x0F, 0x90, 0x00, 0x00, 0x0F, 0x90, 0x00, 0x00, 0x0F, 0x90, 0x00, 0x00, 0x0F, 0xBB, 0xEC, 0x20,
    0x0F, 0xD2, 0x2E, 0xC0, 0x0F, 0x90, 0x09, 0xF2, 0x0F, 0x90, 0x08, 0xF3, 0x0F, 0x90, 0x09, 0xF1,
    0x0F, 0xD2, 0x2D, 0xC0, 0x0F, 0xBB, 0xEC, 0x20, 0x03, 0xBE, 0xD8, 0x01, 0xEA, 0x16, 0xB1, 0x5F,
    0x40, 0x00, 0x07, 0xF4, 0x00, 0x00, 0x5F, 0x40, 0x00, 0x01, 0xEA, 0x15, 0xD2, 0x03, 0xCE, 0xE8,
    0x00, 0x00, 0x00, 0x0C, 0xD0, 0x00, 0x00, 0xCD, 0x00, 0x00, 0x0C, 0xD0, 0x4D, 0xEA, 0xDD, 0x1E,
    0xB1, 0x3F, 0xD5, 0xF6, 0x00, 0xDD, 0x6F, 0x50, 0x0C, 0xD5, 0xF6, 0x00, 0xDD, 0x1E, 0xB1, 0x3F,
    0xD0, 0x4D, 0xEA, 0xDD, 0x03, 0xBE, 0xD5, 0x01, 0xEB, 0x17, 0xF3, 0x5F, 0x40, 0x0F, 0x97, 0xFF,
    0xFF, 0xFB, 0x5F, 0x40, 0x00, 0x01, 0xEB, 0x12, 0xB3, 0x03, 0xBE, 0xE9, 0x10, 0x03, 0xDF, 0x50,
    0xAF, 0x00, 0x0B, 0xF0, 0x0B, 0xFF, 0xF5, 0x0B, 0xF0, 0x00, 0xBF, 0x00, 0x0B, 0xF0, 0x00, 0xBF,
    0x00, 0x0B, 0xF0, 0x00, 0xBF, 0x00, 0x00, 0x00, 0x2E, 0xB0, 0x04, 0xCF, 0xE9, 0x00, 0x1E, 0x91,
    0x8F, 0x30, 0x4F, 0x50, 0x4F, 0x40, 0x2F, 0x91, 0x8F, 0x10, 0x07, 0xEF, 0xD5, 0x00, 0x3F, 0x20,
    0x00, 0x00, 0x1C, 0xFF, 0xFD, 0x60, 0x5C, 0x00, 0x0A, 0xF0, 0x9D, 0x20, 0x1B, 0xE0, 0x2A, 0xEF,
    0xEB, 0x30, 0x0F, 0x90, 0x00, 0x00, 0xF9, 0x00, 0x00, 0x0F, 0x90, 0x00, 0x00, 0xFA, 0xBF, 0xB1,
    0x0F, 0xD2, 0x3F, 0x80, 0xF9, 0x00, 0xEB, 0x0F, 0x90, 0x0E, 0xC0, 0xF9, 0x00, 0xEC, 0x0F, 0x90,
    0x0E, 0xC0, 0xF9, 0x00, 0xEC, 0x1E, 0x91, 0xE9, 0x00, 0x00, 0xF9, 0x0F, 0x90, 0xF9, 0x0F, 0x90,
    0xF9, 0x0F, 0x90, 0xF9, 0x01, 0xE9, 0x01, 0xE9, 0x00, 0x00, 0x00, 0xF9, 0x00, 0xF9, 0x00, 0xF9,
    0x00, 0xF9, 0x00, 0xF9, 0x00, 0xF9, 0x00, 0xF9, 0x00, 0xF9, 0x00, 0xF9, 0x1F, 0xD3, 0x0F, 0x90,
    0x00, 0x00, 0x0F, 0x90, 0x00, 0x00, 0x0F, 0x90, 0x00, 0x00, 0x0F, 0x90, 0x5F, 0x80, 0x0F, 0x93,
    0xEA, 0x00, 0x0F, 0xAD, 0xD1, 0x00, 0x0F, 0xFF, 0xF2, 0x00, 0x0F, 0xD3, 0xFB, 0x00, 0x0F, 0x90,
    0x8F, 0x50, 0x0F, 0x90, 0x1E, 0xD1, 0x0F, 0x90, 0x0F, 0x90, 0x0F, 0x90, 0x0F, 0x90, 0x0F, 0x90,
    0x0F, 0x90, 0x0F, 0x90, 0x0F, 0x90, 0x0F, 0x90, 0x09, 0xF8, 0x0F, 0xAB, 0xEC, 0x5C, 0xFB, 0x10,
    0xFD, 0x25, 0xFD, 0x25, 0xF7, 0x0F, 0x90, 0x0F, 0xA0, 0x0F, 0x90, 0xF9, 0x00, 0xFA, 0x00, 0xFA,
    0x0F, 0x90, 0x0F, 0xA0, 0x0F, 0xA0, 0xF9, 0x00, 0xFA, 0x00, 0xFA, 0x0F, 0x90, 0x0F, 0xA0, 0x0F,
    0xA0, 0x0F, 0xAB, 0xFB, 0x10, 0xFD, 0x23, 0xF8, 0x0F, 0x90, 0x0E, 0xB0, 0xF9, 0x00, 0xEC, 0x0F,
    0x90, 0x0E, 0xC0, 0xF9, 0x00, 0xEC, 0x0F, 0x90, 0x0E, 0xC0, 0x03, 0xBE, 0xD6, 0x01, 0xEA, 0x16,
    0xF4, 0x5F, 0x40, 0x0F, 0xA7, 0xF4, 0x00, 0xEC, 0x5F, 0x40, 0x0F, 0xA1, 0xEA, 0x16, 0xF4, 0x03,
    0xBE, 0xD6, 0x00, 0x0F, 0xBB, 0xEC, 0x20, 0x0F, 0xD2, 0x2E, 0xC0, 0x0F, 0x90, 0x09, 0xF2, 0x0F,
    0x90, 0x08, 0xF3, 0x0F, 0x90, 0x09, 0xF1, 0x0F, 0xD2, 0x2D, 0xC0, 0x0F, 0xBB, 0xEC, 0x20, 0x0F,
    0x90, 0x00, 0x00, 0x0F, 0x90, 0x00, 0x00, 0x0F, 0x90, 0x00, 0x00, 0x04, 0xDE, 0xAD, 0xD1, 0xEB,
    0x13, 0xFD, 0x5F, 0x60, 0x0D, 0xD6, 0xF5, 0x00, 0xCD, 0x5F, 0x60, 0x0D, 0xD1, 0xEB, 0x13, 0xFD,
    0x04, 0xDE, 0xAD, 0xD0, 0x00, 0x00, 0xCD, 0x00, 0x00, 0x0C, 0xD0, 0x00, 0x00, 0xCD, 0x0F, 0xBC,
    0xC0, 0xFD, 0x20, 0x0F, 0x90, 0x00, 0xF9, 0x00, 0x0F, 0x90, 0x00, 0xF9, 0x00, 0x0F, 0x90, 0x00,
    0x08, 0xEF, 0xC4, 0x4F, 0x61, 0x95, 0x4F, 0x81, 0x00, 0x08, 0xEF, 0xC4, 0x00, 0x02, 0xCD, 0x4D,
    0x31, 0xCC, 0x19, 0xEE, 0xB3, 0x08, 0xF0, 0x00, 0x9F, 0x00, 0xAF, 0xFF, 0x60, 0xAF, 0x00, 0x0A,
    0xF0, 0x00, 0xAF, 0x00, 0x0A, 0xF0, 0x00, 0x9F, 0x00, 0x03, 0xDF, 0x40, 0x2F, 0x80, 0x0F, 0xA2,
    0xF8, 0x00, 0xFA, 0x2F, 0x80, 0x0F, 0xA2, 0xF8, 0x00, 0xFA, 0x1F, 0x80, 0x0F, 0xA0, 0xEC, 0x15,
    0xFA, 0x05, 0xDE, 0x8F, 0xA0, 0xAE, 0x00, 0x1F, 0x85, 0xF4, 0x06, 0xF3, 0x1F, 0x90, 0xAD, 0x00,
    0xBD, 0x0E, 0x80, 0x06, 0xF5, 0xF3, 0x00, 0x1F, 0xDD, 0x00, 0x00, 0xBF, 0x80, 0x00, 0x9F, 0x00,
    0x8F, 0x30, 0x5F, 0x35, 0xF4, 0x0C, 0xF8, 0x08, 0xE0, 0x1F, 0x71, 0xFA, 0xC0, 0xBA, 0x00, 0xCB,
    0x5D, 0x4F, 0x1F, 0x60, 0x08, 0xE9, 0x90, 0xE8, 0xF2, 0x00, 0x3F, 0xE5, 0x0B, 0xED, 0x00, 0x00,
    0xEF, 0x10, 0x7F, 0x90, 0x00, 0x6F, 0x80, 0x4F, 0x70, 0xBF, 0x2D, 0xC0, 0x02, 0xEE, 0xF3, 0x00,
    0x09, 0xFA, 0x00, 0x02, 0xFD, 0xF3, 0x00, 0xBD, 0x1E, 0xC0, 0x6F, 0x50, 0x6F, 0x80, 0xBE, 0x00,
    0x1F, 0x86, 0xF3, 0x05, 0xF3, 0x2F, 0x70, 0x9D, 0x00, 0xCC, 0x0D, 0x80, 0x08, 0xF3, 0xF4, 0x00,
    0x3F, 0xAE, 0x00, 0x00, 0xDF, 0x90, 0x00, 0x09, 0xF4, 0x00, 0x00, 0x9E, 0x00, 0x00, 0xFE, 0x60,
    0x00, 0x6F, 0xFF, 0xFE, 0x00, 0x00, 0x5F, 0x90, 0x00, 0x2E, 0xD1, 0x00, 0x0B, 0xF3, 0x00, 0x07,
    0xF7, 0x00, 0x03, 0xFB, 0x00, 0x00, 0x8F, 0xFF, 0xFF, 0x10, 0x04, 0xEF, 0x00, 0x7F, 0x10, 0x07,
    0xF1, 0x01, 0xAF, 0x00, 0xBF, 0x80, 0x0B, 0xB0, 0x00, 0xBF, 0x70, 0x01, 0xBF, 0x00, 0x07, 0xF1,
    0x00, 0x7F, 0x10, 0x07, 0xF1, 0x00, 0x4E, 0xF0, 0x4F, 0x24, 0xF2, 0x4F, 0x24, 0xF2, 0x4F, 0x24,
    0xF2, 0x4F, 0x24, 0xF2, 0x4F, 0x24, 0xF2, 0x4F, 0x24, 0xF2, 0x5F, 0xD1, 0x00, 0x5F, 0x30, 0x05,
    0xF3, 0x00, 0x4F, 0x70, 0x01, 0xCF, 0x70, 0x00, 0xF7, 0x00, 0xBF, 0x70, 0x4F, 0x70, 0x05, 0xF3,
    0x00, 0x5F, 0x30, 0x05, 0xF3, 0x05, 0xFD, 0x10, 0x1B, 0xEB, 0x41, 0x80, 0x18, 0x15, 0xCE, 0x90,
    0x8F, 0xFF, 0xFF, 0xFF, 0xFA, 0x8E, 0x28, 0xE2,
];

const BODY_STRONG_GLYPHS: &[Glyph; 97] = &[
    Glyph {
        advance: 3,
        left: 0,
        top: 0,
        width: 0,
        height: 0,
        offset: 0,
    },
    Glyph {
        advance: 4,
        left: 0,
        top: -9,
        width: 4,
        height: 9,
        offset: 0,
    },
    Glyph {
        advance: 6,
        left: 0,
        top: -10,
        width: 6,
        height: 5,
        offset: 18,
    },
    Glyph {
        advance: 9,
        left: 0,
        top: -9,
        width: 9,
        height: 9,
        offset: 33,
    },
    Glyph {
        advance: 8,
        left: 0,
        top: -10,
        width: 8,
        height: 11,
        offset: 74,
    },
    Glyph {
        advance: 12,
        left: 0,
        top: -9,
        width: 12,
        height: 9,
        offset: 118,
    },
    Glyph {
        advance: 9,
        left: 0,
        top: -9,
        width: 10,
        height: 9,
        offset: 172,
    },
    Glyph {
        advance: 3,
        left: 0,
        top: -10,
        width: 3,
        height: 5,
        offset: 217,
    },
    Glyph {
        advance: 4,
        left: 0,
        top: -10,
        width: 5,
        height: 12,
        offset: 225,
    },
    Glyph {
        advance: 4,
        left: -1,
        top: -10,
        width: 5,
        height: 12,
        offset: 255,
    },
    Glyph {
        advance: 7,
        left: 0,
        top: -10,
        width: 7,
        height: 6,
        offset: 285,
    },
    Glyph {
        advance: 8,
        left: 0,
        top: -7,
        width: 7,
        height: 7,
        offset: 306,
    },
    Glyph {
        advance: 4,
        left: 0,
        top: -2,
        width: 3,
        height: 4,
        offset: 331,
    },
    Glyph {
        advance: 5,
        left: 0,
        top: -5,
        width: 5,
        height: 2,
        offset: 337,
    },
    Glyph {
        advance: 4,
        left: 0,
        top: -2,
        width: 3,
        height: 2,
        offset: 342,
    },
    Glyph {
        advance: 6,
        left: 0,
        top: -10,
        width: 6,
        height: 12,
        offset: 345,
    },
    Glyph {
        advance: 8,
        left: 0,
        top: -9,
        width: 8,
        height: 9,
        offset: 381,
    },
    Glyph {
        advance: 8,
        left: 0,
        top: -9,
        width: 8,
        height: 9,
        offset: 417,
    },
    Glyph {
        advance: 8,
        left: 0,
        top: -9,
        width: 8,
        height: 9,
        offset: 453,
    },
    Glyph {
        advance: 8,
        left: 0,
        top: -9,
        width: 7,
        height: 9,
        offset: 489,
    },
    Glyph {
        advance: 8,
        left: 0,
        top: -9,
        width: 8,
        height: 9,
        offset: 521,
    },
    Glyph {
        advance: 8,
        left: 0,
        top: -9,
        width: 8,
        height: 9,
        offset: 557,
    },
    Glyph {
        advance: 8,
        left: 0,
        top: -9,
        width: 8,
        height: 9,
        offset: 593,
    },
    Glyph {
        advance: 8,
        left: 0,
        top: -9,
        width: 8,
        height: 9,
        offset: 629,
    },
    Glyph {
        advance: 8,
        left: 0,
        top: -9,
        width: 8,
        height: 9,
        offset: 665,
    },
    Glyph {
        advance: 8,
        left: 0,
        top: -9,
        width: 8,
        height: 9,
        offset: 701,
    },
    Glyph {
        advance: 4,
        left: 1,
        top: -7,
        width: 3,
        height: 7,
        offset: 737,
    },
    Glyph {
        advance: 4,
        left: 0,
        top: -7,
        width: 4,
        height: 9,
        offset: 748,
    },
    Glyph {
        advance: 8,
        left: 1,
        top: -8,
        width: 6,
        height: 8,
        offset: 766,
    },
    Glyph {
        advance: 8,
        left: 0,
        top: -6,
        width: 7,
        height: 4,
        offset: 790,
    },
    Glyph {
        advance: 8,
        left: 1,
        top: -8,
        width: 6,
        height: 8,
        offset: 804,
    },
    Glyph {
        advance: 6,
        left: 0,
        top: -9,
        width: 6,
        height: 9,
        offset: 828,
    },
    Glyph {
        advance: 12,
        left: 0,
        top: -9,
        width: 11,
        height: 11,
        offset: 855,
    },
    Glyph {
        advance: 9,
        left: 0,
        top: -9,
        width: 9,
        height: 9,
        offset: 916,
    },
    Glyph {
        advance: 9,
        left: 1,
        top: -9,
        width: 7,
        height: 9,
        offset: 957,
    },
    Glyph {
        advance: 8,
        left: 0,
        top: -9,
        width: 8,
        height: 9,
        offset: 989,
    },
    Glyph {
        advance: 9,
        left: 1,
        top: -9,
        width: 8,
        height: 9,
        offset: 1025,
    },
    Glyph {
        advance: 8,
        left: 1,
        top: -9,
        width: 7,
        height: 9,
        offset: 1061,
    },
    Glyph {
        advance: 8,
        left: 1,
        top: -9,
        width: 6,
        height: 9,
        offset: 1093,
    },
    Glyph {
        advance: 9,
        left: 0,
        top: -9,
        width: 9,
        height: 9,
        offset: 1120,
    },
    Glyph {
        advance: 9,
        left: 1,
        top: -9,
        width: 8,
        height: 9,
        offset: 1161,
    },
    Glyph {
        advance: 6,
        left: 0,
        top: -9,
        width: 5,
        height: 9,
        offset: 1197,
    },
    Glyph {
        advance: 7,
        left: 0,
        top: -9,
        width: 7,
        height: 9,
        offset: 1220,
    },
    Glyph {
        advance: 9,
        left: 1,
        top: -9,
        width: 8,
        height: 9,
        offset: 1252,
    },
    Glyph {
        advance: 7,
        left: 1,
        top: -9,
        width: 6,
        height: 9,
        offset: 1288,
    },
    Glyph {
        advance: 11,
        left: 1,
        top: -9,
        width: 9,
        height: 9,
        offset: 1315,
    },
    Glyph {
        advance: 9,
        left: 1,
        top: -9,
        width: 8,
        height: 9,
        offset: 1356,
    },
    Glyph {
        advance: 9,
        left: 0,
        top: -9,
        width: 9,
        height: 9,
        offset: 1392,
    },
    Glyph {
        advance: 8,
        left: 1,
        top: -9,
        width: 7,
        height: 9,
        offset: 1433,
    },
    Glyph {
        advance: 9,
        left: 0,
        top: -9,
        width: 9,
        height: 11,
        offset: 1465,
    },
    Glyph {
        advance: 9,
        left: 1,
        top: -9,
        width: 7,
        height: 9,
        offset: 1515,
    },
    Glyph {
        advance: 8,
        left: 0,
        top: -9,
        width: 8,
        height: 9,
        offset: 1547,
    },
    Glyph {
        advance: 8,
        left: 0,
        top: -9,
        width: 8,
        height: 9,
        offset: 1583,
    },
    Glyph {
        advance: 9,
        left: 1,
        top: -9,
        width: 7,
        height: 9,
        offset: 1619,
    },
    Glyph {
        advance: 8,
        left: 0,
        top: -9,
        width: 9,
        height: 9,
        offset: 1651,
    },
    Glyph {
        advance: 12,
        left: 0,
        top: -9,
        width: 12,
        height: 9,
        offset: 1692,
    },
    Glyph {
        advance: 9,
        left: 0,
        top: -9,
        width: 9,
        height: 9,
        offset: 1746,
    },
    Glyph {
        advance: 8,
        left: 0,
        top: -9,
        width: 9,
        height: 9,
        offset: 1787,
    },
    Glyph {
        advance: 8,
        left: 0,
        top: -9,
        width: 8,
        height: 9,
        offset: 1828,
    },
    Glyph {
        advance: 4,
        left: 1,
        top: -10,
        width: 3,
        height: 12,
        offset: 1864,
    },
    Glyph {
        advance: 6,
        left: 0,
        top: -10,
        width: 6,
        height: 12,
        offset: 1882,
    },
    Glyph {
        advance: 4,
        left: 0,
        top: -10,
        width: 4,
        height: 12,
        offset: 1918,
    },
    Glyph {
        advance: 8,
        left: 0,
        top: -9,
        width: 8,
        height: 6,
        offset: 1942,
    },
    Glyph {
        advance: 7,
        left: 0,
        top: 1,
        width: 7,
        height: 1,
        offset: 1966,
    },
    Glyph {
        advance: 8,
        left: 2,
        top: -11,
        width: 3,
        height: 3,
        offset: 1970,
    },
    Glyph {
        advance: 7,
        left: 0,
        top: -7,
        width: 7,
        height: 7,
        offset: 1975,
    },
    Glyph {
        advance: 8,
        left: 0,
        top: -10,
        width: 8,
        height: 10,
        offset: 2000,
    },
    Glyph {
        advance: 7,
        left: 0,
        top: -7,
        width: 7,
        height: 7,
        offset: 2040,
    },
    Glyph {
        advance: 8,
        left: 0,
        top: -10,
        width: 7,
        height: 10,
        offset: 2065,
    },
    Glyph {
        advance: 7,
        left: 0,
        top: -7,
        width: 7,
        height: 7,
        offset: 2100,
    },
    Glyph {
        advance: 5,
        left: 0,
        top: -10,
        width: 5,
        height: 10,
        offset: 2125,
    },
    Glyph {
        advance: 7,
        left: 0,
        top: -8,
        width: 8,
        height: 11,
        offset: 2150,
    },
    Glyph {
        advance: 8,
        left: 0,
        top: -10,
        width: 7,
        height: 10,
        offset: 2194,
    },
    Glyph {
        advance: 4,
        left: 0,
        top: -10,
        width: 3,
        height: 10,
        offset: 2229,
    },
    Glyph {
        advance: 4,
        left: -1,
        top: -10,
        width: 4,
        height: 13,
        offset: 2244,
    },
    Glyph {
        advance: 7,
        left: 0,
        top: -10,
        width: 8,
        height: 10,
        offset: 2270,
    },
    Glyph {
        advance: 4,
        left: 0,
        top: -10,
        width: 4,
        height: 10,
        offset: 2310,
    },
    Glyph {
        advance: 12,
        left: 0,
        top: -7,
        width: 11,
        height: 7,
        offset: 2330,
    },
    Glyph {
        advance: 8,
        left: 0,
        top: -7,
        width: 7,
        height: 7,
        offset: 2369,
    },
    Glyph {
        advance: 7,
        left: 0,
        top: -7,
        width: 7,
        height: 7,
        offset: 2394,
    },
    Glyph {
        advance: 8,
        left: 0,
        top: -7,
        width: 8,
        height: 10,
        offset: 2419,
    },
    Glyph {
        advance: 8,
        left: 0,
        top: -7,
        width: 7,
        height: 10,
        offset: 2459,
    },
    Glyph {
        advance: 5,
        left: 0,
        top: -7,
        width: 5,
        height: 7,
        offset: 2494,
    },
    Glyph {
        advance: 6,
        left: 0,
        top: -7,
        width: 6,
        height: 7,
        offset: 2512,
    },
    Glyph {
        advance: 5,
        left: 0,
        top: -9,
        width: 5,
        height: 9,
        offset: 2533,
    },
    Glyph {
        advance: 8,
        left: 0,
        top: -7,
        width: 7,
        height: 7,
        offset: 2556,
    },
    Glyph {
        advance: 7,
        left: 0,
        top: -7,
        width: 7,
        height: 7,
        offset: 2581,
    },
    Glyph {
        advance: 11,
        left: 0,
        top: -7,
        width: 11,
        height: 7,
        offset: 2606,
    },
    Glyph {
        advance: 7,
        left: 0,
        top: -7,
        width: 7,
        height: 7,
        offset: 2645,
    },
    Glyph {
        advance: 7,
        left: 0,
        top: -7,
        width: 7,
        height: 10,
        offset: 2670,
    },
    Glyph {
        advance: 7,
        left: 0,
        top: -7,
        width: 7,
        height: 7,
        offset: 2705,
    },
    Glyph {
        advance: 5,
        left: 0,
        top: -10,
        width: 5,
        height: 12,
        offset: 2730,
    },
    Glyph {
        advance: 5,
        left: 1,
        top: -10,
        width: 3,
        height: 12,
        offset: 2760,
    },
    Glyph {
        advance: 5,
        left: 0,
        top: -10,
        width: 5,
        height: 12,
        offset: 2778,
    },
    Glyph {
        advance: 8,
        left: 0,
        top: -5,
        width: 8,
        height: 2,
        offset: 2808,
    },
    Glyph {
        advance: 10,
        left: 0,
        top: -4,
        width: 10,
        height: 1,
        offset: 2816,
    },
    Glyph {
        advance: 5,
        left: 1,
        top: -5,
        width: 3,
        height: 2,
        offset: 2821,
    },
];

pub(super) const BODY_STRONG: Font = Font {
    ascent: 14,
    descent: 4,
    glyphs: BODY_STRONG_GLYPHS,
    data: BODY_STRONG_DATA,
};

const MONO_DATA: &[u8] = &[
    0x0E, 0x20, 0xE2, 0x0D, 0x10, 0xB0, 0x08, 0x00, 0x00, 0x2E, 0x52, 0xE5, 0xE0, 0xC2, 0xE0, 0xC2,
    0xE0, 0xC2, 0x40, 0x41, 0x00, 0x59, 0x1B, 0x00, 0x00, 0x86, 0x48, 0x00, 0x6F, 0xF3, 0x7F, 0xF0,
    0x00, 0xD1, 0xA3, 0x00, 0x00, 0xC0, 0xC1, 0x00, 0xCF, 0xA0, 0xFF, 0x90, 0x05, 0x73, 0xB0, 0x00,
    0x09, 0x46, 0x80, 0x00, 0x00, 0x0A, 0x10, 0x00, 0x4C, 0xFE, 0x70, 0x0E, 0x4A, 0x3A, 0x41, 0xE1,
    0xA1, 0x00, 0x09, 0xED, 0x82, 0x00, 0x03, 0xCA, 0xE4, 0x01, 0x0A, 0x16, 0x92, 0xD4, 0xA3, 0xB7,
    0x04, 0xCF, 0xE9, 0x00, 0x00, 0xA1, 0x00, 0x3D, 0xE4, 0x02, 0xBA, 0x43, 0xB0, 0xA3, 0xA4, 0x3B,
    0x3A, 0x03, 0xDE, 0x46, 0x20, 0x00, 0x72, 0xDE, 0x60, 0x76, 0x86, 0x2C, 0x1C, 0x08, 0x62, 0xC8,
    0x50, 0x2D, 0xE6, 0x04, 0xDE, 0x70, 0x00, 0xD4, 0x2A, 0x10, 0x0C, 0x30, 0x00, 0x00, 0x6D, 0x10,
    0xFB, 0x4C, 0x8C, 0x1B, 0x0A, 0x50, 0x8C, 0x90, 0x89, 0x12, 0xCA, 0x01, 0xBE, 0xD3, 0xA7, 0xD1,
    0xD1, 0xD1, 0x40, 0x00, 0x86, 0x05, 0x80, 0x0C, 0x00, 0x49, 0x00, 0x66, 0x00, 0x85, 0x00, 0x66,
    0x00, 0x49, 0x00, 0x0C, 0x00, 0x05, 0x80, 0x00, 0x86, 0x4A, 0x00, 0x05, 0x80, 0x00, 0xB1, 0x00,
    0x66, 0x00, 0x39, 0x00, 0x2B, 0x00, 0x39, 0x00, 0x66, 0x00, 0xB1, 0x05, 0x80, 0x4A, 0x00, 0x00,
    0x0D, 0x10, 0x01, 0x00, 0xD1, 0x01, 0x4D, 0x9E, 0x9C, 0x70, 0x07, 0xF9, 0x10, 0x01, 0xC4, 0xD2,
    0x00, 0x56, 0x04, 0x70, 0x00, 0x07, 0x00, 0x00, 0x00, 0xD1, 0x00, 0x00, 0x0D, 0x10, 0x04, 0xFF,
    0xFF, 0xF7, 0x00, 0x0D, 0x10, 0x00, 0x00, 0xD1, 0x00, 0x00, 0x06, 0x00, 0x00, 0x0F, 0x72, 0xF2,
    0x5B, 0x07, 0x60, 0x2F, 0xFF, 0x50, 0x2E, 0x52, 0xE5, 0x00, 0x00, 0xD0, 0x00, 0x05, 0x80, 0x00,
    0x0B, 0x30, 0x00, 0x1C, 0x00, 0x00, 0x76, 0x00, 0x00, 0xC1, 0x00, 0x03, 0xA0, 0x00, 0x09, 0x40,
    0x00, 0x1C, 0x00, 0x00, 0x58, 0x00, 0x00, 0xB2, 0x00, 0x00, 0x02, 0xCF, 0xD4, 0x00, 0xC6, 0x14,
    0xE1, 0x2D, 0x00, 0x0A, 0x54, 0xB1, 0xE3, 0x87, 0x4B, 0x1E, 0x38, 0x72, 0xD0, 0x00, 0xA5, 0x0C,
    0x61, 0x4E, 0x10, 0x2C, 0xFD, 0x40, 0x00, 0xAF, 0x60, 0x00, 0xAC, 0xA6, 0x00, 0x2C, 0x19, 0x60,
    0x00, 0x00, 0x96, 0x00, 0x00, 0x09, 0x60, 0x00, 0x00, 0x96, 0x00, 0x00, 0x09, 0x60, 0x00, 0xFF,
    0xFF, 0xFA, 0x03, 0xCE, 0xC4, 0x00, 0xD5, 0x15, 0xE0, 0x04, 0x00, 0x0F, 0x10, 0x00, 0x05, 0xC0,
    0x00, 0x05, 0xE2, 0x00, 0x07, 0xC2, 0x00, 0x08, 0x90, 0x00, 0x02, 0xFF, 0xFF, 0xF7, 0x03, 0xCF,
    0xD5, 0x00, 0xB4, 0x04, 0xE0, 0x00, 0x00, 0x5C, 0x00, 0x0A, 0xFD, 0x20, 0x00, 0x00, 0x5D, 0x00,
    0x00, 0x00, 0xD2, 0x3C, 0x20, 0x5E, 0x10, 0x6D, 0xEC, 0x30, 0x00, 0x05, 0xF8, 0x00, 0x01, 0xC8,
    0x80, 0x00, 0xA3, 0x78, 0x00, 0x67, 0x07, 0x80, 0x2A, 0x00, 0x78, 0x09, 0xFF, 0xFF, 0xFB, 0x00,
    0x00, 0x78, 0x00, 0x00, 0x07, 0x80, 0x09, 0xFF, 0xFF, 0x00, 0xA3, 0x00, 0x00, 0x0B, 0x20, 0x00,
    0x00, 0xC8, 0xED, 0x60, 0x08, 0x50, 0x3E, 0x30, 0x00, 0x00, 0xA5, 0x0C, 0x40, 0x3E, 0x20, 0x3C,
    0xED, 0x50, 0x00, 0x1B, 0x70, 0x00, 0x1C, 0x40, 0x00, 0x08, 0x70, 0x00, 0x00, 0xE9, 0xED, 0x70,
    0x3F, 0x40, 0x3D, 0x32, 0xC0, 0x00, 0xA6, 0x0D, 0x40, 0x3D, 0x30, 0x3C, 0xED, 0x50, 0x3F, 0xFF,
    0xFF, 0x63, 0xA0, 0x00, 0xD2, 0x00, 0x00, 0x59, 0x00, 0x00, 0x0C, 0x30, 0x00, 0x04, 0xB0, 0x00,
    0x00, 0xB4, 0x00, 0x00, 0x3C, 0x00, 0x00, 0x0A, 0x60, 0x00, 0x05, 0xDF, 0xD7, 0x00, 0xF4, 0x02,
    0xD3, 0x0D, 0x30, 0x2D, 0x20, 0x3E, 0xFF, 0x50, 0x1D, 0x40, 0x2C, 0x35, 0xB0, 0x00, 0x88, 0x2E,
    0x40, 0x2D, 0x50, 0x5D, 0xFD, 0x70, 0x03, 0xCE, 0xC4, 0x01, 0xD4, 0x03, 0xD2, 0x3C, 0x00, 0x0A,
    0x51, 0xE4, 0x03, 0xD6, 0x05, 0xDF, 0xAD, 0x30, 0x00, 0x04, 0xB0, 0x00, 0x02, 0xC2, 0x00, 0x04,
    0xC3, 0x00, 0x2E, 0x52, 0xE5, 0x00, 0x00, 0x00, 0x00, 0x02, 0xE5, 0x2E, 0x50, 0x2E, 0x52, 0xE5,
    0x00, 0x00, 0x00, 0x00, 0x00, 0xF7, 0x2F, 0x25, 0xB0, 0x76, 0x00, 0x00, 0x01, 0x93, 0x00, 0x6D,
    0x60, 0x4C, 0x81, 0x00, 0xF4, 0x00, 0x00, 0x4C, 0x81, 0x00, 0x00, 0x7D, 0x60, 0x00, 0x01, 0x93,
    0x4F, 0xFF, 0xFF, 0x70, 0x00, 0x00, 0x00, 0x4F, 0xFF, 0xFF, 0x70, 0xB2, 0x00, 0x00, 0x5D, 0x81,
    0x00, 0x00, 0x7D, 0x60, 0x00, 0x02, 0xE3, 0x00, 0x6D, 0x60, 0x4C, 0x81, 0x00, 0xB2, 0x00, 0x00,
    0x02, 0xBE, 0xD5, 0x00, 0xC6, 0x14, 0xF1, 0x04, 0x00, 0x1E, 0x00, 0x01, 0x8A, 0x40, 0x00, 0x2C,
    0x00, 0x00, 0x00, 0x00, 0x00, 0x00, 0x5E, 0x20, 0x00, 0x05, 0xE2, 0x00, 0x02, 0xBE, 0xD5, 0x00,
    0xC6, 0x13, 0xD1, 0x1C, 0x0B, 0xDB, 0x43, 0xA4, 0xA1, 0xA4, 0x4A, 0x67, 0x08, 0x43, 0xA5, 0x90,
    0x94, 0x1C, 0x1D, 0xDB, 0x40, 0xB7, 0x11, 0x00, 0x02, 0xBE, 0xF7, 0x00, 0x00, 0x3F, 0x60, 0x00,
    0x08, 0xAB, 0x00, 0x00, 0xD2, 0xE1, 0x00, 0x3C, 0x09, 0x60, 0x08, 0x80, 0x5B, 0x00, 0xCF, 0xFF,
    0xF1, 0x2E, 0x00, 0x0C, 0x57, 0x90, 0x00, 0x6A, 0xEF, 0xFE, 0x70, 0xE1, 0x02, 0xE2, 0xE1, 0x02,
    0xD1, 0xEF, 0xFF, 0x60, 0xE1, 0x02, 0xC4, 0xE1, 0x00, 0x87, 0xE1, 0x01, 0xC4, 0xEF, 0xFE, 0x80,
    0x01, 0xAE, 0xD5, 0x00, 0x99, 0x12, 0xD3, 0x0E, 0x10, 0x02, 0x02, 0xE0, 0x00, 0x00, 0x2E, 0x00,
    0x00, 0x00, 0xE1, 0x00, 0x20, 0x09, 0x91, 0x2D, 0x30, 0x1A, 0xED, 0x60, 0xDF, 0xFD, 0x40, 0xD2,
    0x05, 0xE1, 0xD2, 0x00, 0xA5, 0xD2, 0x00, 0x87, 0xD2, 0x00, 0x87, 0xD2, 0x00, 0xA5, 0xD2, 0x05,
    0xE1, 0xDF, 0xFC, 0x30, 0xEF, 0xFF, 0xF4, 0xE1, 0x00, 0x00, 0xE1, 0x00, 0x00, 0xEF, 0xFF, 0xF1,
    0xE1, 0x00, 0x00, 0xE1, 0x00, 0x00, 0xE1, 0x00, 0x00, 0xEF, 0xFF, 0xF4, 0xEF, 0xFF, 0xF5, 0xE1,
    0x00, 0x00, 0xE1, 0x00, 0x00, 0xEF, 0xFF, 0xF0, 0xE1, 0x00, 0x00, 0xE1, 0x00, 0x00, 0xE1, 0x00,
    0x00, 0xE1, 0x00, 0x00, 0x02, 0xCF, 0xC4, 0x00, 0xC7, 0x14, 0xD1, 0x2D, 0x00, 0x02, 0x04, 0xB0,
    0x00, 0x00, 0x4B, 0x07, 0xFF, 0x43, 0xD0, 0x00, 0xA4, 0x0D, 0x61, 0x3D, 0x40, 0x3D, 0xFA, 0xA4,
    0x1F, 0x00, 0x0C, 0x41, 0xF0, 0x00, 0xC4, 0x1F, 0x00, 0x0C, 0x41, 0xFF, 0xFF, 0xF4, 0x1F, 0x00,
    0x0C, 0x41, 0xF0, 0x00, 0xC4, 0x1F, 0x00, 0x0C, 0x41, 0xF0, 0x00, 0xC4, 0xFF, 0xFF, 0xF3, 0x00,
    0xE2, 0x00, 0x00, 0xE2, 0x00, 0x00, 0xE2, 0x00, 0x00, 0xE2, 0x00, 0x00, 0xE2, 0x00, 0x00, 0xE2,
    0x00, 0xFF, 0xFF, 0xF3, 0x04, 0xFF, 0xFC, 0x00, 0x00, 0x4C, 0x00, 0x00, 0x4C, 0x00, 0x00, 0x4C,
    0x00, 0x00, 0x4C, 0x01, 0x00, 0x4B, 0x0D, 0x41, 0x99, 0x04, 0xDE, 0xB1, 0xF0, 0x00, 0xB6, 0xF0,
    0x0A, 0x80, 0xF0, 0x8A, 0x00, 0xF6, 0xF2, 0x00, 0xFC, 0x8A, 0x00, 0xF2, 0x0C, 0x40, 0xF0, 0x03,
    0xD1, 0xF0, 0x00, 0x89, 0x87, 0x00, 0x00, 0x87, 0x00, 0x00, 0x87, 0x00, 0x00, 0x87, 0x00, 0x00,
    0x87, 0x00, 0x00, 0x87, 0x00, 0x00, 0x87, 0x00, 0x00, 0x8F, 0xFF, 0xF6, 0x3F, 0x50, 0x2F, 0x63,
    0xED, 0x0A, 0xE6, 0x3B, 0xA9, 0xD8, 0x63, 0xB3, 0xF5, 0x86, 0x3B, 0x07, 0x08, 0x63, 0xB0, 0x00,
    0x86, 0x3B, 0x00, 0x08, 0x63, 0xB0, 0x00, 0x86, 0x1F, 0x90, 0x0A, 0x41, 0xED, 0x10, 0xA4, 0x1D,
    0x87, 0x0A, 0x41, 0xD2, 0xD0, 0xA4, 0x1D, 0x0A, 0x5A, 0x41, 0xD0, 0x4B, 0xA4, 0x1D, 0x00, 0xCD,
    0x41, 0xD0, 0x06, 0xF4, 0x02, 0xCF, 0xD4, 0x00, 0xC6, 0x14, 0xE1, 0x2D, 0x00, 0x0A, 0x54, 0xB0,
    0x00, 0x87, 0x4B, 0x00, 0x08, 0x72, 0xD0, 0x00, 0xA5, 0x0C, 0x61, 0x4E, 0x10, 0x2C, 0xFD, 0x40,
    0xEF, 0xFE, 0x90, 0xE1, 0x01, 0xC5, 0xE1, 0x00, 0x87, 0xE1, 0x01, 0xC5, 0xEF, 0xFE, 0x90, 0xE1,
    0x00, 0x00, 0xE1, 0x00, 0x00, 0xE1, 0x00, 0x00, 0x02, 0xCF, 0xD4, 0x00, 0xD6, 0x14, 0xE1, 0x2D,
    0x00, 0x0A, 0x54, 0xB0, 0x00, 0x87, 0x4B, 0x00, 0x08, 0x73, 0xD0, 0x00, 0xA6, 0x0D, 0x61, 0x4E,
    0x10, 0x3C, 0xFD, 0x50, 0x00, 0x0D, 0x10, 0x00, 0x00, 0x8F, 0xD0, 0xEF, 0xFE, 0x90, 0xE1, 0x01,
    0xC5, 0xE1, 0x00, 0x87, 0xE1, 0x01, 0xC5, 0xEF, 0xFE, 0x80, 0xE1, 0x4C, 0x00, 0xE1, 0x08, 0x80,
    0xE1, 0x01, 0xD4, 0x05, 0xCF, 0xD7, 0x01, 0xE4, 0x02, 0xC3, 0x2E, 0x10, 0x00, 0x00, 0xAD, 0xA7,
    0x20, 0x00, 0x37, 0xAE, 0x20, 0x10, 0x00, 0x97, 0x3D, 0x40, 0x2C, 0x40, 0x5C, 0xFD, 0x70, 0xBF,
    0xFF, 0xFF, 0xE0, 0x00, 0xE2, 0x00, 0x00, 0x0E, 0x20, 0x00, 0x00, 0xE2, 0x00, 0x00, 0x0E, 0x20,
    0x00, 0x00, 0xE2, 0x00, 0x00, 0x0E, 0x20, 0x00, 0x00, 0xE2, 0x00, 0x1F, 0x00, 0x0C, 0x41, 0xF0,
    0x00, 0xC4, 0x1F, 0x00, 0x0C, 0x41, 0xF0, 0x00, 0xC4, 0x1F, 0x00, 0x0C, 0x30, 0xF0, 0x00, 0xC3,
    0x0C, 0x61, 0x4E, 0x00, 0x3D, 0xFD, 0x50, 0x6A, 0x00, 0x06, 0x92, 0xE0, 0x00, 0xB4, 0x0C, 0x40,
    0x1E, 0x00, 0x78, 0x05, 0xA0, 0x03, 0xD0, 0x95, 0x00, 0x0D, 0x2D, 0x10, 0x00, 0x8A, 0xB0, 0x00,
    0x04, 0xF7, 0x00, 0x85, 0x00, 0x02, 0xB7, 0x60, 0x00, 0x3A, 0x68, 0x1F, 0x44, 0x94, 0x94, 0xC8,
    0x57, 0x3A, 0x85, 0xB7, 0x62, 0xBB, 0x1C, 0x85, 0x1C, 0xC0, 0xAC, 0x40, 0xEA, 0x07, 0xF2, 0x3D,
    0x10, 0x09, 0x70, 0x88, 0x04, 0xC0, 0x01, 0xD4, 0xD3, 0x00, 0x04, 0xF7, 0x00, 0x00, 0x5E, 0x90,
    0x00, 0x1D, 0x2C, 0x40, 0x0A, 0x60, 0x3D, 0x15, 0xB0, 0x00, 0x89, 0x8A, 0x00, 0x06, 0xB1, 0xD3,
    0x01, 0xD2, 0x05, 0xB0, 0x88, 0x00, 0x0C, 0x6D, 0x10, 0x00, 0x3F, 0x60, 0x00, 0x00, 0xE2, 0x00,
    0x00, 0x0E, 0x20, 0x00, 0x00, 0xE2, 0x00, 0x3F, 0xFF, 0xFF, 0x60, 0x00, 0x02, 0xD2, 0x00, 0x01,
    0xC4, 0x00, 0x00, 0xA7, 0x00, 0x00, 0x7A, 0x00, 0x00, 0x4C, 0x10, 0x00, 0x2D, 0x20, 0x00, 0x06,
    0xFF, 0xFF, 0xF9, 0x4F, 0xFF, 0x14, 0x80, 0x00, 0x48, 0x00, 0x04, 0x80, 0x00, 0x48, 0x00, 0x04,
    0x80, 0x00, 0x48, 0x00, 0x04, 0x80, 0x00, 0x48, 0x00, 0x04, 0x80, 0x00, 0x4F, 0xFF, 0x10, 0xB2,
    0x00, 0x00, 0x58, 0x00, 0x00, 0x1C, 0x00, 0x00, 0x09, 0x40, 0x00, 0x03, 0xA0, 0x00, 0x00, 0xC1,
    0x00, 0x00, 0x76, 0x00, 0x00, 0x1C, 0x00, 0x00, 0x0B, 0x30, 0x00, 0x05, 0x80, 0x00, 0x00, 0xC0,
    0xDF, 0xF8, 0x00, 0x58, 0x00, 0x58, 0x00, 0x58, 0x00, 0x58, 0x00, 0x58, 0x00, 0x58, 0x00, 0x58,
    0x00, 0x58, 0x00, 0x58, 0xDF, 0xF8, 0x00, 0x3F, 0x60, 0x00, 0x0B, 0x4D, 0x10, 0x05, 0x90, 0x78,
    0x00, 0xC2, 0x01, 0xD2, 0x37, 0x00, 0x05, 0x60, 0x4F, 0xFF, 0xFF, 0x70, 0x11, 0x07, 0x80, 0x0B,
    0x00, 0x04, 0xCE, 0xC2, 0x00, 0x93, 0x19, 0xA0, 0x00, 0x00, 0x3B, 0x00, 0x9E, 0xFF, 0xB0, 0x2E,
    0x20, 0x1B, 0x00, 0x9E, 0xD2, 0xB9, 0xD1, 0x00, 0x00, 0xD1, 0x00, 0x00, 0xD1, 0x00, 0x00, 0xD6,
    0xDE, 0x70, 0xD6, 0x13, 0xD3, 0xD1, 0x00, 0x96, 0xD1, 0x00, 0x96, 0xD6, 0x03, 0xD3, 0xD6, 0xDE,
    0x70, 0x1A, 0xED, 0x40, 0x98, 0x13, 0xC0, 0xE1, 0x00, 0x00, 0xE1, 0x00, 0x00, 0xA8, 0x12, 0xC1,
    0x1A, 0xED, 0x50, 0x00, 0x00, 0x0E, 0x10, 0x00, 0x00, 0xE1, 0x00, 0x00, 0x0E, 0x10, 0x5D, 0xE7,
    0xE1, 0x1E, 0x41, 0x4F, 0x13, 0xC0, 0x00, 0xE1, 0x3C, 0x00, 0x0E, 0x11, 0xE4, 0x04, 0xF1, 0x05,
    0xDE, 0x7E, 0x10, 0x02, 0xBE, 0xD5, 0x00, 0xB4, 0x02, 0xC2, 0x2F, 0xFF, 0xFF, 0x52, 0xD0, 0x00,
    0x00, 0x0C, 0x61, 0x3C, 0x10, 0x2B, 0xED, 0x50, 0x00, 0x08, 0xFF, 0x80, 0x00, 0xE1, 0x00, 0x00,
    0x0E, 0x10, 0x02, 0xFF, 0xFF, 0xF8, 0x00, 0x0E, 0x10, 0x00, 0x00, 0xE1, 0x00, 0x00, 0x0E, 0x10,
    0x00, 0x00, 0xE1, 0x00, 0x0F, 0xFF, 0xFF, 0x40, 0x00, 0x00, 0x1E, 0xA0, 0x3C, 0xFD, 0x60, 0x0B,
    0x60, 0x4D, 0x00, 0xB6, 0x04, 0xD0, 0x02, 0xDF, 0xC3, 0x00, 0xA4, 0x00, 0x00, 0x08, 0xFF, 0xFD,
    0x42, 0xD1, 0x00, 0x7A, 0x09, 0xEF, 0xEB, 0x30, 0xC2, 0x00, 0x00, 0xC2, 0x00, 0x00, 0xC2, 0x00,
    0x00, 0xC4, 0xDD, 0x50, 0xC4, 0x14, 0xE0, 0xC2, 0x00, 0xD1, 0xC2, 0x00, 0xD1, 0xC2, 0x00, 0xD1,
    0xC2, 0x00, 0xD1, 0x00, 0x99, 0x00, 0x00, 0x99, 0x00, 0x00, 0x00, 0x00, 0xBF, 0xF7, 0x00, 0x00,
    0x87, 0x00, 0x00, 0x87, 0x00, 0x00, 0x87, 0x00, 0x00, 0x87, 0x00, 0xBF, 0xFF, 0xF8, 0x00, 0x0D,
    0x50, 0x00, 0xD5, 0x00, 0x00, 0x0D, 0xFF, 0xF3, 0x00, 0x0C, 0x30, 0x00, 0xC3, 0x00, 0x0C, 0x30,
    0x00, 0xC3, 0x00, 0x0C, 0x30, 0x00, 0xC3, 0xCF, 0xFC, 0x10, 0xB3, 0x00, 0x00, 0xB3, 0x00, 0x00,
    0xB3, 0x00, 0x00, 0xB3, 0x03, 0xC2, 0xB3, 0x5C, 0x20, 0xB9, 0xF4, 0x00, 0xB9, 0x4D, 0x10, 0xB3,
    0x07, 0xB0, 0xB3, 0x00, 0xA7, 0x1F, 0xFF, 0x10, 0x00, 0x00, 0xD1, 0x00, 0x00, 0x0D, 0x10, 0x00,
    0x00, 0xD1, 0x00, 0x00, 0x0D, 0x10, 0x00, 0x00, 0xD1, 0x00, 0x00, 0x0D, 0x10, 0x00, 0x00, 0xD1,
    0x00, 0x1F, 0xFF, 0xFF, 0x40, 0x58, 0xD7, 0x7E, 0x35, 0x81, 0xC2, 0x78, 0x58, 0x0D, 0x15, 0x85,
    0x80, 0xD1, 0x58, 0x58, 0x0D, 0x15, 0x85, 0x80, 0xD1, 0x58, 0xC4, 0xDD, 0x50, 0xC4, 0x14, 0xE0,
    0xC2, 0x00, 0xD1, 0xC2, 0x00, 0xD1, 0xC2, 0x00, 0xD1, 0xC2, 0x00, 0xD1, 0x02, 0xBE, 0xC4, 0x00,
    0xC5, 0x13, 0xD1, 0x2D, 0x00, 0x0A, 0x52, 0xD0, 0x00, 0xA5, 0x0D, 0x50, 0x3D, 0x10, 0x3C, 0xEC,
    0x40, 0xD6, 0xDE, 0x70, 0xD6, 0x13, 0xD3, 0xD1, 0x00, 0x96, 0xD1, 0x00, 0x96, 0xD6, 0x03, 0xD3,
    0xD6, 0xDE, 0x70, 0xD1, 0x00, 0x00, 0xD1, 0x00, 0x00, 0x05, 0xDE, 0x7E, 0x11, 0xE4, 0x14, 0xF1,
    0x3C, 0x00, 0x0E, 0x13, 0xC0, 0x00, 0xE1, 0x1E, 0x40, 0x4F, 0x10, 0x5D, 0xE7, 0xE1, 0x00, 0x00,
    0x0E, 0x10, 0x00, 0x00, 0xE1, 0x1F, 0xFB, 0x6E, 0xB0, 0x04, 0xB4, 0x00, 0x00, 0x4B, 0x00, 0x00,
    0x04, 0xB0, 0x00, 0x00, 0x4B, 0x00, 0x01, 0xFF, 0xFF, 0xF1, 0x03, 0xCF, 0xD7, 0x00, 0xC5, 0x02,
    0x60, 0x09, 0xC9, 0x62, 0x00, 0x04, 0x79, 0xE2, 0x08, 0x31, 0x1C, 0x30, 0x5D, 0xFD, 0x70, 0x00,
    0x77, 0x00, 0x00, 0x08, 0x70, 0x00, 0x8F, 0xFF, 0xFF, 0x50, 0x07, 0x70, 0x00, 0x00, 0x77, 0x00,
    0x00, 0x07, 0x70, 0x00, 0x00, 0x77, 0x00, 0x00, 0x03, 0xEF, 0xF5, 0xD1, 0x00, 0xE0, 0xD1, 0x00,
    0xE0, 0xD1, 0x00, 0xE0, 0xD1, 0x00, 0xE0, 0xB7, 0x04, 0xF0, 0x3D, 0xE9, 0xE0, 0x1D, 0x00, 0x0A,
    0x40, 0xA4, 0x01, 0xD0, 0x05, 0x90, 0x68, 0x00, 0x0D, 0x1B, 0x20, 0x00, 0x97, 0xC0, 0x00, 0x03,
    0xF6, 0x00, 0x84, 0x1F, 0x41, 0xB6, 0x64, 0xB7, 0x39, 0x49, 0x75, 0xA5, 0x71, 0xBA, 0x1B, 0x74,
    0x0C, 0xB0, 0xAB, 0x20, 0xCA, 0x07, 0xE0, 0x0C, 0x50, 0x2D, 0x20, 0x2D, 0x2B, 0x40, 0x00, 0x5E,
    0x70, 0x00, 0x06, 0xD9, 0x00, 0x03, 0xC1, 0xC5, 0x01, 0xC3, 0x02, 0xD2, 0x2C, 0x00, 0x09, 0x50,
    0xB4, 0x01, 0xD0, 0x04, 0xA0, 0x77, 0x00, 0x0C, 0x2D, 0x10, 0x00, 0x6C, 0x90, 0x00, 0x01, 0xE2,
    0x00, 0x00, 0x4B, 0x00, 0x00, 0xFE, 0x30, 0x00, 0xDF, 0xFF, 0xF1, 0x00, 0x07, 0xA0, 0x00, 0x89,
    0x00, 0x08, 0x90, 0x00, 0x89, 0x00, 0x00, 0xFF, 0xFF, 0xF3, 0x01, 0xEF, 0xE0, 0x3A, 0x00, 0x01,
    0xB0, 0x00, 0x06, 0x50, 0x00, 0x69, 0x0B, 0xFD, 0x20, 0x00, 0x69, 0x00, 0x06, 0x50, 0x01, 0xB0,
    0x00, 0x3A, 0x00, 0x01, 0xEF, 0xE0, 0xC0, 0xC0, 0xC0, 0xC0, 0xC0, 0xC0, 0xC0, 0xC0, 0xC0, 0xC0,
    0xC0, 0xBF, 0xE3, 0x00, 0x07, 0x60, 0x00, 0x93, 0x00, 0x39, 0x00, 0x06, 0x81, 0x00, 0x1A, 0xFE,
    0x06, 0x91, 0x00, 0x39, 0x00, 0x00, 0x93, 0x00, 0x07, 0x60, 0xBF, 0xE3, 0x00, 0x08, 0xE5, 0x04,
    0x61, 0xC2, 0xD4, 0x94, 0x47, 0x03, 0xEA, 0x00, 0xFF, 0xFF, 0xFF, 0xF3, 0x2E, 0x52, 0xE5,
];

const MONO_GLYPHS: &[Glyph; 97] = &[
    Glyph {
        advance: 7,
        left: 0,
        top: 0,
        width: 0,
        height: 0,
        offset: 0,
    },
    Glyph {
        advance: 7,
        left: 2,
        top: -8,
        width: 3,
        height: 8,
        offset: 0,
    },
    Glyph {
        advance: 7,
        left: 2,
        top: -9,
        width: 4,
        height: 4,
        offset: 12,
    },
    Glyph {
        advance: 7,
        left: 0,
        top: -8,
        width: 8,
        height: 8,
        offset: 20,
    },
    Glyph {
        advance: 7,
        left: 0,
        top: -9,
        width: 7,
        height: 10,
        offset: 52,
    },
    Glyph {
        advance: 7,
        left: 0,
        top: -8,
        width: 7,
        height: 8,
        offset: 87,
    },
    Glyph {
        advance: 7,
        left: 0,
        top: -8,
        width: 7,
        height: 8,
        offset: 115,
    },
    Glyph {
        advance: 7,
        left: 3,
        top: -9,
        width: 2,
        height: 4,
        offset: 143,
    },
    Glyph {
        advance: 7,
        left: 2,
        top: -9,
        width: 4,
        height: 11,
        offset: 147,
    },
    Glyph {
        advance: 7,
        left: 1,
        top: -9,
        width: 4,
        height: 11,
        offset: 169,
    },
    Glyph {
        advance: 7,
        left: 0,
        top: -7,
        width: 7,
        height: 6,
        offset: 191,
    },
    Glyph {
        advance: 7,
        left: 0,
        top: -7,
        width: 7,
        height: 7,
        offset: 212,
    },
    Glyph {
        advance: 7,
        left: 2,
        top: -2,
        width: 3,
        height: 4,
        offset: 237,
    },
    Glyph {
        advance: 7,
        left: 1,
        top: -4,
        width: 5,
        height: 1,
        offset: 243,
    },
    Glyph {
        advance: 7,
        left: 2,
        top: -2,
        width: 3,
        height: 2,
        offset: 246,
    },
    Glyph {
        advance: 7,
        left: 1,
        top: -9,
        width: 6,
        height: 11,
        offset: 249,
    },
    Glyph {
        advance: 7,
        left: 0,
        top: -8,
        width: 7,
        height: 8,
        offset: 282,
    },
    Glyph {
        advance: 7,
        left: 0,
        top: -8,
        width: 7,
        height: 8,
        offset: 310,
    },
    Glyph {
        advance: 7,
        left: 0,
        top: -8,
        width: 7,
        height: 8,
        offset: 338,
    },
    Glyph {
        advance: 7,
        left: 0,
        top: -8,
        width: 7,
        height: 8,
        offset: 366,
    },
    Glyph {
        advance: 7,
        left: 0,
        top: -8,
        width: 7,
        height: 8,
        offset: 394,
    },
    Glyph {
        advance: 7,
        left: 0,
        top: -8,
        width: 7,
        height: 8,
        offset: 422,
    },
    Glyph {
        advance: 7,
        left: 0,
        top: -8,
        width: 7,
        height: 8,
        offset: 450,
    },
    Glyph {
        advance: 7,
        left: 0,
        top: -8,
        width: 7,
        height: 8,
        offset: 478,
    },
    Glyph {
        advance: 7,
        left: 0,
        top: -8,
        width: 7,
        height: 8,
        offset: 506,
    },
    Glyph {
        advance: 7,
        left: 0,
        top: -8,
        width: 7,
        height: 8,
        offset: 534,
    },
    Glyph {
        advance: 7,
        left: 2,
        top: -7,
        width: 3,
        height: 7,
        offset: 562,
    },
    Glyph {
        advance: 7,
        left: 2,
        top: -7,
        width: 3,
        height: 9,
        offset: 573,
    },
    Glyph {
        advance: 7,
        left: 1,
        top: -7,
        width: 6,
        height: 7,
        offset: 587,
    },
    Glyph {
        advance: 7,
        left: 0,
        top: -5,
        width: 7,
        height: 3,
        offset: 608,
    },
    Glyph {
        advance: 7,
        left: 1,
        top: -7,
        width: 6,
        height: 7,
        offset: 619,
    },
    Glyph {
        advance: 7,
        left: 0,
        top: -8,
        width: 7,
        height: 8,
        offset: 640,
    },
    Glyph {
        advance: 7,
        left: 0,
        top: -8,
        width: 7,
        height: 9,
        offset: 668,
    },
    Glyph {
        advance: 7,
        left: 0,
        top: -8,
        width: 7,
        height: 8,
        offset: 700,
    },
    Glyph {
        advance: 7,
        left: 1,
        top: -8,
        width: 6,
        height: 8,
        offset: 728,
    },
    Glyph {
        advance: 7,
        left: 0,
        top: -8,
        width: 7,
        height: 8,
        offset: 752,
    },
    Glyph {
        advance: 7,
        left: 1,
        top: -8,
        width: 6,
        height: 8,
        offset: 780,
    },
    Glyph {
        advance: 7,
        left: 1,
        top: -8,
        width: 6,
        height: 8,
        offset: 804,
    },
    Glyph {
        advance: 7,
        left: 1,
        top: -8,
        width: 6,
        height: 8,
        offset: 828,
    },
    Glyph {
        advance: 7,
        left: 0,
        top: -8,
        width: 7,
        height: 8,
        offset: 852,
    },
    Glyph {
        advance: 7,
        left: 0,
        top: -8,
        width: 7,
        height: 8,
        offset: 880,
    },
    Glyph {
        advance: 7,
        left: 1,
        top: -8,
        width: 6,
        height: 8,
        offset: 908,
    },
    Glyph {
        advance: 7,
        left: 0,
        top: -8,
        width: 6,
        height: 8,
        offset: 932,
    },
    Glyph {
        advance: 7,
        left: 1,
        top: -8,
        width: 6,
        height: 8,
        offset: 956,
    },
    Glyph {
        advance: 7,
        left: 1,
        top: -8,
        width: 6,
        height: 8,
        offset: 980,
    },
    Glyph {
        advance: 7,
        left: 0,
        top: -8,
        width: 7,
        height: 8,
        offset: 1004,
    },
    Glyph {
        advance: 7,
        left: 0,
        top: -8,
        width: 7,
        height: 8,
        offset: 1032,
    },
    Glyph {
        advance: 7,
        left: 0,
        top: -8,
        width: 7,
        height: 8,
        offset: 1060,
    },
    Glyph {
        advance: 7,
        left: 1,
        top: -8,
        width: 6,
        height: 8,
        offset: 1088,
    },
    Glyph {
        advance: 7,
        left: 0,
        top: -8,
        width: 7,
        height: 10,
        offset: 1112,
    },
    Glyph {
        advance: 7,
        left: 1,
        top: -8,
        width: 6,
        height: 8,
        offset: 1147,
    },
    Glyph {
        advance: 7,
        left: 0,
        top: -8,
        width: 7,
        height: 8,
        offset: 1171,
    },
    Glyph {
        advance: 7,
        left: 0,
        top: -8,
        width: 7,
        height: 8,
        offset: 1199,
    },
    Glyph {
        advance: 7,
        left: 0,
        top: -8,
        width: 7,
        height: 8,
        offset: 1227,
    },
    Glyph {
        advance: 7,
        left: 0,
        top: -8,
        width: 7,
        height: 8,
        offset: 1255,
    },
    Glyph {
        advance: 7,
        left: 0,
        top: -8,
        width: 7,
        height: 8,
        offset: 1283,
    },
    Glyph {
        advance: 7,
        left: 0,
        top: -8,
        width: 7,
        height: 8,
        offset: 1311,
    },
    Glyph {
        advance: 7,
        left: 0,
        top: -8,
        width: 7,
        height: 8,
        offset: 1339,
    },
    Glyph {
        advance: 7,
        left: 0,
        top: -8,
        width: 7,
        height: 8,
        offset: 1367,
    },
    Glyph {
        advance: 7,
        left: 2,
        top: -9,
        width: 5,
        height: 11,
        offset: 1395,
    },
    Glyph {
        advance: 7,
        left: 1,
        top: -9,
        width: 6,
        height: 11,
        offset: 1423,
    },
    Glyph {
        advance: 7,
        left: 1,
        top: -9,
        width: 4,
        height: 11,
        offset: 1456,
    },
    Glyph {
        advance: 7,
        left: 0,
        top: -8,
        width: 7,
        height: 5,
        offset: 1478,
    },
    Glyph {
        advance: 7,
        left: 0,
        top: 1,
        width: 7,
        height: 1,
        offset: 1496,
    },
    Glyph {
        advance: 7,
        left: 2,
        top: -10,
        width: 3,
        height: 3,
        offset: 1500,
    },
    Glyph {
        advance: 7,
        left: 0,
        top: -6,
        width: 7,
        height: 6,
        offset: 1505,
    },
    Glyph {
        advance: 7,
        left: 1,
        top: -9,
        width: 6,
        height: 9,
        offset: 1526,
    },
    Glyph {
        advance: 7,
        left: 1,
        top: -6,
        width: 6,
        height: 6,
        offset: 1553,
    },
    Glyph {
        advance: 7,
        left: 0,
        top: -9,
        width: 7,
        height: 9,
        offset: 1571,
    },
    Glyph {
        advance: 7,
        left: 0,
        top: -6,
        width: 7,
        height: 6,
        offset: 1603,
    },
    Glyph {
        advance: 7,
        left: 0,
        top: -9,
        width: 7,
        height: 9,
        offset: 1624,
    },
    Glyph {
        advance: 7,
        left: 0,
        top: -7,
        width: 7,
        height: 9,
        offset: 1656,
    },
    Glyph {
        advance: 7,
        left: 1,
        top: -9,
        width: 6,
        height: 9,
        offset: 1688,
    },
    Glyph {
        advance: 7,
        left: 1,
        top: -9,
        width: 6,
        height: 9,
        offset: 1715,
    },
    Glyph {
        advance: 7,
        left: 1,
        top: -9,
        width: 5,
        height: 11,
        offset: 1742,
    },
    Glyph {
        advance: 7,
        left: 1,
        top: -9,
        width: 6,
        height: 9,
        offset: 1770,
    },
    Glyph {
        advance: 7,
        left: 0,
        top: -9,
        width: 7,
        height: 9,
        offset: 1797,
    },
    Glyph {
        advance: 7,
        left: 0,
        top: -6,
        width: 7,
        height: 6,
        offset: 1829,
    },
    Glyph {
        advance: 7,
        left: 1,
        top: -6,
        width: 6,
        height: 6,
        offset: 1850,
    },
    Glyph {
        advance: 7,
        left: 0,
        top: -6,
        width: 7,
        height: 6,
        offset: 1868,
    },
    Glyph {
        advance: 7,
        left: 1,
        top: -6,
        width: 6,
        height: 8,
        offset: 1889,
    },
    Glyph {
        advance: 7,
        left: 0,
        top: -6,
        width: 7,
        height: 8,
        offset: 1913,
    },
    Glyph {
        advance: 7,
        left: 0,
        top: -6,
        width: 7,
        height: 6,
        offset: 1941,
    },
    Glyph {
        advance: 7,
        left: 0,
        top: -6,
        width: 7,
        height: 6,
        offset: 1962,
    },
    Glyph {
        advance: 7,
        left: 0,
        top: -8,
        width: 7,
        height: 8,
        offset: 1983,
    },
    Glyph {
        advance: 7,
        left: 1,
        top: -6,
        width: 6,
        height: 6,
        offset: 2011,
    },
    Glyph {
        advance: 7,
        left: 0,
        top: -6,
        width: 7,
        height: 6,
        offset: 2029,
    },
    Glyph {
        advance: 7,
        left: 0,
        top: -6,
        width: 7,
        height: 6,
        offset: 2050,
    },
    Glyph {
        advance: 7,
        left: 0,
        top: -6,
        width: 7,
        height: 6,
        offset: 2071,
    },
    Glyph {
        advance: 7,
        left: 0,
        top: -6,
        width: 7,
        height: 8,
        offset: 2092,
    },
    Glyph {
        advance: 7,
        left: 1,
        top: -6,
        width: 6,
        height: 6,
        offset: 2120,
    },
    Glyph {
        advance: 7,
        left: 1,
        top: -9,
        width: 5,
        height: 11,
        offset: 2138,
    },
    Glyph {
        advance: 7,
        left: 3,
        top: -9,
        width: 2,
        height: 11,
        offset: 2166,
    },
    Glyph {
        advance: 7,
        left: 1,
        top: -9,
        width: 5,
        height: 11,
        offset: 2177,
    },
    Glyph {
        advance: 7,
        left: 0,
        top: -5,
        width: 7,
        height: 3,
        offset: 2205,
    },
    Glyph {
        advance: 7,
        left: 0,
        top: -4,
        width: 8,
        height: 1,
        offset: 2216,
    },
    Glyph {
        advance: 7,
        left: 2,
        top: -5,
        width: 3,
        height: 2,
        offset: 2220,
    },
];

pub(super) const MONO: Font = Font {
    ascent: 13,
    descent: 4,
    glyphs: MONO_GLYPHS,
    data: MONO_DATA,
};

const MONO_SMALL_DATA: &[u8] = &[
    0x3C, 0x03, 0xC0, 0x2B, 0x01, 0x90, 0x07, 0x00, 0x00, 0x6E, 0x06, 0xE0, 0x1B, 0x2B, 0x1B, 0x2B,
    0x1B, 0x2B, 0x01, 0x00, 0x00, 0x84, 0x74, 0x00, 0x0B, 0x2A, 0x10, 0x6F, 0xE0, 0xDF, 0x60, 0x1C,
    0x0B, 0x00, 0x03, 0x93, 0xA0, 0x0C, 0xF6, 0x5F, 0xF0, 0x07, 0x48, 0x50, 0x00, 0xA1, 0xA2, 0x00,
    0x00, 0x0A, 0x00, 0x00, 0x5D, 0xFC, 0x30, 0x1D, 0x2A, 0x5A, 0x02, 0xC0, 0xA0, 0x00, 0x0B, 0xDD,
    0x50, 0x00, 0x04, 0xDB, 0xB0, 0x00, 0x0A, 0x0D, 0x13, 0xC3, 0xA4, 0xD0, 0x06, 0xDF, 0xC4, 0x00,
    0x00, 0xA0, 0x00, 0x4E, 0xC1, 0x0A, 0x2B, 0x37, 0x63, 0x90, 0xB3, 0x76, 0xA2, 0x04, 0xEC, 0x23,
    0x00, 0x01, 0x35, 0xEB, 0x00, 0x75, 0xB2, 0x85, 0x1B, 0x0B, 0x28, 0x58, 0x40, 0x5E, 0xB0, 0x05,
    0xED, 0x30, 0x00, 0xD2, 0x47, 0x00, 0x0C, 0x10, 0x00, 0x00, 0x8B, 0x06, 0xF3, 0x5B, 0xA8, 0x74,
    0x0A, 0x40, 0xCD, 0x20, 0x98, 0x15, 0xE3, 0x02, 0xCF, 0xA3, 0xC1, 0x2B, 0x2B, 0x2B, 0x00, 0x02,
    0xA1, 0x0A, 0x20, 0x38, 0x00, 0x83, 0x00, 0xA1, 0x00, 0xA1, 0x00, 0x83, 0x00, 0x38, 0x00, 0x0A,
    0x20, 0x02, 0xA1, 0x58, 0x00, 0x07, 0x50, 0x00, 0xB0, 0x00, 0x92, 0x00, 0x84, 0x00, 0x84, 0x00,
    0x92, 0x00, 0xB0, 0x07, 0x50, 0x58, 0x00, 0x00, 0x2B, 0x00, 0x01, 0x12, 0xB0, 0x30, 0x4B, 0xCE,
    0xC9, 0x00, 0x0A, 0xD4, 0x00, 0x05, 0x92, 0xC1, 0x00, 0x31, 0x03, 0x00, 0x00, 0x13, 0x00, 0x00,
    0x2B, 0x00, 0x00, 0x2B, 0x00, 0x5F, 0xFF, 0xFE, 0x00, 0x2B, 0x00, 0x00, 0x2B, 0x00, 0x00, 0x13,
    0x00, 0x4F, 0x16, 0xC0, 0x87, 0x0A, 0x20, 0x4F, 0xFD, 0x6E, 0x06, 0xE0, 0x00, 0x06, 0x60, 0x00,
    0xB1, 0x00, 0x2A, 0x00, 0x08, 0x40, 0x00, 0xC0, 0x00, 0x48, 0x00, 0x0A, 0x20, 0x01, 0xB0, 0x00,
    0x75, 0x00, 0x0B, 0x00, 0x00, 0x03, 0xDF, 0xA0, 0x0D, 0x41, 0x98, 0x4A, 0x00, 0x1C, 0x59, 0x00,
    0x0E, 0x59, 0x4C, 0x0E, 0x4A, 0x00, 0x1D, 0x0D, 0x41, 0x98, 0x03, 0xDF, 0xA1, 0x01, 0xCF, 0x10,
    0x00, 0xB9, 0xD1, 0x00, 0x3B, 0x0D, 0x10, 0x00, 0x00, 0xD1, 0x00, 0x00, 0x0D, 0x10, 0x00, 0x00,
    0xD1, 0x00, 0x00, 0x0D, 0x10, 0x01, 0xFF, 0xFF, 0xF1, 0x04, 0xDE, 0xA0, 0x1D, 0x31, 0xA6, 0x02,
    0x00, 0x68, 0x00, 0x00, 0xB5, 0x00, 0x09, 0xA0, 0x00, 0xA9, 0x00, 0x0A, 0x60, 0x00, 0x3F, 0xFF,
    0xFE, 0x05, 0xDE, 0xA1, 0x0B, 0x21, 0xA7, 0x00, 0x01, 0xA5, 0x00, 0xDF, 0x80, 0x00, 0x01, 0xA6,
    0x00, 0x00, 0x5A, 0x3A, 0x11, 0xA7, 0x07, 0xEE, 0x90, 0x00, 0x09, 0xF0, 0x00, 0x04, 0x9D, 0x00,
    0x01, 0xB1, 0xD0, 0x00, 0x83, 0x0D, 0x00, 0x38, 0x00, 0xD0, 0x09, 0xFF, 0xFF, 0xF3, 0x00, 0x00,
    0xD0, 0x00, 0x00, 0x0D, 0x00, 0x0B, 0xFF, 0xF8, 0x0B, 0x10, 0x00, 0x0C, 0x00, 0x00, 0x0C, 0xAE,
    0xB2, 0x08, 0x31, 0x8A, 0x00, 0x00, 0x2C, 0x1B, 0x21, 0x89, 0x05, 0xDE, 0xA1, 0x00, 0x3C, 0x30,
    0x02, 0xC1, 0x00, 0x0A, 0x40, 0x00, 0x1D, 0xAE, 0xC2, 0x3E, 0x31, 0x7A, 0x3A, 0x00, 0x1D, 0x1D,
    0x31, 0x79, 0x04, 0xDE, 0xA1, 0x4F, 0xFF, 0xFD, 0x48, 0x00, 0x59, 0x00, 0x00, 0xB2, 0x00, 0x03,
    0xB0, 0x00, 0x09, 0x50, 0x00, 0x1D, 0x00, 0x00, 0x78, 0x00, 0x00, 0xD2, 0x00, 0x07, 0xDF, 0xC3,
    0x1E, 0x20, 0x7A, 0x1C, 0x20, 0x68, 0x04, 0xFF, 0xC1, 0x2C, 0x21, 0x6A, 0x59, 0x00, 0x0E, 0x3D,
    0x21, 0x6C, 0x06, 0xDE, 0xB2, 0x05, 0xDE, 0xA1, 0x1D, 0x31, 0x78, 0x4A, 0x00, 0x1C, 0x2E, 0x31,
    0x7D, 0x06, 0xEE, 0x9A, 0x00, 0x00, 0xA4, 0x00, 0x06, 0xA0, 0x00, 0x7A, 0x10, 0x6E, 0x06, 0xE0,
    0x00, 0x00, 0x00, 0x6E, 0x06, 0xE0, 0x6E, 0x06, 0xE0, 0x00, 0x00, 0x00, 0x4F, 0x16, 0xC0, 0x87,
    0x0A, 0x20, 0x00, 0x00, 0x58, 0x00, 0x4B, 0x71, 0x0B, 0x81, 0x00, 0x0B, 0x91, 0x00, 0x00, 0x4B,
    0x81, 0x00, 0x00, 0x58, 0x5F, 0xFF, 0xFE, 0x00, 0x00, 0x00, 0x5F, 0xFF, 0xFE, 0x1A, 0x20, 0x00,
    0x03, 0xB9, 0x10, 0x00, 0x04, 0xB6, 0x00, 0x04, 0xB6, 0x03, 0xA9, 0x20, 0x1A, 0x20, 0x00, 0x03,
    0xCE, 0xB1, 0x0D, 0x41, 0x98, 0x02, 0x00, 0x77, 0x00, 0x39, 0x90, 0x00, 0x68, 0x00, 0x00, 0x00,
    0x00, 0x00, 0x8B, 0x00, 0x00, 0x8B, 0x00, 0x04, 0xCE, 0xA1, 0x0D, 0x41, 0x88, 0x2A, 0x2D, 0xAB,
    0x48, 0x86, 0x3C, 0x58, 0x93, 0x0C, 0x48, 0x85, 0x1C, 0x2A, 0x3E, 0xAC, 0x0C, 0x51, 0x00, 0x03,
    0xCF, 0xF0, 0x00, 0x7F, 0x10, 0x00, 0x0B, 0x95, 0x00, 0x01, 0xC4, 0xA0, 0x00, 0x59, 0x0D, 0x00,
    0x0A, 0x50, 0xB4, 0x00, 0xEF, 0xFF, 0x80, 0x3C, 0x00, 0x3C, 0x08, 0x70, 0x00, 0xD2, 0x0F, 0xFF,
    0xC2, 0x0D, 0x00, 0x79, 0x0D, 0x00, 0x78, 0x0F, 0xFF, 0xD1, 0x0D, 0x00, 0x5B, 0x0D, 0x00, 0x0E,
    0x0D, 0x00, 0x5B, 0x0F, 0xFF, 0xD3, 0x02, 0xCE, 0xB1, 0x0B, 0x61, 0x6A, 0x1D, 0x00, 0x01, 0x3B,
    0x00, 0x00, 0x3B, 0x00, 0x00, 0x1D, 0x00, 0x01, 0x0B, 0x61, 0x6A, 0x02, 0xCF, 0xB1, 0xEF, 0xEA,
    0x1E, 0x01, 0xA7, 0xE0, 0x02, 0xCE, 0x00, 0x0E, 0xE0, 0x00, 0xEE, 0x00, 0x2C, 0xE0, 0x1A, 0x7E,
    0xFE, 0x90, 0x0F, 0xFF, 0xFB, 0x0E, 0x00, 0x00, 0x0E, 0x00, 0x00, 0x0F, 0xFF, 0xF9, 0x0E, 0x00,
    0x00, 0x0E, 0x00, 0x00, 0x0E, 0x00, 0x00, 0x0F, 0xFF, 0xFB, 0x0F, 0xFF, 0xFC, 0x0E, 0x00, 0x00,
    0x0E, 0x00, 0x00, 0x0F, 0xFF, 0xF8, 0x0E, 0x00, 0x00, 0x0E, 0x00, 0x00, 0x0E, 0x00, 0x00, 0x0E,
    0x00, 0x00, 0x04, 0xDE, 0xA0, 0x0D, 0x51, 0x88, 0x3B, 0x00, 0x01, 0x59, 0x00, 0x00, 0x59, 0x0B,
    0xFB, 0x4B, 0x00, 0x2B, 0x0E, 0x41, 0x7B, 0x05, 0xEE, 0x6B, 0x2C, 0x00, 0x3B, 0x2C, 0x00, 0x3B,
    0x2C, 0x00, 0x3B, 0x2F, 0xFF, 0xFB, 0x2C, 0x00, 0x3B, 0x2C, 0x00, 0x3B, 0x2C, 0x00, 0x3B, 0x2C,
    0x00, 0x3B, 0x1F, 0xFF, 0xFA, 0x00, 0x2C, 0x00, 0x00, 0x2C, 0x00, 0x00, 0x2C, 0x00, 0x00, 0x2C,
    0x00, 0x00, 0x2C, 0x00, 0x00, 0x2C, 0x00, 0x1F, 0xFF, 0xFA, 0x06, 0xFF, 0xF4, 0x00, 0x00, 0xA4,
    0x00, 0x00, 0xA4, 0x00, 0x00, 0xA4, 0x00, 0x00, 0xA4, 0x00, 0x00, 0xA4, 0x1D, 0x22, 0xD2, 0x05,
    0xEE, 0x70, 0x1D, 0x00, 0x4C, 0x11, 0xD0, 0x2D, 0x20, 0x1D, 0x0C, 0x40, 0x01, 0xD9, 0xB0, 0x00,
    0x1F, 0x9C, 0x40, 0x01, 0xE0, 0x3D, 0x00, 0x1D, 0x00, 0x97, 0x01, 0xD0, 0x01, 0xD2, 0xA4, 0x00,
    0x0A, 0x40, 0x00, 0xA4, 0x00, 0x0A, 0x40, 0x00, 0xA4, 0x00, 0x0A, 0x40, 0x00, 0xA4, 0x00, 0x0A,
    0xFF, 0xFD, 0x4F, 0x20, 0x7D, 0x4D, 0x70, 0xAD, 0x49, 0xA2, 0x8D, 0x49, 0x99, 0x3D, 0x49, 0x3C,
    0x0D, 0x49, 0x05, 0x0D, 0x49, 0x00, 0x0D, 0x49, 0x00, 0x0D, 0x2F, 0x60, 0x2B, 0x2C, 0xB0, 0x2B,
    0x2B, 0xB2, 0x2B, 0x2B, 0x58, 0x2B, 0x2B, 0x0C, 0x2B, 0x2B, 0x08, 0x6B, 0x2B, 0x03, 0xCB, 0x2B,
    0x00, 0xCB, 0x03, 0xDF, 0xA0, 0x0D, 0x41, 0x98, 0x4B, 0x00, 0x2C, 0x59, 0x00, 0x0E, 0x59, 0x00,
    0x0E, 0x4B, 0x00, 0x2D, 0x0D, 0x41, 0x98, 0x03, 0xDF, 0xA1, 0x0F, 0xFF, 0xD3, 0x0E, 0x00, 0x4C,
    0x0E, 0x00, 0x0E, 0x0E, 0x00, 0x4C, 0x0F, 0xFF, 0xD3, 0x0E, 0x00, 0x00, 0x0E, 0x00, 0x00, 0x0E,
    0x00, 0x00, 0x03, 0xDF, 0xA0, 0x0D, 0x41, 0x98, 0x4B, 0x00, 0x2D, 0x59, 0x00, 0x0E, 0x59, 0x00,
    0x0E, 0x4B, 0x00, 0x2D, 0x0D, 0x41, 0x98, 0x04, 0xDF, 0xA1, 0x00, 0x2B, 0x00, 0x00, 0x0C, 0xF6,
    0x0F, 0xFF, 0xD3, 0x0E, 0x00, 0x4C, 0x0E, 0x00, 0x0E, 0x0E, 0x00, 0x4C, 0x0F, 0xFF, 0xC3, 0x0E,
    0x08, 0x70, 0x0E, 0x01, 0xD2, 0x0E, 0x00, 0x5B, 0x06, 0xDF, 0xB2, 0x1D, 0x20, 0x59, 0x3C, 0x00,
    0x00, 0x0B, 0xD9, 0x50, 0x00, 0x47, 0xC9, 0x00, 0x00, 0x1E, 0x3B, 0x20, 0x6C, 0x06, 0xDE, 0xB3,
    0xBF, 0xFF, 0xFF, 0x50, 0x02, 0xC0, 0x00, 0x00, 0x2C, 0x00, 0x00, 0x02, 0xC0, 0x00, 0x00, 0x2C,
    0x00, 0x00, 0x02, 0xC0, 0x00, 0x00, 0x2C, 0x00, 0x00, 0x02, 0xC0, 0x00, 0x2C, 0x00, 0x3B, 0x2C,
    0x00, 0x3B, 0x2C, 0x00, 0x3B, 0x2C, 0x00, 0x3B, 0x2C, 0x00, 0x3B, 0x1D, 0x00, 0x4A, 0x0D, 0x41,
    0x97, 0x05, 0xEF, 0xB1, 0x78, 0x00, 0x0D, 0x13, 0xC0, 0x02, 0xC0, 0x0D, 0x10, 0x67, 0x00, 0x95,
    0x0A, 0x30, 0x05, 0x90, 0xD0, 0x00, 0x1D, 0x49, 0x00, 0x00, 0xBA, 0x50, 0x00, 0x07, 0xF1, 0x00,
    0x94, 0x00, 0x09, 0x38, 0x50, 0x00, 0xA2, 0x66, 0x5E, 0x0B, 0x05, 0x78, 0xB2, 0xC0, 0x48, 0xA6,
    0x5C, 0x03, 0x9B, 0x38, 0xC0, 0x2B, 0x90, 0xBB, 0x01, 0xF6, 0x0C, 0xA0, 0x4B, 0x00, 0x2D, 0x10,
    0xA5, 0x0A, 0x50, 0x02, 0xD4, 0xB0, 0x00, 0x07, 0xE2, 0x00, 0x00, 0x8E, 0x30, 0x00, 0x3C, 0x3C,
    0x00, 0x0C, 0x30, 0x96, 0x06, 0x90, 0x01, 0xD1, 0x88, 0x00, 0x0D, 0x21, 0xD1, 0x06, 0x90, 0x07,
    0x80, 0xD1, 0x00, 0x0D, 0x78, 0x00, 0x00, 0x6E, 0x10, 0x00, 0x02, 0xC0, 0x00, 0x00, 0x2C, 0x00,
    0x00, 0x02, 0xC0, 0x00, 0x4F, 0xFF, 0xFD, 0x00, 0x00, 0x07, 0x80, 0x00, 0x03, 0xC0, 0x00, 0x01,
    0xC2, 0x00, 0x00, 0xA5, 0x00, 0x00, 0x69, 0x00, 0x00, 0x2C, 0x10, 0x00, 0x07, 0xFF, 0xFF, 0xF1,
    0x8F, 0xF8, 0x84, 0x00, 0x84, 0x00, 0x84, 0x00, 0x84, 0x00, 0x84, 0x00, 0x84, 0x00, 0x84, 0x00,
    0x84, 0x00, 0x8F, 0xF8, 0xB0, 0x00, 0x07, 0x50, 0x00, 0x1B, 0x00, 0x00, 0xA2, 0x00, 0x04, 0x80,
    0x00, 0x0C, 0x00, 0x00, 0x84, 0x00, 0x02, 0xA0, 0x00, 0x0B, 0x10, 0x00, 0x66, 0xEF, 0xF2, 0x00,
    0xA2, 0x00, 0xA2, 0x00, 0xA2, 0x00, 0xA2, 0x00, 0xA2, 0x00, 0xA2, 0x00, 0xA2, 0x00, 0xA2, 0xEF,
    0xF2, 0x00, 0x7E, 0x20, 0x00, 0x1B, 0x59, 0x00, 0x09, 0x40, 0xB3, 0x02, 0xB0, 0x03, 0xB0, 0x22,
    0x00, 0x05, 0x00, 0x5F, 0xFF, 0xFE, 0x00, 0xA3, 0x28, 0x05, 0xDE, 0x80, 0x00, 0x92, 0x2D, 0x30,
    0x00, 0x00, 0xA4, 0x00, 0xAE, 0xFF, 0x40, 0x3C, 0x11, 0x74, 0x00, 0xAE, 0xA3, 0xF1, 0xD0, 0x00,
    0x0D, 0x00, 0x00, 0xD7, 0xEC, 0x2E, 0x41, 0x7A, 0xD0, 0x00, 0xDD, 0x00, 0x0D, 0xE3, 0x17, 0xAD,
    0x7E, 0xC2, 0x02, 0xBE, 0xA1, 0x0B, 0x51, 0x75, 0x0D, 0x00, 0x00, 0x0D, 0x00, 0x00, 0x0B, 0x50,
    0x67, 0x02, 0xBE, 0xB1, 0x00, 0x00, 0x58, 0x00, 0x00, 0x58, 0x06, 0xED, 0x78, 0x1D, 0x31, 0x98,
    0x4A, 0x00, 0x58, 0x4A, 0x00, 0x58, 0x1D, 0x31, 0x98, 0x06, 0xED, 0x78, 0x03, 0xCE, 0xA1, 0x0B,
    0x20, 0x69, 0x3F, 0xFF, 0xFC, 0x3B, 0x00, 0x00, 0x0D, 0x41, 0x77, 0x03, 0xCE, 0xB1, 0x00, 0x1D,
    0xFF, 0x00, 0x3B, 0x00, 0x3F, 0xFF, 0xFF, 0x00, 0x3B, 0x00, 0x00, 0x3B, 0x00, 0x00, 0x3B, 0x00,
    0x00, 0x3B, 0x00, 0x1F, 0xFF, 0xFB, 0x00, 0x00, 0x7F, 0x20, 0x4D, 0xED, 0x10, 0x0D, 0x31, 0xA6,
    0x00, 0xC3, 0x1A, 0x50, 0x03, 0xEE, 0xA0, 0x00, 0xB2, 0x00, 0x00, 0x09, 0xFF, 0xEA, 0x03, 0xB1,
    0x01, 0xD2, 0x1A, 0xEF, 0xD8, 0x00, 0xD0, 0x00, 0x0D, 0x00, 0x00, 0xD5, 0xEB, 0x1D, 0x21, 0x97,
    0xD0, 0x05, 0x9D, 0x00, 0x49, 0xD0, 0x04, 0x9D, 0x00, 0x49, 0x00, 0xD3, 0x00, 0x00, 0x00, 0xCF,
    0xF1, 0x00, 0x0C, 0x10, 0x00, 0xC1, 0x00, 0x0C, 0x10, 0x00, 0xC1, 0x0C, 0xFF, 0xFF, 0x00, 0x4C,
    0x00, 0x00, 0xFF, 0xFB, 0x00, 0x2B, 0x00, 0x2B, 0x00, 0x2B, 0x00, 0x2B, 0x00, 0x2B, 0x00, 0x2B,
    0xDF, 0xF7, 0xD0, 0x00, 0x00, 0xD0, 0x00, 0x00, 0xD0, 0x08, 0x80, 0xD1, 0x98, 0x00, 0xD9, 0xD0,
    0x00, 0xD6, 0x88, 0x00, 0xD0, 0x0C, 0x40, 0xD0, 0x03, 0xD1, 0x2F, 0xFB, 0x00, 0x00, 0x2B, 0x00,
    0x00, 0x2B, 0x00, 0x00, 0x2B, 0x00, 0x00, 0x2B, 0x00, 0x00, 0x2B, 0x00, 0x00, 0x2B, 0x00, 0x2F,
    0xFF, 0xFB, 0x68, 0xE3, 0xCA, 0x66, 0x49, 0x1D, 0x66, 0x2B, 0x0C, 0x66, 0x2B, 0x0C, 0x66, 0x2B,
    0x0C, 0x66, 0x2B, 0x0C, 0xD5, 0xEB, 0x1D, 0x21, 0x97, 0xD0, 0x05, 0x9D, 0x00, 0x49, 0xD0, 0x04,
    0x9D, 0x00, 0x49, 0x04, 0xCE, 0xA1, 0x1D, 0x31, 0x88, 0x3A, 0x00, 0x1C, 0x3A, 0x00, 0x1C, 0x1D,
    0x31, 0x88, 0x04, 0xDE, 0xA1, 0xD7, 0xEC, 0x2E, 0x41, 0x7A, 0xD0, 0x00, 0xDD, 0x00, 0x0D, 0xE3,
    0x17, 0xAD, 0x7E, 0xC2, 0xD0, 0x00, 0x0D, 0x00, 0x00, 0x06, 0xED, 0x78, 0x1D, 0x31, 0x98, 0x4A,
    0x00, 0x58, 0x4A, 0x00, 0x58, 0x1D, 0x31, 0x98, 0x06, 0xED, 0x78, 0x00, 0x00, 0x58, 0x00, 0x00,
    0x58, 0x2F, 0xF6, 0xBF, 0x20, 0x07, 0x92, 0x00, 0x00, 0x76, 0x00, 0x00, 0x07, 0x60, 0x00, 0x00,
    0x76, 0x00, 0x02, 0xFF, 0xFF, 0x90, 0x05, 0xDF, 0xC2, 0x0D, 0x20, 0x43, 0x0B, 0xB8, 0x50, 0x01,
    0x57, 0xB8, 0x18, 0x21, 0x5A, 0x06, 0xDF, 0xC3, 0x00, 0xA3, 0x00, 0x00, 0xA3, 0x00, 0x9F, 0xFF,
    0xFC, 0x00, 0xA3, 0x00, 0x00, 0xA3, 0x00, 0x00, 0xA3, 0x00, 0x00, 0xA3, 0x00, 0x00, 0x6F, 0xFC,
    0xD0, 0x05, 0x8D, 0x00, 0x58, 0xD0, 0x05, 0x8D, 0x00, 0x58, 0xD4, 0x1A, 0x85, 0xEE, 0x98, 0x2B,
    0x00, 0x2B, 0x0C, 0x10, 0x76, 0x07, 0x60, 0xB1, 0x02, 0xB2, 0xA0, 0x00, 0xB7, 0x50, 0x00, 0x7E,
    0x10, 0x93, 0x4D, 0x08, 0x37, 0x57, 0xA1, 0xA1, 0x57, 0x96, 0x4B, 0x02, 0x9A, 0x37, 0xB0, 0x0B,
    0x90, 0xB9, 0x00, 0xD7, 0x0D, 0x70, 0x1D, 0x20, 0x78, 0x04, 0xC3, 0xC0, 0x00, 0x8E, 0x20, 0x00,
    0x9D, 0x30, 0x04, 0xA3, 0xC1, 0x1C, 0x10, 0x79, 0x3A, 0x00, 0x1C, 0x0C, 0x10, 0x76, 0x06, 0x70,
    0xC1, 0x01, 0xC4, 0x90, 0x00, 0x9C, 0x30, 0x00, 0x4C, 0x00, 0x00, 0x86, 0x00, 0x1F, 0xC1, 0x00,
    0x0E, 0xFF, 0xF8, 0x00, 0x01, 0xC3, 0x00, 0x1B, 0x40, 0x00, 0xB5, 0x00, 0x0A, 0x50, 0x00, 0x1F,
    0xFF, 0xFA, 0x04, 0xEF, 0x70, 0x65, 0x00, 0x01, 0x80, 0x00, 0x19, 0x30, 0xDF, 0xA0, 0x00, 0x1A,
    0x30, 0x00, 0xA1, 0x00, 0x47, 0x00, 0x06, 0x50, 0x00, 0x3F, 0xF7, 0x1A, 0x1A, 0x1A, 0x1A, 0x1A,
    0x1A, 0x1A, 0x1A, 0x1A, 0x1A, 0xDF, 0xC0, 0x00, 0x0B, 0x00, 0x02, 0x70, 0x00, 0x94, 0x00, 0x03,
    0xDF, 0x70, 0x95, 0x00, 0x06, 0x50, 0x00, 0x0B, 0x00, 0x00, 0xB0, 0x0D, 0xFC, 0x00, 0x09, 0xD2,
    0x0A, 0x2A, 0x4C, 0x2A, 0x55, 0x07, 0xE4, 0xFF, 0xFF, 0xFF, 0x90, 0x6E, 0x06, 0xE0,
];

const MONO_SMALL_GLYPHS: &[Glyph; 97] = &[
    Glyph {
        advance: 7,
        left: 0,
        top: 0,
        width: 0,
        height: 0,
        offset: 0,
    },
    Glyph {
        advance: 7,
        left: 2,
        top: -8,
        width: 3,
        height: 8,
        offset: 0,
    },
    Glyph {
        advance: 7,
        left: 1,
        top: -8,
        width: 4,
        height: 4,
        offset: 12,
    },
    Glyph {
        advance: 7,
        left: 0,
        top: -8,
        width: 7,
        height: 8,
        offset: 20,
    },
    Glyph {
        advance: 7,
        left: 0,
        top: -9,
        width: 7,
        height: 10,
        offset: 48,
    },
    Glyph {
        advance: 7,
        left: 0,
        top: -8,
        width: 7,
        height: 8,
        offset: 83,
    },
    Glyph {
        advance: 7,
        left: 0,
        top: -8,
        width: 7,
        height: 8,
        offset: 111,
    },
    Glyph {
        advance: 7,
        left: 2,
        top: -8,
        width: 2,
        height: 4,
        offset: 139,
    },
    Glyph {
        advance: 7,
        left: 2,
        top: -8,
        width: 4,
        height: 10,
        offset: 143,
    },
    Glyph {
        advance: 7,
        left: 1,
        top: -8,
        width: 4,
        height: 10,
        offset: 163,
    },
    Glyph {
        advance: 7,
        left: 0,
        top: -6,
        width: 7,
        height: 6,
        offset: 183,
    },
    Glyph {
        advance: 7,
        left: 0,
        top: -7,
        width: 6,
        height: 7,
        offset: 204,
    },
    Glyph {
        advance: 7,
        left: 2,
        top: -2,
        width: 3,
        height: 4,
        offset: 225,
    },
    Glyph {
        advance: 7,
        left: 1,
        top: -4,
        width: 4,
        height: 1,
        offset: 231,
    },
    Glyph {
        advance: 7,
        left: 2,
        top: -2,
        width: 3,
        height: 2,
        offset: 233,
    },
    Glyph {
        advance: 7,
        left: 1,
        top: -8,
        width: 5,
        height: 10,
        offset: 236,
    },
    Glyph {
        advance: 7,
        left: 0,
        top: -8,
        width: 6,
        height: 8,
        offset: 261,
    },
    Glyph {
        advance: 7,
        left: 0,
        top: -8,
        width: 7,
        height: 8,
        offset: 285,
    },
    Glyph {
        advance: 7,
        left: 0,
        top: -8,
        width: 6,
        height: 8,
        offset: 313,
    },
    Glyph {
        advance: 7,
        left: 0,
        top: -8,
        width: 6,
        height: 8,
        offset: 337,
    },
    Glyph {
        advance: 7,
        left: 0,
        top: -8,
        width: 7,
        height: 8,
        offset: 361,
    },
    Glyph {
        advance: 7,
        left: 0,
        top: -8,
        width: 6,
        height: 8,
        offset: 389,
    },
    Glyph {
        advance: 7,
        left: 0,
        top: -8,
        width: 6,
        height: 8,
        offset: 413,
    },
    Glyph {
        advance: 7,
        left: 0,
        top: -8,
        width: 6,
        height: 8,
        offset: 437,
    },
    Glyph {
        advance: 7,
        left: 0,
        top: -8,
        width: 6,
        height: 8,
        offset: 461,
    },
    Glyph {
        advance: 7,
        left: 0,
        top: -8,
        width: 6,
        height: 8,
        offset: 485,
    },
    Glyph {
        advance: 7,
        left: 2,
        top: -6,
        width: 3,
        height: 6,
        offset: 509,
    },
    Glyph {
        advance: 7,
        left: 2,
        top: -6,
        width: 3,
        height: 8,
        offset: 518,
    },
    Glyph {
        advance: 7,
        left: 0,
        top: -6,
        width: 6,
        height: 6,
        offset: 530,
    },
    Glyph {
        advance: 7,
        left: 0,
        top: -5,
        width: 6,
        height: 3,
        offset: 548,
    },
    Glyph {
        advance: 7,
        left: 0,
        top: -6,
        width: 6,
        height: 6,
        offset: 557,
    },
    Glyph {
        advance: 7,
        left: 0,
        top: -8,
        width: 6,
        height: 8,
        offset: 575,
    },
    Glyph {
        advance: 7,
        left: 0,
        top: -8,
        width: 6,
        height: 9,
        offset: 599,
    },
    Glyph {
        advance: 7,
        left: 0,
        top: -8,
        width: 7,
        height: 8,
        offset: 626,
    },
    Glyph {
        advance: 7,
        left: 0,
        top: -8,
        width: 6,
        height: 8,
        offset: 654,
    },
    Glyph {
        advance: 7,
        left: 0,
        top: -8,
        width: 6,
        height: 8,
        offset: 678,
    },
    Glyph {
        advance: 7,
        left: 1,
        top: -8,
        width: 5,
        height: 8,
        offset: 702,
    },
    Glyph {
        advance: 7,
        left: 0,
        top: -8,
        width: 6,
        height: 8,
        offset: 722,
    },
    Glyph {
        advance: 7,
        left: 0,
        top: -8,
        width: 6,
        height: 8,
        offset: 746,
    },
    Glyph {
        advance: 7,
        left: 0,
        top: -8,
        width: 6,
        height: 8,
        offset: 770,
    },
    Glyph {
        advance: 7,
        left: 0,
        top: -8,
        width: 6,
        height: 8,
        offset: 794,
    },
    Glyph {
        advance: 7,
        left: 0,
        top: -8,
        width: 6,
        height: 8,
        offset: 818,
    },
    Glyph {
        advance: 7,
        left: 0,
        top: -8,
        width: 6,
        height: 8,
        offset: 842,
    },
    Glyph {
        advance: 7,
        left: 0,
        top: -8,
        width: 7,
        height: 8,
        offset: 866,
    },
    Glyph {
        advance: 7,
        left: 1,
        top: -8,
        width: 5,
        height: 8,
        offset: 894,
    },
    Glyph {
        advance: 7,
        left: 0,
        top: -8,
        width: 6,
        height: 8,
        offset: 914,
    },
    Glyph {
        advance: 7,
        left: 0,
        top: -8,
        width: 6,
        height: 8,
        offset: 938,
    },
    Glyph {
        advance: 7,
        left: 0,
        top: -8,
        width: 6,
        height: 8,
        offset: 962,
    },
    Glyph {
        advance: 7,
        left: 0,
        top: -8,
        width: 6,
        height: 8,
        offset: 986,
    },
    Glyph {
        advance: 7,
        left: 0,
        top: -8,
        width: 6,
        height: 10,
        offset: 1010,
    },
    Glyph {
        advance: 7,
        left: 0,
        top: -8,
        width: 6,
        height: 8,
        offset: 1040,
    },
    Glyph {
        advance: 7,
        left: 0,
        top: -8,
        width: 6,
        height: 8,
        offset: 1064,
    },
    Glyph {
        advance: 7,
        left: 0,
        top: -8,
        width: 7,
        height: 8,
        offset: 1088,
    },
    Glyph {
        advance: 7,
        left: 0,
        top: -8,
        width: 6,
        height: 8,
        offset: 1116,
    },
    Glyph {
        advance: 7,
        left: 0,
        top: -8,
        width: 7,
        height: 8,
        offset: 1140,
    },
    Glyph {
        advance: 7,
        left: 0,
        top: -8,
        width: 7,
        height: 8,
        offset: 1168,
    },
    Glyph {
        advance: 7,
        left: 0,
        top: -8,
        width: 7,
        height: 8,
        offset: 1196,
    },
    Glyph {
        advance: 7,
        left: 0,
        top: -8,
        width: 7,
        height: 8,
        offset: 1224,
    },
    Glyph {
        advance: 7,
        left: 0,
        top: -8,
        width: 7,
        height: 8,
        offset: 1252,
    },
    Glyph {
        advance: 7,
        left: 2,
        top: -8,
        width: 4,
        height: 10,
        offset: 1280,
    },
    Glyph {
        advance: 7,
        left: 1,
        top: -8,
        width: 5,
        height: 10,
        offset: 1300,
    },
    Glyph {
        advance: 7,
        left: 1,
        top: -8,
        width: 4,
        height: 10,
        offset: 1325,
    },
    Glyph {
        advance: 7,
        left: 0,
        top: -8,
        width: 7,
        height: 5,
        offset: 1345,
    },
    Glyph {
        advance: 7,
        left: 0,
        top: 1,
        width: 6,
        height: 1,
        offset: 1363,
    },
    Glyph {
        advance: 7,
        left: 2,
        top: -10,
        width: 2,
        height: 3,
        offset: 1366,
    },
    Glyph {
        advance: 7,
        left: 0,
        top: -6,
        width: 7,
        height: 6,
        offset: 1369,
    },
    Glyph {
        advance: 7,
        left: 1,
        top: -8,
        width: 5,
        height: 8,
        offset: 1390,
    },
    Glyph {
        advance: 7,
        left: 0,
        top: -6,
        width: 6,
        height: 6,
        offset: 1410,
    },
    Glyph {
        advance: 7,
        left: 0,
        top: -8,
        width: 6,
        height: 8,
        offset: 1428,
    },
    Glyph {
        advance: 7,
        left: 0,
        top: -6,
        width: 6,
        height: 6,
        offset: 1452,
    },
    Glyph {
        advance: 7,
        left: 0,
        top: -8,
        width: 6,
        height: 8,
        offset: 1470,
    },
    Glyph {
        advance: 7,
        left: 0,
        top: -7,
        width: 7,
        height: 9,
        offset: 1494,
    },
    Glyph {
        advance: 7,
        left: 1,
        top: -8,
        width: 5,
        height: 8,
        offset: 1526,
    },
    Glyph {
        advance: 7,
        left: 1,
        top: -8,
        width: 5,
        height: 8,
        offset: 1546,
    },
    Glyph {
        advance: 7,
        left: 1,
        top: -8,
        width: 4,
        height: 10,
        offset: 1566,
    },
    Glyph {
        advance: 7,
        left: 1,
        top: -8,
        width: 6,
        height: 8,
        offset: 1586,
    },
    Glyph {
        advance: 7,
        left: 0,
        top: -8,
        width: 6,
        height: 8,
        offset: 1610,
    },
    Glyph {
        advance: 7,
        left: 0,
        top: -6,
        width: 6,
        height: 6,
        offset: 1634,
    },
    Glyph {
        advance: 7,
        left: 1,
        top: -6,
        width: 5,
        height: 6,
        offset: 1652,
    },
    Glyph {
        advance: 7,
        left: 0,
        top: -6,
        width: 6,
        height: 6,
        offset: 1667,
    },
    Glyph {
        advance: 7,
        left: 1,
        top: -6,
        width: 5,
        height: 8,
        offset: 1685,
    },
    Glyph {
        advance: 7,
        left: 0,
        top: -6,
        width: 6,
        height: 8,
        offset: 1705,
    },
    Glyph {
        advance: 7,
        left: 0,
        top: -6,
        width: 7,
        height: 6,
        offset: 1729,
    },
    Glyph {
        advance: 7,
        left: 0,
        top: -6,
        width: 6,
        height: 6,
        offset: 1750,
    },
    Glyph {
        advance: 7,
        left: 0,
        top: -8,
        width: 6,
        height: 8,
        offset: 1768,
    },
    Glyph {
        advance: 7,
        left: 1,
        top: -6,
        width: 5,
        height: 6,
        offset: 1792,
    },
    Glyph {
        advance: 7,
        left: 0,
        top: -6,
        width: 6,
        height: 6,
        offset: 1807,
    },
    Glyph {
        advance: 7,
        left: 0,
        top: -6,
        width: 7,
        height: 6,
        offset: 1825,
    },
    Glyph {
        advance: 7,
        left: 0,
        top: -6,
        width: 6,
        height: 6,
        offset: 1846,
    },
    Glyph {
        advance: 7,
        left: 0,
        top: -6,
        width: 6,
        height: 8,
        offset: 1864,
    },
    Glyph {
        advance: 7,
        left: 0,
        top: -6,
        width: 6,
        height: 6,
        offset: 1888,
    },
    Glyph {
        advance: 7,
        left: 1,
        top: -8,
        width: 5,
        height: 10,
        offset: 1906,
    },
    Glyph {
        advance: 7,
        left: 2,
        top: -8,
        width: 2,
        height: 10,
        offset: 1931,
    },
    Glyph {
        advance: 7,
        left: 1,
        top: -8,
        width: 5,
        height: 10,
        offset: 1941,
    },
    Glyph {
        advance: 7,
        left: 0,
        top: -5,
        width: 6,
        height: 3,
        offset: 1966,
    },
    Glyph {
        advance: 7,
        left: 0,
        top: -4,
        width: 7,
        height: 1,
        offset: 1975,
    },
    Glyph {
        advance: 7,
        left: 2,
        top: -4,
        width: 3,
        height: 2,
        offset: 1979,
    },
];

pub(super) const MONO_SMALL: Font = Font {
    ascent: 12,
    descent: 4,
    glyphs: MONO_SMALL_GLYPHS,
    data: MONO_SMALL_DATA,
};
